1574784240000,210.8,211.1,210.8,211.0,4.2887,2019-11-26T16:04:00.000000Z
1574784300000,211.1,211.5,211.0,211.5,6.5738,2019-11-26T16:05:00.000000Z
1574784360000,211.5,211.6,211.3,211.5,1.9054,2019-11-26T16:06:00.000000Z
1574784420000,211.4,211.4,211.0,211.2,16.5575,2019-11-26T16:07:00.000000Z
1574784480000,211.2,211.2,210.6,210.7,4.5232,2019-11-26T16:08:00.000000Z
1574784540000,210.8,210.8,210.8,210.8,0.2966,2019-11-26T16:09:00.000000Z
1574784600000,210.9,210.9,210.9,210.9,0.5417,2019-11-26T16:10:00.000000Z
1574784660000,211.0,211.3,211.0,211.2,4.562,2019-11-26T16:11:00.000000Z
1574784720000,211.2,211.4,211.1,211.1,6.3073,2019-11-26T16:12:00.000000Z
1574784780000,211.1,211.3,211.0,211.1,1.4262,2019-11-26T16:13:00.000000Z
1574784840000,211.1,211.1,211.0,211.1,1.0769,2019-11-26T16:14:00.000000Z
1574784900000,211.1,211.3,211.1,211.3,1.118,2019-11-26T16:15:00.000000Z
1574784960000,211.4,211.4,211.3,211.3,0.8385,2019-11-26T16:16:00.000000Z
1574785020000,211.2,211.2,210.8,210.8,11.8461,2019-11-26T16:17:00.000000Z
1574785080000,210.9,211.0,210.7,210.7,21.885,2019-11-26T16:18:00.000000Z
1574785140000,210.7,210.7,210.6,210.7,1.2656,2019-11-26T16:19:00.000000Z
1574785200000,210.7,210.7,210.7,210.7,0.47,2019-11-26T16:20:00.000000Z
1574785260000,210.6,210.6,210.4,210.4,9.3726,2019-11-26T16:21:00.000000Z
1574785320000,210.5,210.6,210.4,210.4,2.0879,2019-11-26T16:22:00.000000Z
1574785380000,210.3,210.3,210.2,210.3,13.7899,2019-11-26T16:23:00.000000Z
1574785440000,210.2,210.3,210.2,210.3,0.597,2019-11-26T16:24:00.000000Z
1574785500000,210.3,210.3,210.2,210.2,0.593,2019-11-26T16:25:00.000000Z
1574785560000,210.2,210.3,210.2,210.3,0.4885,2019-11-26T16:26:00.000000Z
1574785620000,210.3,210.6,210.3,210.6,1.5562,2019-11-26T16:27:00.000000Z
1574785680000,210.6,210.6,210.6,210.6,12.0585,2019-11-26T16:28:00.000000Z
1574785740000,210.7,210.7,210.7,210.7,1.1335,2019-11-26T16:29:00.000000Z
1574785800000,210.8,210.9,210.8,210.9,2.1177,2019-11-26T16:30:00.000000Z
1574785860000,210.9,211.0,210.9,211.0,5.1194,2019-11-26T16:31:00.000000Z
1574785920000,210.9,210.9,210.9,210.9,0.0955,2019-11-26T16:32:00.000000Z
1574785980000,210.9,210.9,210.8,210.8,0.3544,2019-11-26T16:33:00.000000Z
1574786040000,210.8,210.8,210.8,210.8,0.26,2019-11-26T16:34:00.000000Z
1574786100000,210.8,210.8,210.6,210.7,0.7716,2019-11-26T16:35:00.000000Z
1574786160000,210.6,210.6,210.5,210.6,1.2518,2019-11-26T16:36:00.000000Z
1574786220000,210.5,210.5,210.5,210.5,0.05,2019-11-26T16:37:00.000000Z
1574786280000,210.6,210.6,210.6,210.6,0.05,2019-11-26T16:38:00.000000Z
1574786340000,210.5,210.5,210.5,210.5,0.05,2019-11-26T16:39:00.000000Z
1574786400000,210.5,210.6,210.4,210.5,1.0789,2019-11-26T16:40:00.000000Z
1574786460000,210.4,210.4,210.0,210.0,7.7501,2019-11-26T16:41:00.000000Z
1574786520000,210.0,210.0,209.9,210.0,1.5401,2019-11-26T16:42:00.000000Z
1574786580000,209.9,209.9,209.7,209.8,2.4653,2019-11-26T16:43:00.000000Z
1574786640000,209.8,210.1,209.8,210.0,2.3304,2019-11-26T16:44:00.000000Z
1574786700000,210.1,210.1,210.1,210.1,0.0998,2019-11-26T16:45:00.000000Z
1574786760000,209.9,209.9,209.9,209.9,0.2546,2019-11-26T16:46:00.000000Z
1574786820000,209.9,209.9,209.8,209.8,1.1347,2019-11-26T16:47:00.000000Z
1574786880000,209.9,210.0,209.9,210.0,1.3719,2019-11-26T16:48:00.000000Z
1574786940000,210.1,210.1,209.9,210.0,0.4799,2019-11-26T16:49:00.000000Z
1574787000000,209.9,209.9,209.9,209.9,0.05,2019-11-26T16:50:00.000000Z
1574787060000,209.9,209.9,209.8,209.9,0.42,2019-11-26T16:51:00.000000Z
1574787120000,210.0,210.3,210.0,210.3,1.6121,2019-11-26T16:52:00.000000Z
1574787180000,210.3,210.6,210.3,210.3,2.0457,2019-11-26T16:53:00.000000Z
1574787240000,210.2,210.2,210.2,210.2,0.26,2019-11-26T16:54:00.000000Z
1574787300000,210.3,210.4,210.3,210.4,0.3979,2019-11-26T16:55:00.000000Z
1574787360000,210.4,210.4,210.4,210.4,0.0,2019-11-26T16:56:00.000000Z
1574787420000,210.4,210.5,210.4,210.5,0.2625,2019-11-26T16:57:00.000000Z
1574787480000,210.5,210.9,210.5,210.9,3.741,2019-11-26T16:58:00.000000Z
1574787540000,210.9,211.2,210.9,211.1,17.8224,2019-11-26T16:59:00.000000Z
1574787600000,211.0,211.0,210.9,211.0,0.9853,2019-11-26T17:00:00.000000Z
1574787660000,210.9,211.0,210.9,210.9,0.882,2019-11-26T17:01:00.000000Z
1574787720000,210.9,210.9,210.8,210.8,0.6876,2019-11-26T17:02:00.000000Z
1574787780000,210.7,210.7,210.4,210.5,2.9596,2019-11-26T17:03:00.000000Z
1574787840000,210.4,210.5,209.8,210.5,25.1819,2019-11-26T17:04:00.000000Z
1574787900000,210.3,210.4,209.8,209.8,5.972,2019-11-26T17:05:00.000000Z
1574787960000,210.0,210.2,210.0,210.1,2.5246,2019-11-26T17:06:00.000000Z
1574788020000,210.2,210.2,210.1,210.1,0.7234,2019-11-26T17:07:00.000000Z
1574788080000,210.1,210.3,210.1,210.3,2.2474,2019-11-26T17:08:00.000000Z
1574788140000,210.1,210.1,209.8,209.9,2.0152,2019-11-26T17:09:00.000000Z
1574788200000,209.8,209.8,209.5,209.5,2.0864,2019-11-26T17:10:00.000000Z
1574788260000,209.5,209.5,209.2,209.5,3.1213,2019-11-26T17:11:00.000000Z
1574788320000,209.6,209.8,209.6,209.6,1.6789,2019-11-26T17:12:00.000000Z
1574788380000,209.6,209.6,209.6,209.6,0.23,2019-11-26T17:13:00.000000Z
1574788440000,209.7,209.7,209.7,209.7,0.05,2019-11-26T17:14:00.000000Z
1574788500000,209.6,209.6,209.5,209.5,0.5632,2019-11-26T17:15:00.000000Z
1574788560000,209.4,209.4,209.1,209.3,4.8718,2019-11-26T17:16:00.000000Z
1574788620000,209.4,209.5,209.4,209.5,1.6244,2019-11-26T17:17:00.000000Z
1574788680000,209.4,209.6,209.3,209.6,1.7956,2019-11-26T17:18:00.000000Z
1574788740000,209.6,209.6,209.5,209.6,0.9131,2019-11-26T17:19:00.000000Z
1574788800000,209.5,209.5,209.5,209.5,0.1944,2019-11-26T17:20:00.000000Z
1574788860000,209.4,209.6,209.2,209.3,1.7195,2019-11-26T17:21:00.000000Z
1574788920000,209.3,209.4,209.3,209.4,0.5487,2019-11-26T17:22:00.000000Z
1574788980000,209.3,209.3,209.3,209.3,0.05,2019-11-26T17:23:00.000000Z
1574789040000,209.4,209.6,209.3,209.3,3.5928,2019-11-26T17:24:00.000000Z
1574789100000,209.4,209.8,209.4,209.8,2.8781,2019-11-26T17:25:00.000000Z
1574789160000,209.8,210.2,209.8,210.0,3.2279,2019-11-26T17:26:00.000000Z
1574789220000,210.1,210.1,209.9,209.9,2.3384,2019-11-26T17:27:00.000000Z
1574789280000,210.0,210.0,210.0,210.0,0.45,2019-11-26T17:28:00.000000Z
1574789340000,210.0,210.0,209.9,209.9,0.3892,2019-11-26T17:29:00.000000Z
1574789400000,209.9,209.9,209.8,209.9,1.1608,2019-11-26T17:30:00.000000Z
1574789460000,209.8,209.8,209.6,209.6,3.7136,2019-11-26T17:31:00.000000Z
1574789520000,209.6,209.7,209.6,209.7,0.3,2019-11-26T17:32:00.000000Z
1574789580000,209.7,210.1,209.7,210.1,26.0524,2019-11-26T17:33:00.000000Z
1574789640000,210.0,210.0,210.0,210.0,0.1198,2019-11-26T17:34:00.000000Z
1574789700000,210.2,210.2,210.2,210.2,0.7148,2019-11-26T17:35:00.000000Z
1574789760000,210.2,210.2,209.8,209.8,3.6744,2019-11-26T17:36:00.000000Z
1574789820000,209.9,210.2,209.9,210.0,3.7224,2019-11-26T17:37:00.000000Z
1574789880000,210.0,210.0,210.0,210.0,0.0576,2019-11-26T17:38:00.000000Z
1574789940000,209.9,209.9,209.9,209.9,0.5076,2019-11-26T17:39:00.000000Z
1574790000000,209.9,210.3,209.9,210.0,4.4436,2019-11-26T17:40:00.000000Z
1574790060000,210.0,210.0,210.0,210.0,0.23,2019-11-26T17:41:00.000000Z
1574790120000,210.1,210.1,210.1,210.1,0.44,2019-11-26T17:42:00.000000Z
1574790180000,210.0,210.0,210.0,210.0,0.26,2019-11-26T17:43:00.000000Z
1574790240000,210.1,210.1,210.0,210.0,0.3176,2019-11-26T17:44:00.000000Z
1574790300000,210.1,210.1,210.1,210.1,0.26,2019-11-26T17:45:00.000000Z
1574790360000,210.1,210.1,210.1,210.1,0.0529,2019-11-26T17:46:00.000000Z
1574790420000,210.0,210.0,210.0,210.0,0.3876,2019-11-26T17:47:00.000000Z
1574790480000,210.0,210.0,210.0,210.0,0.0,2019-11-26T17:48:00.000000Z
1574790540000,209.9,209.9,209.8,209.9,1.1995,2019-11-26T17:49:00.000000Z
1574790600000,209.9,209.9,209.9,209.9,0.0,2019-11-26T17:50:00.000000Z
1574790660000,209.9,210.0,209.9,210.0,0.05,2019-11-26T17:51:00.000000Z
1574790720000,210.0,210.0,210.0,210.0,1.7,2019-11-26T17:52:00.000000Z
1574790780000,209.9,209.9,209.9,209.9,0.05,2019-11-26T17:53:00.000000Z
1574790840000,209.9,209.9,209.9,209.9,0.0,2019-11-26T17:54:00.000000Z
1574790900000,210.1,210.2,210.1,210.1,3.3129,2019-11-26T17:55:00.000000Z
1574790960000,210.2,210.2,210.2,210.2,1.35,2019-11-26T17:56:00.000000Z
1574791020000,210.1,210.1,210.1,210.1,0.2101,2019-11-26T17:57:00.000000Z
1574791080000,210.0,210.0,210.0,210.0,0.71,2019-11-26T17:58:00.000000Z
1574791140000,210.1,210.1,210.1,210.1,0.4299,2019-11-26T17:59:00.000000Z
1574791200000,210.2,210.3,210.2,210.2,1.7413,2019-11-26T18:00:00.000000Z
1574791260000,210.2,210.2,210.2,210.2,0.135,2019-11-26T18:01:00.000000Z
1574791320000,210.1,210.1,210.1,210.1,0.3876,2019-11-26T18:02:00.000000Z
1574791380000,210.1,210.3,210.1,210.3,9.9776,2019-11-26T18:03:00.000000Z
1574791440000,210.2,210.3,210.2,210.3,0.64,2019-11-26T18:04:00.000000Z
1574791500000,210.3,210.3,210.3,210.3,0.0504,2019-11-26T18:05:00.000000Z
1574791560000,210.2,210.2,209.9,210.2,6.2671,2019-11-26T18:06:00.000000Z
1574791620000,210.2,210.2,210.0,210.0,2.7131,2019-11-26T18:07:00.000000Z
1574791680000,210.0,210.0,209.9,209.9,0.4186,2019-11-26T18:08:00.000000Z
1574791740000,209.8,209.9,209.7,209.7,2.9037,2019-11-26T18:09:00.000000Z
1574791800000,209.8,209.8,209.3,209.5,4.7377,2019-11-26T18:10:00.000000Z
1574791860000,209.6,209.6,209.4,209.4,0.8804,2019-11-26T18:11:00.000000Z
1574791920000,209.5,209.5,209.0,209.4,15.6466,2019-11-26T18:12:00.000000Z
1574791980000,209.5,209.6,209.4,209.5,3.148,2019-11-26T18:13:00.000000Z
1574792040000,209.5,209.7,209.5,209.6,3.4243,2019-11-26T18:14:00.000000Z
1574792100000,209.7,209.7,209.7,209.7,0.26,2019-11-26T18:15:00.000000Z
1574792160000,209.7,210.0,209.7,210.0,4.4376,2019-11-26T18:16:00.000000Z
1574792220000,209.9,209.9,209.8,209.8,1.1269,2019-11-26T18:17:00.000000Z
1574792280000,209.9,209.9,209.9,209.9,0.38,2019-11-26T18:18:00.000000Z
1574792340000,209.9,210.0,209.9,210.0,0.05,2019-11-26T18:19:00.000000Z
1574792400000,209.9,209.9,209.9,209.9,0.05,2019-11-26T18:20:00.000000Z
1574792460000,210.0,210.1,210.0,210.1,2.2176,2019-11-26T18:21:00.000000Z
1574792520000,210.2,210.2,209.9,210.0,4.3896,2019-11-26T18:22:00.000000Z
1574792580000,210.1,210.4,210.1,210.3,7.4058,2019-11-26T18:23:00.000000Z
1574792640000,210.4,210.4,210.2,210.3,2.142,2019-11-26T18:24:00.000000Z
1574792700000,210.3,210.4,210.3,210.4,1.2653,2019-11-26T18:25:00.000000Z
1574792760000,210.4,210.5,210.4,210.4,1.2062,2019-11-26T18:26:00.000000Z
1574792820000,210.4,210.4,210.3,210.4,1.6106,2019-11-26T18:27:00.000000Z
1574792880000,210.3,210.3,210.2,210.3,0.8597,2019-11-26T18:28:00.000000Z
1574792940000,210.3,210.4,210.3,210.4,0.05,2019-11-26T18:29:00.000000Z
1574793000000,210.3,210.3,210.3,210.3,0.1379,2019-11-26T18:30:00.000000Z
1574793060000,210.4,210.4,210.3,210.3,0.6271,2019-11-26T18:31:00.000000Z
1574793120000,210.3,210.3,210.3,210.3,0.05,2019-11-26T18:32:00.000000Z
1574793180000,210.4,210.5,210.4,210.5,0.0512,2019-11-26T18:33:00.000000Z
1574793240000,210.5,210.5,210.5,210.5,0.33,2019-11-26T18:34:00.000000Z
1574793300000,210.4,210.4,210.4,210.4,0.3,2019-11-26T18:35:00.000000Z
1574793360000,210.5,210.5,210.5,210.5,0.51,2019-11-26T18:36:00.000000Z
1574793420000,210.4,210.4,210.4,210.4,0.13,2019-11-26T18:37:00.000000Z
1574793480000,210.4,210.4,210.4,210.4,0.2564,2019-11-26T18:38:00.000000Z
1574793540000,210.3,210.3,210.3,210.3,0.05,2019-11-26T18:39:00.000000Z
1574793600000,210.3,210.3,210.1,210.1,1.4959,2019-11-26T18:40:00.000000Z
1574793660000,210.0,210.0,209.8,209.8,2.4757,2019-11-26T18:41:00.000000Z
1574793720000,209.9,210.1,209.9,210.0,1.2564,2019-11-26T18:42:00.000000Z
1574793780000,209.9,209.9,209.8,209.9,21.1812,2019-11-26T18:43:00.000000Z
1574793840000,209.8,209.8,209.6,209.6,1.7249,2019-11-26T18:44:00.000000Z
1574793900000,209.7,210.3,209.7,210.2,22.8253,2019-11-26T18:45:00.000000Z
1574793960000,210.3,210.3,210.2,210.3,1.1044,2019-11-26T18:46:00.000000Z
1574794020000,210.3,210.4,210.3,210.4,0.9274,2019-11-26T18:47:00.000000Z
1574794080000,210.4,210.5,210.4,210.4,0.74,2019-11-26T18:48:00.000000Z
1574794140000,210.4,210.5,210.4,210.5,0.1076,2019-11-26T18:49:00.000000Z
1574794200000,210.3,210.3,210.2,210.3,1.6129,2019-11-26T18:50:00.000000Z
1574794260000,210.3,210.4,210.3,210.3,1.7871,2019-11-26T18:51:00.000000Z
1574794320000,210.3,210.3,210.3,210.3,0.05,2019-11-26T18:52:00.000000Z
1574794380000,210.3,210.5,210.3,210.4,4.4025,2019-11-26T18:53:00.000000Z
1574794440000,210.4,210.4,210.4,210.4,0.38,2019-11-26T18:54:00.000000Z
1574794500000,210.5,210.5,210.5,210.5,0.05,2019-11-26T18:55:00.000000Z
1574794560000,210.4,210.5,210.4,210.5,0.66,2019-11-26T18:56:00.000000Z
1574794620000,210.5,210.6,210.5,210.5,2.2833,2019-11-26T18:57:00.000000Z
1574794680000,210.6,210.7,210.3,210.4,4.6027,2019-11-26T18:58:00.000000Z
1574794740000,210.4,210.4,210.4,210.4,0.1962,2019-11-26T18:59:00.000000Z
1574794800000,210.3,210.3,210.3,210.3,0.05,2019-11-26T19:00:00.000000Z
1574794860000,210.4,210.6,210.4,210.5,2.2152,2019-11-26T19:01:00.000000Z
1574794920000,210.5,210.5,210.4,210.4,4.76,2019-11-26T19:02:00.000000Z
1574794980000,210.5,210.5,210.5,210.5,0.38,2019-11-26T19:03:00.000000Z
1574795040000,210.4,210.5,210.4,210.5,0.3592,2019-11-26T19:04:00.000000Z
1574795100000,210.4,210.4,210.4,210.4,0.12,2019-11-26T19:05:00.000000Z
1574795160000,210.4,210.4,210.4,210.4,0.05,2019-11-26T19:06:00.000000Z
1574795220000,210.3,210.3,210.3,210.3,0.8,2019-11-26T19:07:00.000000Z
1574795280000,210.4,210.4,210.4,210.4,0.05,2019-11-26T19:08:00.000000Z
1574795340000,210.3,210.3,210.3,210.3,0.1098,2019-11-26T19:09:00.000000Z
1574795400000,210.3,210.3,210.2,210.2,3.6429,2019-11-26T19:10:00.000000Z
1574795460000,210.2,210.2,210.0,210.0,2.4536,2019-11-26T19:11:00.000000Z
1574795520000,210.1,210.1,210.0,210.0,0.7655,2019-11-26T19:12:00.000000Z
1574795580000,210.0,210.1,209.9,210.0,2.936,2019-11-26T19:13:00.000000Z
1574795640000,210.0,210.0,210.0,210.0,0.14,2019-11-26T19:14:00.000000Z
1574795700000,210.1,210.3,210.1,210.2,1.5849,2019-11-26T19:15:00.000000Z
1574795760000,210.2,210.2,210.1,210.1,1.788,2019-11-26T19:16:00.000000Z
1574795820000,210.2,210.2,210.2,210.2,0.05,2019-11-26T19:17:00.000000Z
1574795880000,210.2,210.2,210.2,210.2,3.37,2019-11-26T19:18:00.000000Z
1574795940000,210.2,210.3,210.2,210.3,0.62,2019-11-26T19:19:00.000000Z
1574796000000,210.3,210.7,210.3,210.7,3.746,2019-11-26T19:20:00.000000Z
1574796060000,210.6,210.6,210.4,210.5,1.7981,2019-11-26T19:21:00.000000Z
1574796120000,210.6,210.6,210.6,210.6,0.33,2019-11-26T19:22:00.000000Z
1574796180000,210.5,210.5,210.4,210.5,2.2909,2019-11-26T19:23:00.000000Z
1574796240000,210.5,210.6,210.5,210.6,0.5876,2019-11-26T19:24:00.000000Z
1574796300000,210.5,210.5,210.5,210.5,0.05,2019-11-26T19:25:00.000000Z
1574796360000,210.6,210.7,210.6,210.7,4.9549,2019-11-26T19:26:00.000000Z
1574796420000,210.6,210.6,210.6,210.6,0.4757,2019-11-26T19:27:00.000000Z
1574796480000,210.5,210.5,210.2,210.3,2.6792,2019-11-26T19:28:00.000000Z
1574796540000,210.3,210.3,210.3,210.3,0.19,2019-11-26T19:29:00.000000Z
1574796600000,210.3,210.3,210.3,210.3,0.27,2019-11-26T19:30:00.000000Z
1574796660000,210.3,210.3,210.3,210.3,0.05,2019-11-26T19:31:00.000000Z
1574796720000,210.3,210.3,210.2,210.2,0.3,2019-11-26T19:32:00.000000Z
1574796780000,210.2,210.2,210.2,210.2,0.05,2019-11-26T19:33:00.000000Z
1574796840000,210.3,210.6,210.3,210.6,2.1111,2019-11-26T19:34:00.000000Z
1574796900000,210.5,210.9,210.5,210.7,6.1371,2019-11-26T19:35:00.000000Z
1574796960000,210.8,211.1,210.6,211.0,8.6784,2019-11-26T19:36:00.000000Z
1574797020000,211.0,211.1,210.2,210.5,25.547,2019-11-26T19:37:00.000000Z
1574797080000,210.5,210.6,210.3,210.5,5.4785,2019-11-26T19:38:00.000000Z
1574797140000,210.5,210.6,210.1,210.2,8.4562,2019-11-26T19:39:00.000000Z
1574797200000,210.3,210.3,210.2,210.2,1.9173,2019-11-26T19:40:00.000000Z
1574797260000,210.2,210.2,210.0,210.2,2.7762,2019-11-26T19:41:00.000000Z
1574797320000,210.3,210.3,210.1,210.3,3.1368,2019-11-26T19:42:00.000000Z
1574797380000,210.2,210.2,210.1,210.1,21.8555,2019-11-26T19:43:00.000000Z
1574797440000,210.2,210.2,210.1,210.1,20.11,2019-11-26T19:44:00.000000Z
1574797500000,210.2,210.2,210.1,210.2,1.44,2019-11-26T19:45:00.000000Z
1574797560000,210.2,210.2,210.2,210.2,0.3112,2019-11-26T19:46:00.000000Z
1574797620000,210.1,210.1,210.1,210.1,0.38,2019-11-26T19:47:00.000000Z
1574797680000,210.2,210.2,210.1,210.1,0.4,2019-11-26T19:48:00.000000Z
1574797740000,210.1,210.2,210.1,210.2,1.2939,2019-11-26T19:49:00.000000Z
1574797800000,210.1,210.2,210.1,210.2,0.36,2019-11-26T19:50:00.000000Z
1574797860000,210.2,210.2,210.2,210.2,0.05,2019-11-26T19:51:00.000000Z
1574797920000,210.3,210.5,210.3,210.5,1.7752,2019-11-26T19:52:00.000000Z
1574797980000,210.5,210.5,210.3,210.3,1.3626,2019-11-26T19:53:00.000000Z
1574798040000,210.3,210.3,210.2,210.3,0.6476,2019-11-26T19:54:00.000000Z
1574798100000,210.2,210.2,210.2,210.2,0.1301,2019-11-26T19:55:00.000000Z
1574798160000,210.1,210.2,210.1,210.2,0.2574,2019-11-26T19:56:00.000000Z
1574798220000,210.1,210.2,210.1,210.2,0.979,2019-11-26T19:57:00.000000Z
1574798280000,210.1,210.1,210.1,210.1,0.05,2019-11-26T19:58:00.000000Z
1574798340000,210.2,210.2,210.2,210.2,0.05,2019-11-26T19:59:00.000000Z
1574798400000,210.1,210.2,210.0,210.2,2.0495,2019-11-26T20:00:00.000000Z
1574798460000,210.1,210.2,210.1,210.2,0.9325,2019-11-26T20:01:00.000000Z
1574798520000,210.2,210.2,210.2,210.2,1.233,2019-11-26T20:02:00.000000Z
1574798580000,210.2,210.2,210.2,210.2,0.05,2019-11-26T20:03:00.000000Z
1574798640000,210.3,210.4,210.3,210.3,2.7682,2019-11-26T20:04:00.000000Z
1574798700000,210.3,210.4,210.3,210.4,0.3872,2019-11-26T20:05:00.000000Z
1574798760000,210.3,210.3,210.3,210.3,0.46,2019-11-26T20:06:00.000000Z
1574798820000,210.4,210.4,210.4,210.4,0.34,2019-11-26T20:07:00.000000Z
1574798880000,210.5,210.5,210.5,210.5,0.43,2019-11-26T20:08:00.000000Z
1574798940000,210.4,210.4,210.3,210.3,0.6531,2019-11-26T20:09:00.000000Z
1574799000000,210.4,210.4,210.4,210.4,0.38,2019-11-26T20:10:00.000000Z
1574799060000,210.4,210.5,210.4,210.5,0.05,2019-11-26T20:11:00.000000Z
1574799120000,210.5,210.5,210.4,210.5,1.2528,2019-11-26T20:12:00.000000Z
1574799180000,210.5,210.7,210.5,210.5,3.24,2019-11-26T20:13:00.000000Z
1574799240000,210.5,210.5,210.4,210.4,0.11,2019-11-26T20:14:00.000000Z
1574799300000,210.5,210.5,210.5,210.5,0.13,2019-11-26T20:15:00.000000Z
1574799360000,210.4,210.4,210.4,210.4,0.2497,2019-11-26T20:16:00.000000Z
1574799420000,210.4,210.4,210.4,210.4,0.2449,2019-11-26T20:17:00.000000Z
1574799480000,210.5,210.5,210.5,210.5,0.05,2019-11-26T20:18:00.000000Z
1574799540000,210.4,210.4,210.4,210.4,0.4137,2019-11-26T20:19:00.000000Z
1574799600000,210.4,210.5,210.4,210.5,0.6401,2019-11-26T20:20:00.000000Z
1574799660000,210.4,210.4,210.4,210.4,0.5897,2019-11-26T20:21:00.000000Z
1574799720000,210.4,210.4,210.4,210.4,0.05,2019-11-26T20:22:00.000000Z
1574799780000,210.5,210.5,210.5,210.5,0.05,2019-11-26T20:23:00.000000Z
1574799840000,210.5,210.7,210.5,210.5,1.3478,2019-11-26T20:24:00.000000Z
1574799900000,210.6,210.6,210.3,210.4,9.2639,2019-11-26T20:25:00.000000Z
1574799960000,210.5,210.5,210.4,210.4,0.6297,2019-11-26T20:26:00.000000Z
1574800020000,210.4,210.4,210.3,210.4,2.5576,2019-11-26T20:27:00.000000Z
1574800080000,210.3,210.3,210.3,210.3,0.05,2019-11-26T20:28:00.000000Z
1574800140000,210.4,210.5,210.4,210.4,1.2764,2019-11-26T20:29:00.000000Z
1574800200000,210.3,210.3,210.3,210.3,0.6376,2019-11-26T20:30:00.000000Z
1574800260000,210.2,210.3,210.2,210.3,1.29,2019-11-26T20:31:00.000000Z
1574800320000,210.2,210.3,210.2,210.3,0.3953,2019-11-26T20:32:00.000000Z
1574800380000,210.3,210.4,210.3,210.4,0.05,2019-11-26T20:33:00.000000Z
1574800440000,210.2,210.2,210.2,210.2,0.7307,2019-11-26T20:34:00.000000Z
1574800500000,210.3,210.3,210.3,210.3,0.38,2019-11-26T20:35:00.000000Z
1574800560000,210.3,210.3,210.3,210.3,0.0576,2019-11-26T20:36:00.000000Z
1574800620000,210.4,210.5,210.4,210.5,2.1268,2019-11-26T20:37:00.000000Z
1574800680000,210.6,210.6,210.6,210.6,0.05,2019-11-26T20:38:00.000000Z
1574800740000,210.6,210.6,210.6,210.6,0.275,2019-11-26T20:39:00.000000Z
1574800800000,210.5,210.5,210.5,210.5,0.3876,2019-11-26T20:40:00.000000Z
1574800860000,210.4,210.4,210.4,210.4,0.05,2019-11-26T20:41:00.000000Z
1574800920000,210.4,210.4,210.4,210.4,0.0,2019-11-26T20:42:00.000000Z
1574800980000,210.5,210.5,210.5,210.5,0.05,2019-11-26T20:43:00.000000Z
1574801040000,210.6,210.6,210.6,210.6,0.05,2019-11-26T20:44:00.000000Z
1574801100000,210.5,210.6,210.5,210.6,0.91,2019-11-26T20:45:00.000000Z
1574801160000,210.5,210.5,210.5,210.5,0.05,2019-11-26T20:46:00.000000Z
1574801220000,210.6,210.8,210.6,210.8,9.4501,2019-11-26T20:47:00.000000Z
1574801280000,210.9,210.9,210.8,210.9,24.8303,2019-11-26T20:48:00.000000Z
1574801340000,211.0,211.2,211.0,211.0,9.359,2019-11-26T20:49:00.000000Z
1574801400000,211.0,211.1,211.0,211.1,4.3846,2019-11-26T20:50:00.000000Z
1574801460000,211.1,211.2,210.9,210.9,22.0452,2019-11-26T20:51:00.000000Z
1574801520000,211.0,211.0,210.9,211.0,2.38,2019-11-26T20:52:00.000000Z
1574801580000,211.0,211.2,211.0,211.1,3.3982,2019-11-26T20:53:00.000000Z
1574801640000,211.1,211.2,211.1,211.2,4.2142,2019-11-26T20:54:00.000000Z
1574801700000,211.2,211.4,211.1,211.2,13.8949,2019-11-26T20:55:00.000000Z
1574801760000,211.1,211.2,211.1,211.2,0.8364,2019-11-26T20:56:00.000000Z
1574801820000,211.1,211.1,211.1,211.1,0.05,2019-11-26T20:57:00.000000Z
1574801880000,211.1,211.1,211.1,211.1,1.127,2019-11-26T20:58:00.000000Z
1574801940000,211.2,211.2,211.2,211.2,0.05,2019-11-26T20:59:00.000000Z
1574802000000,211.2,211.5,211.2,211.3,23.7747,2019-11-26T21:00:00.000000Z
1574802060000,211.3,211.5,211.3,211.4,11.4691,2019-11-26T21:01:00.000000Z
1574802120000,211.4,211.8,211.4,211.7,25.352,2019-11-26T21:02:00.000000Z
1574802180000,211.8,212.1,211.8,211.8,13.5401,2019-11-26T21:03:00.000000Z
1574802240000,211.9,211.9,211.5,211.5,2.461,2019-11-26T21:04:00.000000Z
1574802300000,211.5,211.5,211.5,211.5,1.9694,2019-11-26T21:05:00.000000Z
1574802360000,211.5,211.7,211.5,211.7,0.5717,2019-11-26T21:06:00.000000Z
1574802420000,211.7,212.4,211.7,212.0,26.9771,2019-11-26T21:07:00.000000Z
1574802480000,212.0,212.0,211.7,211.8,10.0974,2019-11-26T21:08:00.000000Z
1574802540000,211.9,212.0,211.8,211.8,0.9436,2019-11-26T21:09:00.000000Z
1574802600000,211.9,211.9,211.5,211.6,20.0244,2019-11-26T21:10:00.000000Z
1574802660000,211.6,212.1,211.6,212.0,9.6317,2019-11-26T21:11:00.000000Z
1574802720000,212.1,212.2,212.0,212.2,3.1932,2019-11-26T21:12:00.000000Z
1574802780000,212.3,213.1,212.3,212.5,18.5729,2019-11-26T21:13:00.000000Z
1574802840000,212.4,212.9,212.3,212.7,17.9161,2019-11-26T21:14:00.000000Z
1574802900000,212.8,213.2,212.8,212.8,19.2923,2019-11-26T21:15:00.000000Z
1574802960000,212.8,212.8,212.1,212.2,25.8106,2019-11-26T21:16:00.000000Z
1574803020000,212.3,212.6,212.2,212.2,18.3511,2019-11-26T21:17:00.000000Z
1574803080000,212.2,212.2,212.0,212.2,2.7831,2019-11-26T21:18:00.000000Z
1574803140000,212.2,212.3,212.2,212.3,1.18,2019-11-26T21:19:00.000000Z
1574803200000,212.3,212.5,212.3,212.5,3.2001,2019-11-26T21:20:00.000000Z
1574803260000,212.6,212.8,212.3,212.3,9.2043,2019-11-26T21:21:00.000000Z
1574803320000,212.3,212.6,212.3,212.5,1.5296,2019-11-26T21:22:00.000000Z
1574803380000,212.6,213.1,212.6,212.6,8.4307,2019-11-26T21:23:00.000000Z
1574803440000,212.7,212.7,212.6,212.6,1.278,2019-11-26T21:24:00.000000Z
1574803500000,212.6,212.7,212.6,212.7,0.3876,2019-11-26T21:25:00.000000Z
1574803560000,212.6,212.7,212.6,212.7,0.37,2019-11-26T21:26:00.000000Z
1574803620000,212.7,212.7,212.7,212.7,3.52,2019-11-26T21:27:00.000000Z
1574803680000,212.7,212.7,212.6,212.7,0.7878,2019-11-26T21:28:00.000000Z
1574803740000,212.6,212.6,212.3,212.3,5.2037,2019-11-26T21:29:00.000000Z
1574803800000,212.4,212.4,212.4,212.4,0.05,2019-11-26T21:30:00.000000Z
1574803860000,212.3,212.3,212.2,212.2,0.11,2019-11-26T21:31:00.000000Z
1574803920000,212.2,212.2,212.2,212.2,0.05,2019-11-26T21:32:00.000000Z
1574803980000,212.3,212.3,212.2,212.2,1.81,2019-11-26T21:33:00.000000Z
1574804040000,212.3,212.3,212.3,212.3,0.05,2019-11-26T21:34:00.000000Z
1574804100000,212.2,212.2,212.1,212.2,1.3234,2019-11-26T21:35:00.000000Z
1574804160000,212.1,212.1,212.1,212.1,1.08,2019-11-26T21:36:00.000000Z
1574804220000,212.2,212.2,212.2,212.2,0.14,2019-11-26T21:37:00.000000Z
1574804280000,212.1,212.1,211.4,211.7,9.359,2019-11-26T21:38:00.000000Z
1574804340000,211.8,211.8,211.8,211.8,0.05,2019-11-26T21:39:00.000000Z
1574804400000,211.6,211.6,211.1,211.4,8.1839,2019-11-26T21:40:00.000000Z
1574804460000,211.4,211.4,211.2,211.3,1.3195,2019-11-26T21:41:00.000000Z
1574804520000,211.2,211.2,211.0,211.0,0.999,2019-11-26T21:42:00.000000Z
1574804580000,211.1,211.1,211.1,211.1,0.31,2019-11-26T21:43:00.000000Z
1574804640000,211.0,211.0,211.0,211.0,0.05,2019-11-26T21:44:00.000000Z
1574804700000,211.0,211.0,211.0,211.0,0.05,2019-11-26T21:45:00.000000Z
1574804760000,211.2,211.2,211.2,211.2,0.99,2019-11-26T21:46:00.000000Z
1574804820000,211.3,211.3,211.3,211.3,0.05,2019-11-26T21:47:00.000000Z
1574804880000,211.3,211.4,211.3,211.4,2.2233,2019-11-26T21:48:00.000000Z
1574804940000,211.4,211.5,211.4,211.5,2.6485,2019-11-26T21:49:00.000000Z
1574805000000,211.5,211.6,211.5,211.5,0.5001,2019-11-26T21:50:00.000000Z
1574805060000,211.5,211.5,211.1,211.3,3.9508,2019-11-26T21:51:00.000000Z
1574805120000,211.2,211.2,211.2,211.2,0.51,2019-11-26T21:52:00.000000Z
1574805180000,211.3,211.3,211.3,211.3,0.54,2019-11-26T21:53:00.000000Z
1574805240000,211.2,211.2,211.2,211.2,0.5067,2019-11-26T21:54:00.000000Z
1574805300000,211.2,211.2,211.2,211.2,0.05,2019-11-26T21:55:00.000000Z
1574805360000,211.3,211.3,211.3,211.3,0.3876,2019-11-26T21:56:00.000000Z
1574805420000,211.4,211.5,211.4,211.4,1.6576,2019-11-26T21:57:00.000000Z
1574805480000,211.5,211.5,211.3,211.3,0.5077,2019-11-26T21:58:00.000000Z
1574805540000,211.3,211.3,211.3,211.3,0.6685,2019-11-26T21:59:00.000000Z
1574805600000,211.3,211.3,211.2,211.2,0.7893,2019-11-26T22:00:00.000000Z
1574805660000,211.2,211.2,210.8,210.9,5.5296,2019-11-26T22:01:00.000000Z
1574805720000,210.8,211.1,210.8,210.9,4.0071,2019-11-26T22:02:00.000000Z
1574805780000,211.0,211.1,211.0,211.0,1.7848,2019-11-26T22:03:00.000000Z
1574805840000,211.1,211.1,211.1,211.1,0.05,2019-11-26T22:04:00.000000Z
1574805900000,211.0,211.0,210.9,211.0,0.75,2019-11-26T22:05:00.000000Z
1574805960000,210.9,210.9,210.9,210.9,0.05,2019-11-26T22:06:00.000000Z
1574806020000,211.0,211.1,211.0,211.0,3.4864,2019-11-26T22:07:00.000000Z
1574806080000,211.1,211.1,211.1,211.1,0.05,2019-11-26T22:08:00.000000Z
1574806140000,211.0,211.2,211.0,211.2,0.6666,2019-11-26T22:09:00.000000Z
1574806200000,211.2,211.2,211.2,211.2,0.5635,2019-11-26T22:10:00.000000Z
1574806260000,211.2,211.4,211.2,211.4,1.7113,2019-11-26T22:11:00.000000Z
1574806320000,211.4,211.4,211.4,211.4,0.9001,2019-11-26T22:12:00.000000Z
1574806380000,211.5,211.5,211.5,211.5,0.05,2019-11-26T22:13:00.000000Z
1574806440000,211.5,211.7,211.5,211.7,2.4604,2019-11-26T22:14:00.000000Z
1574806500000,211.6,211.6,211.6,211.6,0.3876,2019-11-26T22:15:00.000000Z
1574806560000,211.5,211.5,211.3,211.3,4.5333,2019-11-26T22:16:00.000000Z
1574806620000,211.3,211.3,211.3,211.3,1.1268,2019-11-26T22:17:00.000000Z
1574806680000,211.3,211.3,211.3,211.3,0.91,2019-11-26T22:18:00.000000Z
1574806740000,211.2,211.2,211.2,211.2,0.05,2019-11-26T22:19:00.000000Z
1574806800000,211.3,211.3,211.3,211.3,0.05,2019-11-26T22:20:00.000000Z
1574806860000,211.4,211.5,211.4,211.5,1.6395,2019-11-26T22:21:00.000000Z
1574806920000,211.6,211.8,211.6,211.8,4.6999,2019-11-26T22:22:00.000000Z
1574806980000,211.8,211.8,211.8,211.8,0.0,2019-11-26T22:23:00.000000Z
1574807040000,211.7,211.7,211.7,211.7,0.24,2019-11-26T22:24:00.000000Z
1574807100000,211.7,211.7,211.7,211.7,0.0944,2019-11-26T22:25:00.000000Z
1574807160000,211.7,211.7,211.7,211.7,0.0,2019-11-26T22:26:00.000000Z
1574807220000,211.8,211.8,211.8,211.8,0.05,2019-11-26T22:27:00.000000Z
1574807280000,211.7,211.7,211.6,211.6,0.1032,2019-11-26T22:28:00.000000Z
1574807340000,211.6,211.6,211.5,211.5,0.8164,2019-11-26T22:29:00.000000Z
1574807400000,211.5,211.5,211.5,211.5,0.0,2019-11-26T22:30:00.000000Z
1574807460000,211.6,211.6,211.5,211.5,0.155,2019-11-26T22:31:00.000000Z
1574807520000,211.7,211.7,211.7,211.7,0.595,2019-11-26T22:32:00.000000Z
1574807580000,211.6,211.6,211.6,211.6,0.05,2019-11-26T22:33:00.000000Z
1574807640000,211.6,211.6,211.6,211.6,0.0,2019-11-26T22:34:00.000000Z
1574807700000,211.7,212.0,211.7,212.0,14.6268,2019-11-26T22:35:00.000000Z
1574807760000,211.9,211.9,211.9,211.9,0.05,2019-11-26T22:36:00.000000Z
1574807820000,212.0,212.1,212.0,212.1,0.0576,2019-11-26T22:37:00.000000Z
1574807880000,212.1,212.1,212.1,212.1,0.29,2019-11-26T22:38:00.000000Z
1574807940000,212.1,212.3,212.1,212.3,2.0409,2019-11-26T22:39:00.000000Z
1574808000000,212.3,212.3,212.3,212.3,0.05,2019-11-26T22:40:00.000000Z
1574808060000,212.4,212.5,212.4,212.5,0.7333,2019-11-26T22:41:00.000000Z
1574808120000,212.4,212.5,212.4,212.5,0.1,2019-11-26T22:42:00.000000Z
1574808180000,212.4,212.4,212.3,212.3,2.5593,2019-11-26T22:43:00.000000Z
1574808240000,212.3,212.3,212.1,212.2,1.5146,2019-11-26T22:44:00.000000Z
1574808300000,212.3,212.3,212.3,212.3,0.38,2019-11-26T22:45:00.000000Z
1574808360000,212.3,212.3,212.2,212.3,0.3974,2019-11-26T22:46:00.000000Z
1574808420000,212.2,212.2,212.2,212.2,0.05,2019-11-26T22:47:00.000000Z
1574808480000,212.3,212.3,212.2,212.2,0.0525,2019-11-26T22:48:00.000000Z
1574808540000,212.2,212.2,212.2,212.2,0.05,2019-11-26T22:49:00.000000Z
1574808600000,212.3,212.3,212.3,212.3,0.05,2019-11-26T22:50:00.000000Z
1574808660000,212.3,212.3,212.3,212.3,0.08,2019-11-26T22:51:00.000000Z
1574808720000,212.2,212.2,212.2,212.2,0.2,2019-11-26T22:52:00.000000Z
1574808780000,212.2,212.2,212.0,212.0,1.9193,2019-11-26T22:53:00.000000Z
1574808840000,211.9,211.9,211.9,211.9,0.05,2019-11-26T22:54:00.000000Z
1574808900000,212.1,212.2,212.1,212.2,0.7676,2019-11-26T22:55:00.000000Z
1574808960000,212.2,212.2,212.2,212.2,0.1153,2019-11-26T22:56:00.000000Z
1574809020000,212.3,212.3,212.3,212.3,0.8576,2019-11-26T22:57:00.000000Z
1574809080000,212.4,212.4,212.4,212.4,0.05,2019-11-26T22:58:00.000000Z
1574809140000,212.3,212.3,212.1,212.1,1.6773,2019-11-26T22:59:00.000000Z
1574809200000,212.1,212.1,212.1,212.1,0.07,2019-11-26T23:00:00.000000Z
1574809260000,212.2,212.5,212.2,212.4,3.9417,2019-11-26T23:01:00.000000Z
1574809320000,212.5,212.6,212.4,212.5,2.1789,2019-11-26T23:02:00.000000Z
1574809380000,212.4,212.4,212.4,212.4,0.05,2019-11-26T23:03:00.000000Z
1574809440000,212.5,212.5,212.5,212.5,0.33,2019-11-26T23:04:00.000000Z
1574809500000,212.6,212.6,212.6,212.6,0.05,2019-11-26T23:05:00.000000Z
1574809560000,212.6,212.6,212.6,212.6,0.33,2019-11-26T23:06:00.000000Z
1574809620000,212.6,212.7,212.6,212.7,0.5952,2019-11-26T23:07:00.000000Z
1574809680000,212.7,212.7,212.6,212.6,0.2578,2019-11-26T23:08:00.000000Z
1574809740000,212.6,212.6,212.6,212.6,3.76,2019-11-26T23:09:00.000000Z
1574809800000,212.5,212.6,212.5,212.5,0.4516,2019-11-26T23:10:00.000000Z
1574809860000,212.4,212.6,212.3,212.5,7.0986,2019-11-26T23:11:00.000000Z
1574809920000,212.4,212.4,212.4,212.4,0.2714,2019-11-26T23:12:00.000000Z
1574809980000,212.3,212.3,212.1,212.3,6.3712,2019-11-26T23:13:00.000000Z
1574810040000,212.2,212.3,212.1,212.1,2.5824,2019-11-26T23:14:00.000000Z
1574810100000,212.2,212.2,212.1,212.1,0.78,2019-11-26T23:15:00.000000Z
1574810160000,212.1,212.1,212.0,212.0,1.6052,2019-11-26T23:16:00.000000Z
1574810220000,211.9,211.9,211.9,211.9,0.2876,2019-11-26T23:17:00.000000Z
1574810280000,211.8,211.9,211.6,211.8,4.331,2019-11-26T23:18:00.000000Z
1574810340000,211.7,211.7,211.6,211.6,2.4775,2019-11-26T23:19:00.000000Z
1574810400000,211.6,211.8,211.6,211.8,1.1009,2019-11-26T23:20:00.000000Z
1574810460000,211.7,211.8,211.5,211.8,5.1998,2019-11-26T23:21:00.000000Z
1574810520000,211.9,212.0,211.9,212.0,2.2534,2019-11-26T23:22:00.000000Z
1574810580000,211.9,212.0,211.9,212.0,1.31,2019-11-26T23:23:00.000000Z
1574810640000,212.0,212.1,212.0,212.1,1.18,2019-11-26T23:24:00.000000Z
1574810700000,212.0,212.0,212.0,212.0,0.0873,2019-11-26T23:25:00.000000Z
1574810760000,212.0,212.1,212.0,212.1,0.2271,2019-11-26T23:26:00.000000Z
1574810820000,212.1,212.2,212.1,212.2,0.05,2019-11-26T23:27:00.000000Z
1574810880000,212.2,212.2,212.2,212.2,0.34,2019-11-26T23:28:00.000000Z
1574810940000,212.2,212.4,212.2,212.4,2.7237,2019-11-26T23:29:00.000000Z
1574811000000,212.5,212.7,212.4,212.6,3.8717,2019-11-26T23:30:00.000000Z
1574811060000,212.7,212.8,212.5,212.5,6.1178,2019-11-26T23:31:00.000000Z
1574811120000,212.4,212.4,212.2,212.2,2.4562,2019-11-26T23:32:00.000000Z
1574811180000,212.3,212.3,212.0,212.1,3.1541,2019-11-26T23:33:00.000000Z
1574811240000,212.0,212.1,211.8,211.8,63.5807,2019-11-26T23:34:00.000000Z
1574811300000,211.9,211.9,211.8,211.8,7.2519,2019-11-26T23:35:00.000000Z
1574811360000,211.8,211.8,211.8,211.8,34.0927,2019-11-26T23:36:00.000000Z
1574811420000,211.8,211.8,211.8,211.8,0.9934,2019-11-26T23:37:00.000000Z
1574811480000,211.9,212.0,211.9,211.9,0.8098,2019-11-26T23:38:00.000000Z
1574811540000,211.9,211.9,211.8,211.8,0.3903,2019-11-26T23:39:00.000000Z
1574811600000,211.8,212.0,211.5,211.7,133.396,2019-11-26T23:40:00.000000Z
1574811660000,211.7,211.8,211.6,211.6,4.0958,2019-11-26T23:41:00.000000Z
1574811720000,211.6,212.0,211.6,211.9,17.6927,2019-11-26T23:42:00.000000Z
1574811780000,212.0,212.2,212.0,212.2,3.0094,2019-11-26T23:43:00.000000Z
1574811840000,212.1,212.2,212.1,212.2,0.64,2019-11-26T23:44:00.000000Z
1574811900000,212.1,212.1,211.8,212.0,2.5853,2019-11-26T23:45:00.000000Z
1574811960000,212.0,212.0,212.0,212.0,1.32,2019-11-26T23:46:00.000000Z
1574812020000,212.1,212.1,212.1,212.1,0.38,2019-11-26T23:47:00.000000Z
1574812080000,212.0,212.0,211.8,211.8,2.7676,2019-11-26T23:48:00.000000Z
1574812140000,211.8,211.8,211.4,211.4,5.648,2019-11-26T23:49:00.000000Z
1574812200000,211.4,211.4,211.3,211.4,2.325,2019-11-26T23:50:00.000000Z
1574812260000,211.4,211.7,211.4,211.7,2.3627,2019-11-26T23:51:00.000000Z
1574812320000,211.6,211.6,211.6,211.6,0.24,2019-11-26T23:52:00.000000Z
1574812380000,211.7,211.7,211.6,211.6,0.23,2019-11-26T23:53:00.000000Z
1574812440000,211.7,211.7,211.3,211.5,3.2552,2019-11-26T23:54:00.000000Z
1574812500000,211.4,211.4,211.4,211.4,0.05,2019-11-26T23:55:00.000000Z
1574812560000,211.4,211.4,211.0,211.2,5.6627,2019-11-26T23:56:00.000000Z
1574812620000,211.2,211.2,210.8,211.0,7.954,2019-11-26T23:57:00.000000Z
1574812680000,211.0,211.0,211.0,211.0,0.38,2019-11-26T23:58:00.000000Z
1574812740000,211.0,211.0,211.0,211.0,0.0576,2019-11-26T23:59:00.000000Z
1574812800000,210.9,210.9,210.4,210.6,5.8553,2019-11-27T00:00:00.000000Z
1574812860000,210.7,210.7,210.6,210.7,0.7525,2019-11-27T00:01:00.000000Z
1574812920000,210.6,210.9,210.6,210.9,0.6974,2019-11-27T00:02:00.000000Z
1574812980000,210.8,211.0,210.8,210.9,3.6566,2019-11-27T00:03:00.000000Z
1574813040000,211.1,211.4,211.1,211.3,8.1561,2019-11-27T00:04:00.000000Z
1574813100000,211.2,211.2,211.2,211.2,0.05,2019-11-27T00:05:00.000000Z
1574813160000,211.3,211.3,211.3,211.3,0.05,2019-11-27T00:06:00.000000Z
1574813220000,211.2,211.2,211.2,211.2,0.33,2019-11-27T00:07:00.000000Z
1574813280000,211.2,211.2,210.8,211.1,6.8936,2019-11-27T00:08:00.000000Z
1574813340000,211.2,211.2,211.1,211.1,2.98,2019-11-27T00:09:00.000000Z
1574813400000,211.1,211.1,211.1,211.1,4.9484,2019-11-27T00:10:00.000000Z
1574813460000,211.1,211.1,210.8,210.8,5.8479,2019-11-27T00:11:00.000000Z
1574813520000,210.9,210.9,210.9,210.9,0.05,2019-11-27T00:12:00.000000Z
1574813580000,210.8,210.8,210.7,210.7,0.0582,2019-11-27T00:13:00.000000Z
1574813640000,210.8,210.9,210.8,210.9,0.4294,2019-11-27T00:14:00.000000Z
1574813700000,210.8,210.8,210.8,210.8,0.3803,2019-11-27T00:15:00.000000Z
1574813760000,210.9,210.9,210.7,210.8,1.6813,2019-11-27T00:16:00.000000Z
1574813820000,210.7,210.8,210.7,210.8,0.0528,2019-11-27T00:17:00.000000Z
1574813880000,210.8,210.8,210.5,210.5,2.9489,2019-11-27T00:18:00.000000Z
1574813940000,210.5,210.5,210.5,210.5,0.4,2019-11-27T00:19:00.000000Z
1574814000000,210.5,210.5,210.5,210.5,0.2,2019-11-27T00:20:00.000000Z
1574814060000,210.5,210.6,210.5,210.5,9.7146,2019-11-27T00:21:00.000000Z
1574814120000,210.6,210.6,210.5,210.6,1.6225,2019-11-27T00:22:00.000000Z
1574814180000,210.6,210.6,210.6,210.6,0.6565,2019-11-27T00:23:00.000000Z
1574814240000,210.6,210.7,210.6,210.7,1.485,2019-11-27T00:24:00.000000Z
1574814300000,210.7,210.8,210.6,210.6,2.0153,2019-11-27T00:25:00.000000Z
1574814360000,210.6,210.6,210.4,210.4,17.044,2019-11-27T00:26:00.000000Z
1574814420000,210.4,210.5,210.3,210.3,16.6338,2019-11-27T00:27:00.000000Z
1574814480000,210.3,210.3,210.2,210.3,7.1369,2019-11-27T00:28:00.000000Z
1574814540000,210.3,210.3,210.1,210.2,10.1852,2019-11-27T00:29:00.000000Z
1574814600000,210.1,210.1,210.1,210.1,0.38,2019-11-27T00:30:00.000000Z
1574814660000,210.1,210.1,210.0,210.0,5.634,2019-11-27T00:31:00.000000Z
1574814720000,209.9,210.0,209.9,210.0,0.86,2019-11-27T00:32:00.000000Z
1574814780000,210.0,210.5,210.0,210.5,6.8963,2019-11-27T00:33:00.000000Z
1574814840000,210.4,210.5,210.4,210.5,1.63,2019-11-27T00:34:00.000000Z
1574814900000,210.5,210.8,210.5,210.7,2.7794,2019-11-27T00:35:00.000000Z
1574814960000,210.8,211.0,210.8,211.0,3.0239,2019-11-27T00:36:00.000000Z
1574815020000,210.9,211.0,210.9,210.9,3.4613,2019-11-27T00:37:00.000000Z
1574815080000,210.9,210.9,210.8,210.8,0.3829,2019-11-27T00:38:00.000000Z
1574815140000,210.8,211.0,210.8,211.0,4.2966,2019-11-27T00:39:00.000000Z
1574815200000,210.9,211.0,210.9,211.0,0.49,2019-11-27T00:40:00.000000Z
1574815260000,211.0,211.2,211.0,211.1,1.6968,2019-11-27T00:41:00.000000Z
1574815320000,211.2,211.3,211.2,211.3,1.1463,2019-11-27T00:42:00.000000Z
1574815380000,211.2,211.2,211.2,211.2,0.38,2019-11-27T00:43:00.000000Z
1574815440000,211.2,211.2,211.1,211.1,0.2076,2019-11-27T00:44:00.000000Z
1574815500000,211.1,211.1,211.0,211.0,3.4976,2019-11-27T00:45:00.000000Z
1574815560000,211.0,211.1,211.0,211.1,0.43,2019-11-27T00:46:00.000000Z
1574815620000,211.1,211.1,211.1,211.1,0.05,2019-11-27T00:47:00.000000Z
1574815680000,211.0,211.0,211.0,211.0,0.05,2019-11-27T00:48:00.000000Z
1574815740000,211.2,211.3,211.2,211.3,0.9472,2019-11-27T00:49:00.000000Z
1574815800000,211.3,211.3,211.2,211.2,0.411,2019-11-27T00:50:00.000000Z
1574815860000,211.3,211.4,211.3,211.4,0.0632,2019-11-27T00:51:00.000000Z
1574815920000,211.3,211.3,211.3,211.3,0.0368,2019-11-27T00:52:00.000000Z
1574815980000,211.3,211.3,211.3,211.3,11.92,2019-11-27T00:53:00.000000Z
1574816040000,211.3,211.5,211.3,211.5,4.5795,2019-11-27T00:54:00.000000Z
1574816100000,211.4,211.4,211.3,211.3,1.2328,2019-11-27T00:55:00.000000Z
1574816160000,211.3,211.3,211.1,211.2,2.8063,2019-11-27T00:56:00.000000Z
1574816220000,211.3,211.3,211.3,211.3,0.3109,2019-11-27T00:57:00.000000Z
1574816280000,211.4,211.4,211.3,211.3,0.6209,2019-11-27T00:58:00.000000Z
1574816340000,211.4,211.4,211.4,211.4,0.05,2019-11-27T00:59:00.000000Z
1574816400000,211.4,211.6,211.4,211.6,6.5972,2019-11-27T01:00:00.000000Z
1574816460000,211.6,212.2,211.5,212.0,46.3503,2019-11-27T01:01:00.000000Z
1574816520000,212.0,212.3,212.0,212.1,6.6196,2019-11-27T01:02:00.000000Z
1574816580000,212.1,212.1,212.1,212.1,1.4705,2019-11-27T01:03:00.000000Z
1574816640000,212.0,212.1,211.8,211.9,8.3964,2019-11-27T01:04:00.000000Z
1574816700000,212.0,212.3,212.0,212.1,2.0276,2019-11-27T01:05:00.000000Z
1574816760000,212.0,212.0,211.8,211.9,2.2072,2019-11-27T01:06:00.000000Z
1574816820000,211.9,212.3,211.9,211.9,7.7595,2019-11-27T01:07:00.000000Z
1574816880000,212.0,212.2,211.9,212.1,1.8999,2019-11-27T01:08:00.000000Z
1574816940000,212.0,212.0,212.0,212.0,0.05,2019-11-27T01:09:00.000000Z
1574817000000,212.1,212.1,212.0,212.0,0.38,2019-11-27T01:10:00.000000Z
1574817060000,212.1,212.1,212.1,212.1,0.26,2019-11-27T01:11:00.000000Z
1574817120000,212.0,212.1,211.9,212.1,4.8393,2019-11-27T01:12:00.000000Z
1574817180000,212.1,212.1,212.1,212.1,1.92,2019-11-27T01:13:00.000000Z
1574817240000,212.0,212.0,211.9,211.9,1.6226,2019-11-27T01:14:00.000000Z
1574817300000,212.0,212.0,211.8,211.8,3.7252,2019-11-27T01:15:00.000000Z
1574817360000,211.9,211.9,211.9,211.9,0.38,2019-11-27T01:16:00.000000Z
1574817420000,211.8,211.8,211.6,211.6,2.2202,2019-11-27T01:17:00.000000Z
1574817480000,211.6,211.6,211.4,211.5,5.0109,2019-11-27T01:18:00.000000Z
1574817540000,211.4,211.4,211.4,211.4,0.05,2019-11-27T01:19:00.000000Z
1574817600000,211.4,211.4,211.4,211.4,0.0,2019-11-27T01:20:00.000000Z
1574817660000,211.5,211.6,211.5,211.6,0.48,2019-11-27T01:21:00.000000Z
1574817720000,211.5,211.6,211.5,211.6,2.349,2019-11-27T01:22:00.000000Z
1574817780000,211.5,211.5,211.5,211.5,0.05,2019-11-27T01:23:00.000000Z
1574817840000,211.6,211.6,211.6,211.6,0.12,2019-11-27T01:24:00.000000Z
1574817900000,211.6,211.7,211.6,211.7,0.05,2019-11-27T01:25:00.000000Z
1574817960000,211.7,211.7,211.7,211.7,0.94,2019-11-27T01:26:00.000000Z
1574818020000,211.6,211.7,211.6,211.7,1.5651,2019-11-27T01:27:00.000000Z
1574818080000,211.6,211.7,211.5,211.6,1.6084,2019-11-27T01:28:00.000000Z
1574818140000,211.6,211.7,211.6,211.7,0.8174,2019-11-27T01:29:00.000000Z
1574818200000,211.6,211.6,211.6,211.6,0.4,2019-11-27T01:30:00.000000Z
1574818260000,211.6,211.6,211.6,211.6,0.05,2019-11-27T01:31:00.000000Z
1574818320000,211.6,211.6,211.5,211.5,1.3676,2019-11-27T01:32:00.000000Z
1574818380000,211.5,211.5,211.4,211.4,0.8482,2019-11-27T01:33:00.000000Z
1574818440000,211.3,211.3,211.2,211.2,3.1776,2019-11-27T01:34:00.000000Z
1574818500000,211.1,211.1,211.1,211.1,0.3,2019-11-27T01:35:00.000000Z
1574818560000,211.2,211.2,211.2,211.2,3.02,2019-11-27T01:36:00.000000Z
1574818620000,211.1,211.1,211.1,211.1,0.27,2019-11-27T01:37:00.000000Z
1574818680000,211.1,211.1,211.1,211.1,0.2007,2019-11-27T01:38:00.000000Z
1574818740000,211.0,211.1,211.0,211.1,0.86,2019-11-27T01:39:00.000000Z
1574818800000,211.1,211.1,211.1,211.1,0.05,2019-11-27T01:40:00.000000Z
1574818860000,211.1,211.1,211.0,211.1,0.7484,2019-11-27T01:41:00.000000Z
1574818920000,211.0,211.0,211.0,211.0,0.05,2019-11-27T01:42:00.000000Z
1574818980000,211.1,211.1,211.1,211.1,0.12,2019-11-27T01:43:00.000000Z
1574819040000,211.1,211.2,211.1,211.2,0.05,2019-11-27T01:44:00.000000Z
1574819100000,211.1,211.2,211.1,211.1,0.6901,2019-11-27T01:45:00.000000Z
1574819160000,211.2,211.3,211.2,211.3,0.2384,2019-11-27T01:46:00.000000Z
1574819220000,211.2,211.2,211.2,211.2,0.05,2019-11-27T01:47:00.000000Z
1574819280000,211.1,211.1,211.0,211.0,0.4024,2019-11-27T01:48:00.000000Z
1574819340000,211.0,211.0,210.8,210.8,6.7377,2019-11-27T01:49:00.000000Z
1574819400000,210.8,210.8,210.6,210.7,12.2571,2019-11-27T01:50:00.000000Z
1574819460000,210.6,210.6,210.6,210.6,0.5068,2019-11-27T01:51:00.000000Z
1574819520000,210.7,210.7,210.7,210.7,0.95,2019-11-27T01:52:00.000000Z
1574819580000,210.8,210.8,210.7,210.7,5.3271,2019-11-27T01:53:00.000000Z
1574819640000,210.8,211.1,210.8,211.1,5.1114,2019-11-27T01:54:00.000000Z
1574819700000,211.0,211.0,211.0,211.0,0.19,2019-11-27T01:55:00.000000Z
1574819760000,211.1,211.1,211.1,211.1,0.05,2019-11-27T01:56:00.000000Z
1574819820000,211.0,211.0,211.0,211.0,0.05,2019-11-27T01:57:00.000000Z
1574819880000,211.1,211.1,211.1,211.1,0.2746,2019-11-27T01:58:00.000000Z
1574819940000,211.2,211.4,211.2,211.4,2.4099,2019-11-27T01:59:00.000000Z
1574820000000,211.4,211.5,211.4,211.5,1.2439,2019-11-27T02:00:00.000000Z
1574820060000,211.4,211.5,211.4,211.4,4.9812,2019-11-27T02:01:00.000000Z
1574820120000,211.4,211.4,211.3,211.4,10.4643,2019-11-27T02:02:00.000000Z
1574820180000,211.3,211.5,211.2,211.4,59.0475,2019-11-27T02:03:00.000000Z
1574820240000,211.5,211.5,211.5,211.5,0.38,2019-11-27T02:04:00.000000Z
1574820300000,211.4,211.4,211.3,211.4,0.8501,2019-11-27T02:05:00.000000Z
1574820360000,211.4,211.4,211.3,211.3,42.3895,2019-11-27T02:06:00.000000Z
1574820420000,211.4,211.4,211.3,211.3,18.3826,2019-11-27T02:07:00.000000Z
1574820480000,211.3,211.3,211.3,211.3,40.154,2019-11-27T02:08:00.000000Z
1574820540000,211.3,211.3,211.1,211.1,2.1879,2019-11-27T02:09:00.000000Z
1574820600000,211.2,211.3,211.2,211.2,1.5522,2019-11-27T02:10:00.000000Z
1574820660000,211.2,211.2,211.1,211.1,45.1051,2019-11-27T02:11:00.000000Z
1574820720000,211.1,211.2,211.1,211.1,5.7067,2019-11-27T02:12:00.000000Z
1574820780000,211.1,211.2,211.1,211.2,5.192,2019-11-27T02:13:00.000000Z
1574820840000,211.2,211.2,211.1,211.2,5.8541,2019-11-27T02:14:00.000000Z
1574820900000,211.3,211.3,211.2,211.3,2.3446,2019-11-27T02:15:00.000000Z
1574820960000,211.3,211.4,211.3,211.3,2.8343,2019-11-27T02:16:00.000000Z
1574821020000,211.3,211.3,211.2,211.2,2.6245,2019-11-27T02:17:00.000000Z
1574821080000,211.2,211.2,211.1,211.1,0.197,2019-11-27T02:18:00.000000Z
1574821140000,211.1,211.1,211.1,211.1,3.2094,2019-11-27T02:19:00.000000Z
1574821200000,211.3,211.3,211.2,211.2,0.7431,2019-11-27T02:20:00.000000Z
1574821260000,211.2,211.2,211.2,211.2,0.05,2019-11-27T02:21:00.000000Z
1574821320000,211.2,211.3,211.1,211.2,2.2395,2019-11-27T02:22:00.000000Z
1574821380000,211.2,211.2,211.1,211.2,20.8965,2019-11-27T02:23:00.000000Z
1574821440000,211.2,211.3,211.1,211.1,6.4862,2019-11-27T02:24:00.000000Z
1574821500000,211.1,211.1,211.1,211.1,1.0391,2019-11-27T02:25:00.000000Z
1574821560000,211.2,211.2,211.2,211.2,0.38,2019-11-27T02:26:00.000000Z
1574821620000,211.1,211.1,211.1,211.1,0.05,2019-11-27T02:27:00.000000Z
1574821680000,211.1,211.2,211.1,211.2,0.6587,2019-11-27T02:28:00.000000Z
1574821740000,211.1,211.1,211.1,211.1,50.0614,2019-11-27T02:29:00.000000Z
1574821800000,211.0,211.0,211.0,211.0,36.7486,2019-11-27T02:30:00.000000Z
1574821860000,211.0,211.0,210.8,210.8,18.8809,2019-11-27T02:31:00.000000Z
1574821920000,210.8,210.8,210.8,210.8,3.7758,2019-11-27T02:32:00.000000Z
1574821980000,210.8,210.8,210.6,210.7,2.7985,2019-11-27T02:33:00.000000Z
1574822040000,210.7,210.8,210.7,210.8,0.79,2019-11-27T02:34:00.000000Z
1574822100000,210.8,210.9,210.8,210.8,1.667,2019-11-27T02:35:00.000000Z
1574822160000,210.8,210.8,210.7,210.8,6.9415,2019-11-27T02:36:00.000000Z
1574822220000,210.8,210.8,210.8,210.8,0.1104,2019-11-27T02:37:00.000000Z
1574822280000,210.7,210.8,210.7,210.7,1.0341,2019-11-27T02:38:00.000000Z
1574822340000,210.8,210.8,210.8,210.8,0.05,2019-11-27T02:39:00.000000Z
1574822400000,210.7,210.9,210.6,210.8,1.1642,2019-11-27T02:40:00.000000Z
1574822460000,210.9,210.9,210.9,210.9,0.13,2019-11-27T02:41:00.000000Z
1574822520000,210.8,210.8,210.8,210.8,0.05,2019-11-27T02:42:00.000000Z
1574822580000,210.8,210.9,210.8,210.9,0.21,2019-11-27T02:43:00.000000Z
1574822640000,210.8,210.8,210.7,210.7,0.329,2019-11-27T02:44:00.000000Z
1574822700000,210.7,210.7,210.6,210.6,0.796,2019-11-27T02:45:00.000000Z
1574822760000,210.6,210.6,210.6,210.6,0.0,2019-11-27T02:46:00.000000Z
1574822820000,210.7,211.1,210.6,210.6,9.8762,2019-11-27T02:47:00.000000Z
1574822880000,210.7,211.1,210.7,210.8,6.4393,2019-11-27T02:48:00.000000Z
1574822940000,210.8,211.1,210.8,211.0,9.0768,2019-11-27T02:49:00.000000Z
1574823000000,211.0,211.0,210.7,210.7,2.9151,2019-11-27T02:50:00.000000Z
1574823060000,210.8,211.1,210.7,210.8,3.663,2019-11-27T02:51:00.000000Z
1574823120000,210.7,211.1,210.7,210.9,2.0078,2019-11-27T02:52:00.000000Z
1574823180000,210.8,210.8,210.8,210.8,1.166,2019-11-27T02:53:00.000000Z
1574823240000,210.7,210.8,210.7,210.8,0.439,2019-11-27T02:54:00.000000Z
1574823300000,210.8,210.8,210.7,210.7,0.0597,2019-11-27T02:55:00.000000Z
1574823360000,210.9,211.0,210.8,210.8,5.2903,2019-11-27T02:56:00.000000Z
1574823420000,210.9,210.9,210.9,210.9,0.05,2019-11-27T02:57:00.000000Z
1574823480000,210.8,210.8,210.7,210.7,0.4585,2019-11-27T02:58:00.000000Z
1574823540000,210.7,210.8,210.7,210.8,0.927,2019-11-27T02:59:00.000000Z
1574823600000,210.7,210.8,210.7,210.8,3.9868,2019-11-27T03:00:00.000000Z
1574823660000,210.8,210.8,210.8,210.8,1.34,2019-11-27T03:01:00.000000Z
1574823720000,210.7,210.7,210.7,210.7,1.4254,2019-11-27T03:02:00.000000Z
1574823780000,210.7,210.7,210.7,210.7,7.6957,2019-11-27T03:03:00.000000Z
1574823840000,210.7,210.7,210.6,210.7,1.102,2019-11-27T03:04:00.000000Z
1574823900000,210.6,210.6,210.6,210.6,0.05,2019-11-27T03:05:00.000000Z
1574823960000,210.7,211.0,210.7,210.8,3.8646,2019-11-27T03:06:00.000000Z
1574824020000,210.8,210.8,210.7,210.7,0.5298,2019-11-27T03:07:00.000000Z
1574824080000,210.7,210.7,210.4,210.6,23.3522,2019-11-27T03:08:00.000000Z
1574824140000,210.6,210.6,210.6,210.6,0.15,2019-11-27T03:09:00.000000Z
1574824200000,210.7,210.7,210.7,210.7,0.05,2019-11-27T03:10:00.000000Z
1574824260000,210.5,210.6,210.4,210.6,1.6127,2019-11-27T03:11:00.000000Z
1574824320000,210.5,210.6,210.4,210.6,7.8641,2019-11-27T03:12:00.000000Z
1574824380000,210.5,210.5,210.4,210.4,3.6928,2019-11-27T03:13:00.000000Z
1574824440000,210.4,210.4,210.2,210.2,7.208,2019-11-27T03:14:00.000000Z
1574824500000,210.1,210.3,210.0,210.2,4.1309,2019-11-27T03:15:00.000000Z
1574824560000,210.2,210.2,209.7,210.0,4.6172,2019-11-27T03:16:00.000000Z
1574824620000,210.0,210.1,209.5,209.9,28.9647,2019-11-27T03:17:00.000000Z
1574824680000,209.9,209.9,209.5,209.5,4.5904,2019-11-27T03:18:00.000000Z
1574824740000,209.5,209.5,209.0,209.4,11.6632,2019-11-27T03:19:00.000000Z
1574824800000,209.5,209.8,209.5,209.6,4.6935,2019-11-27T03:20:00.000000Z
1574824860000,209.7,209.9,209.7,209.9,1.1552,2019-11-27T03:21:00.000000Z
1574824920000,209.8,210.1,209.8,209.8,4.5522,2019-11-27T03:22:00.000000Z
1574824980000,209.7,209.7,209.4,209.4,4.1075,2019-11-27T03:23:00.000000Z
1574825040000,209.6,209.6,209.2,209.5,8.2242,2019-11-27T03:24:00.000000Z
1574825100000,209.5,209.5,209.1,209.3,12.1956,2019-11-27T03:25:00.000000Z
1574825160000,209.4,209.6,209.4,209.6,4.0058,2019-11-27T03:26:00.000000Z
1574825220000,209.6,209.7,209.6,209.7,2.6788,2019-11-27T03:27:00.000000Z
1574825280000,209.7,209.7,209.7,209.7,0.6,2019-11-27T03:28:00.000000Z
1574825340000,209.7,209.8,209.7,209.8,2.9517,2019-11-27T03:29:00.000000Z
1574825400000,209.9,210.0,209.9,210.0,1.3,2019-11-27T03:30:00.000000Z
1574825460000,210.0,210.0,210.0,210.0,0.2,2019-11-27T03:31:00.000000Z
1574825520000,210.0,210.0,209.7,209.8,6.0672,2019-11-27T03:32:00.000000Z
1574825580000,209.7,209.7,209.7,209.7,0.2497,2019-11-27T03:33:00.000000Z
1574825640000,209.6,209.7,209.4,209.5,3.7432,2019-11-27T03:34:00.000000Z
1574825700000,209.5,209.5,209.4,209.5,2.3087,2019-11-27T03:35:00.000000Z
1574825760000,209.4,209.4,209.1,209.2,3.5786,2019-11-27T03:36:00.000000Z
1574825820000,209.2,209.3,209.1,209.1,6.7342,2019-11-27T03:37:00.000000Z
1574825880000,209.2,209.4,209.1,209.3,1.6759,2019-11-27T03:38:00.000000Z
1574825940000,209.4,209.4,209.1,209.3,1.4329,2019-11-27T03:39:00.000000Z
1574826000000,209.3,209.6,209.3,209.4,2.8491,2019-11-27T03:40:00.000000Z
1574826060000,209.4,209.4,209.3,209.3,0.5394,2019-11-27T03:41:00.000000Z
1574826120000,209.3,209.3,209.2,209.3,0.9056,2019-11-27T03:42:00.000000Z
1574826180000,209.2,209.4,209.2,209.4,1.2686,2019-11-27T03:43:00.000000Z
1574826240000,209.3,209.3,209.3,209.3,0.05,2019-11-27T03:44:00.000000Z
1574826300000,209.4,209.5,209.2,209.3,4.3412,2019-11-27T03:45:00.000000Z
1574826360000,209.3,209.4,209.2,209.4,0.9106,2019-11-27T03:46:00.000000Z
1574826420000,209.3,209.3,209.1,209.3,5.2432,2019-11-27T03:47:00.000000Z
1574826480000,209.2,209.3,208.9,209.0,16.4183,2019-11-27T03:48:00.000000Z
1574826540000,209.1,209.2,209.0,209.2,6.6096,2019-11-27T03:49:00.000000Z
1574826600000,209.2,209.2,209.0,209.1,2.0649,2019-11-27T03:50:00.000000Z
1574826660000,209.1,209.1,208.7,209.0,8.5205,2019-11-27T03:51:00.000000Z
1574826720000,209.0,209.0,208.7,208.8,7.9223,2019-11-27T03:52:00.000000Z
1574826780000,208.8,209.0,208.7,208.8,3.0448,2019-11-27T03:53:00.000000Z
1574826840000,208.7,208.8,208.6,208.7,3.1949,2019-11-27T03:54:00.000000Z
1574826900000,208.6,208.7,208.5,208.6,5.9795,2019-11-27T03:55:00.000000Z
1574826960000,208.6,208.8,208.6,208.7,0.6146,2019-11-27T03:56:00.000000Z
1574827020000,208.8,209.1,208.8,208.9,21.7487,2019-11-27T03:57:00.000000Z
1574827080000,208.8,208.8,208.7,208.7,1.2777,2019-11-27T03:58:00.000000Z
1574827140000,208.9,209.2,208.9,209.1,8.6891,2019-11-27T03:59:00.000000Z
1574827200000,209.0,209.0,208.8,208.8,3.2976,2019-11-27T04:00:00.000000Z
1574827260000,208.9,208.9,208.7,208.7,2.04,2019-11-27T04:01:00.000000Z
1574827320000,208.7,208.8,208.7,208.8,0.6182,2019-11-27T04:02:00.000000Z
1574827380000,208.7,208.8,208.7,208.7,4.6898,2019-11-27T04:03:00.000000Z
1574827440000,208.6,208.6,208.5,208.5,0.5074,2019-11-27T04:04:00.000000Z
1574827500000,208.6,208.7,208.4,208.5,2.3913,2019-11-27T04:05:00.000000Z
1574827560000,208.5,208.5,208.2,208.2,2.1967,2019-11-27T04:06:00.000000Z
1574827620000,208.2,208.7,208.1,208.7,4.5688,2019-11-27T04:07:00.000000Z
1574827680000,208.6,208.7,208.1,208.6,16.2252,2019-11-27T04:08:00.000000Z
