1574784240000,7103.4,7121.9,7100.8,7118.9,11.709770267,2019-11-26T16:04:00.000000Z
1574784300000,7119.1,7127.5,7115.3,7125.0,20.198487812,2019-11-26T16:05:00.000000Z
1574784360000,7124.4,7136.7,7121.6,7127.2,23.851344581,2019-11-26T16:06:00.000000Z
1574784420000,7127.1,7135.7,7108.1,7131.4,30.370892128,2019-11-26T16:07:00.000000Z
1574784480000,7131.7,7133.0,7111.2,7116.5,21.155282605,2019-11-26T16:08:00.000000Z
1574784540000,7116.5,7126.3,7113.7,7123.5,12.076639803,2019-11-26T16:09:00.000000Z
1574784600000,7123.4,7130.8,7120.1,7129.3,14.65702915,2019-11-26T16:10:00.000000Z
1574784660000,7127.8,7148.9,7126.3,7139.0,18.531005572,2019-11-26T16:11:00.000000Z
1574784720000,7139.0,7149.3,7134.8,7135.7,18.018086452,2019-11-26T16:12:00.000000Z
1574784780000,7135.7,7144.4,7132.8,7139.1,10.047329047,2019-11-26T16:13:00.000000Z
1574784840000,7138.8,7144.8,7133.0,7136.6,13.432468158,2019-11-26T16:14:00.000000Z
1574784900000,7136.6,7145.5,7136.3,7143.1,19.299901375,2019-11-26T16:15:00.000000Z
1574784960000,7143.1,7144.8,7136.5,7139.2,10.942699353,2019-11-26T16:16:00.000000Z
1574785020000,7139.6,7141.8,7125.4,7128.3,10.276,2019-11-26T16:17:00.000000Z
1574785080000,7128.3,7138.1,7124.4,7126.8,12.66869449,2019-11-26T16:18:00.000000Z
1574785140000,7126.8,7129.8,7123.2,7129.7,14.3945,2019-11-26T16:19:00.000000Z
1574785200000,7129.0,7129.8,7119.7,7119.7,7.207707601,2019-11-26T16:20:00.000000Z
1574785260000,7119.6,7122.1,7112.2,7117.3,11.009000491,2019-11-26T16:21:00.000000Z
1574785320000,7115.5,7118.4,7110.4,7113.1,7.183581261,2019-11-26T16:22:00.000000Z
1574785380000,7112.6,7114.4,7106.8,7109.3,6.3522,2019-11-26T16:23:00.000000Z
1574785440000,7109.4,7117.6,7109.3,7111.4,9.119021303,2019-11-26T16:24:00.000000Z
1574785500000,7111.2,7111.3,7103.6,7103.6,6.1942,2019-11-26T16:25:00.000000Z
1574785560000,7104.3,7108.7,7102.6,7108.7,4.5577,2019-11-26T16:26:00.000000Z
1574785620000,7108.0,7117.0,7106.6,7112.3,7.797426596,2019-11-26T16:27:00.000000Z
1574785680000,7112.3,7113.0,7108.8,7111.5,4.786888041,2019-11-26T16:28:00.000000Z
1574785740000,7110.8,7117.2,7110.3,7115.6,3.487518759,2019-11-26T16:29:00.000000Z
1574785800000,7115.6,7120.0,7114.0,7119.1,5.4575,2019-11-26T16:30:00.000000Z
1574785860000,7119.2,7119.7,7114.3,7114.4,5.548702296,2019-11-26T16:31:00.000000Z
1574785920000,7114.7,7115.3,7112.0,7114.0,3.0847,2019-11-26T16:32:00.000000Z
1574785980000,7114.0,7114.0,7106.8,7107.2,5.1335,2019-11-26T16:33:00.000000Z
1574786040000,7106.8,7111.0,7106.0,7108.6,5.335236523,2019-11-26T16:34:00.000000Z
1574786100000,7108.5,7110.6,7105.0,7106.6,5.96259879,2019-11-26T16:35:00.000000Z
1574786160000,7106.5,7109.0,7104.9,7107.0,4.9061,2019-11-26T16:36:00.000000Z
1574786220000,7106.9,7111.9,7106.7,7111.1,4.23026561,2019-11-26T16:37:00.000000Z
1574786280000,7110.9,7110.9,7105.5,7105.5,4.2275,2019-11-26T16:38:00.000000Z
1574786340000,7105.5,7105.6,7101.4,7104.2,3.6621,2019-11-26T16:39:00.000000Z
1574786400000,7104.2,7104.2,7097.3,7097.3,3.9767,2019-11-26T16:40:00.000000Z
1574786460000,7097.4,7097.9,7088.8,7095.4,10.3677,2019-11-26T16:41:00.000000Z
1574786520000,7095.5,7097.5,7089.6,7096.6,10.228967412,2019-11-26T16:42:00.000000Z
1574786580000,7096.3,7096.6,7089.5,7093.3,5.374318822,2019-11-26T16:43:00.000000Z
1574786640000,7092.8,7093.3,7087.9,7091.1,4.484092543,2019-11-26T16:44:00.000000Z
1574786700000,7091.8,7093.1,7090.0,7090.3,2.5824,2019-11-26T16:45:00.000000Z
1574786760000,7089.9,7092.6,7087.1,7092.4,4.5237,2019-11-26T16:46:00.000000Z
1574786820000,7090.9,7095.1,7089.3,7094.8,6.089694416,2019-11-26T16:47:00.000000Z
1574786880000,7094.6,7100.7,7094.1,7097.8,5.515714396,2019-11-26T16:48:00.000000Z
1574786940000,7097.8,7097.9,7090.7,7091.2,4.3099,2019-11-26T16:49:00.000000Z
1574787000000,7090.8,7090.8,7086.1,7087.9,5.7799,2019-11-26T16:50:00.000000Z
1574787060000,7087.8,7088.7,7083.0,7087.0,7.389668818,2019-11-26T16:51:00.000000Z
1574787120000,7087.0,7088.0,7085.6,7087.0,2.669365951,2019-11-26T16:52:00.000000Z
1574787180000,7087.0,7094.9,7087.0,7090.0,9.797030425,2019-11-26T16:53:00.000000Z
1574787240000,7090.0,7092.2,7087.7,7088.1,4.081107243,2019-11-26T16:54:00.000000Z
1574787300000,7088.4,7094.4,7088.4,7094.4,6.400553593,2019-11-26T16:55:00.000000Z
1574787360000,7093.9,7098.6,7091.8,7098.0,4.128946564,2019-11-26T16:56:00.000000Z
1574787420000,7097.6,7105.9,7096.1,7105.9,6.2188,2019-11-26T16:57:00.000000Z
1574787480000,7106.2,7116.3,7105.6,7112.1,18.567544754,2019-11-26T16:58:00.000000Z
1574787540000,7112.1,7123.9,7111.1,7114.2,25.236942938,2019-11-26T16:59:00.000000Z
1574787600000,7114.4,7122.9,7113.0,7120.1,9.45997484,2019-11-26T17:00:00.000000Z
1574787660000,7120.1,7123.4,7107.1,7107.1,6.665686556,2019-11-26T17:01:00.000000Z
1574787720000,7107.3,7108.6,7102.9,7103.0,8.7597,2019-11-26T17:02:00.000000Z
1574787780000,7103.1,7104.9,7088.5,7089.1,14.979583814,2019-11-26T17:03:00.000000Z
1574787840000,7089.4,7092.2,7067.3,7077.2,23.402879054,2019-11-26T17:04:00.000000Z
1574787900000,7080.4,7083.6,7064.3,7065.0,14.235648855,2019-11-26T17:05:00.000000Z
1574787960000,7065.0,7077.5,7061.4,7068.4,12.744498436,2019-11-26T17:06:00.000000Z
1574788020000,7067.9,7074.9,7067.7,7073.3,7.6807,2019-11-26T17:07:00.000000Z
1574788080000,7073.5,7081.2,7073.5,7079.4,7.350702482,2019-11-26T17:08:00.000000Z
1574788140000,7080.0,7083.6,7069.3,7073.8,9.203109808,2019-11-26T17:09:00.000000Z
1574788200000,7073.5,7074.7,7063.4,7064.2,5.308,2019-11-26T17:10:00.000000Z
1574788260000,7065.4,7066.4,7061.3,7065.3,5.2887,2019-11-26T17:11:00.000000Z
1574788320000,7065.3,7073.8,7063.0,7065.9,8.1419,2019-11-26T17:12:00.000000Z
1574788380000,7065.4,7072.0,7065.4,7069.3,7.239018252,2019-11-26T17:13:00.000000Z
1574788440000,7068.7,7069.3,7065.8,7068.7,6.3943,2019-11-26T17:14:00.000000Z
1574788500000,7068.8,7074.8,7064.1,7064.5,7.180641967,2019-11-26T17:15:00.000000Z
1574788560000,7064.4,7066.3,7060.0,7065.6,5.816571955,2019-11-26T17:16:00.000000Z
1574788620000,7066.0,7077.5,7063.1,7077.3,8.013217097,2019-11-26T17:17:00.000000Z
1574788680000,7077.5,7077.6,7066.7,7075.7,9.226617598,2019-11-26T17:18:00.000000Z
1574788740000,7075.5,7079.5,7073.6,7074.2,6.2109,2019-11-26T17:19:00.000000Z
1574788800000,7074.6,7074.6,7067.3,7069.2,4.3838,2019-11-26T17:20:00.000000Z
1574788860000,7068.8,7071.7,7063.9,7071.4,6.5256,2019-11-26T17:21:00.000000Z
1574788920000,7071.3,7072.7,7069.2,7070.4,6.1514,2019-11-26T17:22:00.000000Z
1574788980000,7070.3,7073.0,7070.1,7072.4,2.533257304,2019-11-26T17:23:00.000000Z
1574789040000,7072.3,7077.2,7070.5,7072.1,6.054757212,2019-11-26T17:24:00.000000Z
1574789100000,7072.0,7080.9,7071.4,7080.8,5.313452858,2019-11-26T17:25:00.000000Z
1574789160000,7080.8,7090.6,7079.0,7086.6,9.741632626,2019-11-26T17:26:00.000000Z
1574789220000,7086.7,7087.4,7078.4,7079.0,7.0466,2019-11-26T17:27:00.000000Z
1574789280000,7079.5,7080.8,7077.4,7080.4,2.2417,2019-11-26T17:28:00.000000Z
1574789340000,7080.4,7084.4,7078.7,7079.1,4.5938,2019-11-26T17:29:00.000000Z
1574789400000,7079.1,7081.6,7075.7,7076.5,4.637082889,2019-11-26T17:30:00.000000Z
1574789460000,7076.6,7076.9,7074.5,7075.1,2.2067,2019-11-26T17:31:00.000000Z
1574789520000,7075.1,7083.0,7075.0,7076.4,5.6573,2019-11-26T17:32:00.000000Z
1574789580000,7076.4,7083.0,7076.4,7082.3,5.863067483,2019-11-26T17:33:00.000000Z
1574789640000,7082.3,7083.1,7080.7,7082.4,3.191774006,2019-11-26T17:34:00.000000Z
1574789700000,7082.4,7090.9,7082.4,7089.1,4.71221716,2019-11-26T17:35:00.000000Z
1574789760000,7089.1,7090.3,7078.0,7078.2,5.6055,2019-11-26T17:36:00.000000Z
1574789820000,7077.9,7085.0,7076.8,7079.6,4.1008,2019-11-26T17:37:00.000000Z
1574789880000,7079.9,7082.3,7078.6,7079.1,2.9148,2019-11-26T17:38:00.000000Z
1574789940000,7079.1,7079.1,7071.8,7072.4,3.3903,2019-11-26T17:39:00.000000Z
1574790000000,7071.9,7080.9,7071.8,7078.2,5.2755,2019-11-26T17:40:00.000000Z
1574790060000,7078.4,7078.6,7073.1,7074.9,4.8473,2019-11-26T17:41:00.000000Z
1574790120000,7074.1,7082.0,7074.1,7078.9,9.2044,2019-11-26T17:42:00.000000Z
1574790180000,7078.7,7079.3,7075.8,7079.3,3.988984387,2019-11-26T17:43:00.000000Z
1574790240000,7078.0,7083.6,7077.1,7077.7,5.300066258,2019-11-26T17:44:00.000000Z
1574790300000,7077.8,7083.0,7077.7,7080.3,3.719,2019-11-26T17:45:00.000000Z
1574790360000,7080.5,7085.2,7080.1,7084.0,4.0601,2019-11-26T17:46:00.000000Z
1574790420000,7084.0,7084.2,7080.0,7082.7,3.0103,2019-11-26T17:47:00.000000Z
1574790480000,7082.2,7082.2,7078.5,7078.5,3.5714,2019-11-26T17:48:00.000000Z
1574790540000,7078.4,7079.2,7074.8,7079.2,4.9789,2019-11-26T17:49:00.000000Z
1574790600000,7079.2,7083.5,7077.4,7081.4,5.974954926,2019-11-26T17:50:00.000000Z
1574790660000,7081.1,7088.0,7080.1,7084.6,4.478506748,2019-11-26T17:51:00.000000Z
1574790720000,7084.6,7089.2,7082.8,7086.6,5.479759593,2019-11-26T17:52:00.000000Z
1574790780000,7086.4,7090.3,7085.1,7087.9,4.487684756,2019-11-26T17:53:00.000000Z
1574790840000,7088.0,7092.7,7087.2,7092.2,3.851903891,2019-11-26T17:54:00.000000Z
1574790900000,7092.4,7097.3,7089.7,7091.7,9.077720274,2019-11-26T17:55:00.000000Z
1574790960000,7091.7,7096.1,7090.5,7090.7,5.268569566,2019-11-26T17:56:00.000000Z
1574791020000,7090.5,7090.6,7085.4,7085.4,6.262065169,2019-11-26T17:57:00.000000Z
1574791080000,7086.0,7086.6,7079.5,7079.6,3.0809,2019-11-26T17:58:00.000000Z
1574791140000,7080.5,7082.2,7078.8,7081.4,3.571331482,2019-11-26T17:59:00.000000Z
1574791200000,7081.4,7088.9,7080.7,7080.8,8.1313,2019-11-26T18:00:00.000000Z
1574791260000,7080.8,7081.3,7080.5,7080.9,1.377,2019-11-26T18:01:00.000000Z
1574791320000,7080.9,7081.6,7080.0,7081.6,3.033799651,2019-11-26T18:02:00.000000Z
1574791380000,7081.3,7092.1,7080.9,7090.1,6.759489487,2019-11-26T18:03:00.000000Z
1574791440000,7089.7,7089.8,7084.8,7084.9,5.517099281,2019-11-26T18:04:00.000000Z
1574791500000,7085.1,7087.8,7084.8,7086.9,2.897111236,2019-11-26T18:05:00.000000Z
1574791560000,7086.7,7086.9,7081.0,7086.7,7.024044007,2019-11-26T18:06:00.000000Z
1574791620000,7085.4,7086.5,7081.5,7081.7,4.236899155,2019-11-26T18:07:00.000000Z
1574791680000,7082.0,7082.5,7074.7,7075.3,4.5686,2019-11-26T18:08:00.000000Z
1574791740000,7075.9,7076.5,7065.0,7067.7,11.3423,2019-11-26T18:09:00.000000Z
1574791800000,7068.0,7071.4,7046.2,7057.9,31.164054316,2019-11-26T18:10:00.000000Z
1574791860000,7057.4,7060.9,7047.6,7054.6,15.788803422,2019-11-26T18:11:00.000000Z
1574791920000,7054.3,7054.3,7034.0,7045.4,22.7465,2019-11-26T18:12:00.000000Z
1574791980000,7045.4,7053.0,7042.8,7048.7,22.309511337,2019-11-26T18:13:00.000000Z
1574792040000,7049.1,7051.9,7045.0,7047.0,10.068983715,2019-11-26T18:14:00.000000Z
1574792100000,7047.3,7054.9,7047.0,7054.2,7.223392141,2019-11-26T18:15:00.000000Z
1574792160000,7054.2,7062.2,7052.4,7059.1,8.302346759,2019-11-26T18:16:00.000000Z
1574792220000,7059.5,7062.5,7055.6,7057.3,4.80327381,2019-11-26T18:17:00.000000Z
1574792280000,7057.3,7060.5,7055.9,7057.6,4.4839,2019-11-26T18:18:00.000000Z
1574792340000,7057.6,7057.6,7052.7,7054.8,5.048235438,2019-11-26T18:19:00.000000Z
1574792400000,7055.4,7057.5,7054.5,7055.6,3.1688,2019-11-26T18:20:00.000000Z
1574792460000,7055.8,7069.0,7055.8,7066.7,10.7478,2019-11-26T18:21:00.000000Z
1574792520000,7066.7,7075.9,7062.2,7070.7,10.996586624,2019-11-26T18:22:00.000000Z
1574792580000,7070.7,7089.6,7069.4,7083.1,25.016896092,2019-11-26T18:23:00.000000Z
1574792640000,7083.2,7089.0,7078.2,7081.2,11.8324,2019-11-26T18:24:00.000000Z
1574792700000,7081.7,7084.7,7078.4,7080.5,11.3956,2019-11-26T18:25:00.000000Z
1574792760000,7080.4,7086.5,7078.3,7084.9,9.5345,2019-11-26T18:26:00.000000Z
1574792820000,7084.6,7085.1,7076.7,7078.1,5.7156,2019-11-26T18:27:00.000000Z
1574792880000,7077.9,7078.7,7058.1,7071.3,16.213639458,2019-11-26T18:28:00.000000Z
1574792940000,7070.8,7077.3,7069.9,7071.8,8.347460542,2019-11-26T18:29:00.000000Z
1574793000000,7071.7,7073.4,7069.8,7071.7,6.8841,2019-11-26T18:30:00.000000Z
1574793060000,7071.8,7078.4,7070.8,7077.8,5.2079,2019-11-26T18:31:00.000000Z
1574793120000,7077.8,7080.8,7075.0,7078.3,5.0291,2019-11-26T18:32:00.000000Z
1574793180000,7077.7,7084.8,7077.7,7083.2,3.383731251,2019-11-26T18:33:00.000000Z
1574793240000,7083.1,7089.9,7083.0,7089.5,4.022745855,2019-11-26T18:34:00.000000Z
1574793300000,7089.5,7090.5,7084.2,7084.5,3.994904933,2019-11-26T18:35:00.000000Z
1574793360000,7084.6,7087.3,7082.9,7084.2,3.657204019,2019-11-26T18:36:00.000000Z
1574793420000,7084.2,7084.4,7080.7,7081.6,3.1034,2019-11-26T18:37:00.000000Z
1574793480000,7081.5,7085.7,7081.1,7083.3,4.9688,2019-11-26T18:38:00.000000Z
1574793540000,7083.1,7087.7,7083.0,7085.9,3.538561017,2019-11-26T18:39:00.000000Z
1574793600000,7085.8,7087.4,7078.3,7078.7,5.3305,2019-11-26T18:40:00.000000Z
1574793660000,7078.8,7079.6,7074.8,7077.6,3.922,2019-11-26T18:41:00.000000Z
1574793720000,7077.6,7080.1,7076.2,7079.9,4.688691559,2019-11-26T18:42:00.000000Z
1574793780000,7079.9,7080.2,7074.0,7074.5,4.2289,2019-11-26T18:43:00.000000Z
1574793840000,7074.4,7074.7,7071.1,7073.9,4.3747,2019-11-26T18:44:00.000000Z
1574793900000,7074.2,7079.5,7073.9,7079.2,3.73711274,2019-11-26T18:45:00.000000Z
1574793960000,7079.2,7081.0,7078.2,7080.6,2.917013436,2019-11-26T18:46:00.000000Z
1574794020000,7080.6,7085.4,7080.5,7083.5,4.301395283,2019-11-26T18:47:00.000000Z
1574794080000,7083.5,7086.7,7078.5,7079.3,5.172205197,2019-11-26T18:48:00.000000Z
1574794140000,7078.9,7086.1,7078.0,7086.1,4.778594803,2019-11-26T18:49:00.000000Z
1574794200000,7086.0,7086.7,7081.6,7083.2,3.210001496,2019-11-26T18:50:00.000000Z
1574794260000,7083.1,7085.9,7081.3,7084.4,3.925901492,2019-11-26T18:51:00.000000Z
1574794320000,7084.3,7085.5,7082.2,7082.5,4.0628,2019-11-26T18:52:00.000000Z
1574794380000,7082.3,7084.6,7078.9,7083.8,3.988292835,2019-11-26T18:53:00.000000Z
1574794440000,7083.7,7084.3,7080.6,7082.2,2.034100396,2019-11-26T18:54:00.000000Z
1574794500000,7082.0,7082.8,7081.0,7082.0,1.97969654,2019-11-26T18:55:00.000000Z
1574794560000,7082.0,7084.8,7080.7,7084.8,3.445995426,2019-11-26T18:56:00.000000Z
1574794620000,7084.6,7084.8,7081.8,7082.6,2.65776233,2019-11-26T18:57:00.000000Z
1574794680000,7082.6,7094.2,7082.6,7090.8,8.669879932,2019-11-26T18:58:00.000000Z
1574794740000,7090.8,7094.8,7090.1,7093.5,3.1014,2019-11-26T18:59:00.000000Z
1574794800000,7093.6,7095.1,7088.4,7092.5,5.118761015,2019-11-26T19:00:00.000000Z
1574794860000,7092.5,7096.3,7091.8,7095.8,5.561596718,2019-11-26T19:01:00.000000Z
1574794920000,7095.6,7096.9,7090.0,7092.4,5.349695968,2019-11-26T19:02:00.000000Z
1574794980000,7092.5,7094.7,7089.4,7094.4,5.0613,2019-11-26T19:03:00.000000Z
1574795040000,7094.4,7094.6,7089.5,7093.2,3.001183519,2019-11-26T19:04:00.000000Z
1574795100000,7093.1,7095.8,7091.0,7091.4,8.366862074,2019-11-26T19:05:00.000000Z
1574795160000,7091.3,7094.7,7091.1,7094.1,2.955980852,2019-11-26T19:06:00.000000Z
1574795220000,7093.9,7094.2,7090.2,7092.5,3.602881324,2019-11-26T19:07:00.000000Z
1574795280000,7092.3,7093.0,7091.0,7091.8,1.346792908,2019-11-26T19:08:00.000000Z
1574795340000,7091.6,7091.7,7087.4,7087.9,2.8746,2019-11-26T19:09:00.000000Z
1574795400000,7087.8,7088.0,7080.3,7080.9,4.3221,2019-11-26T19:10:00.000000Z
1574795460000,7080.6,7082.0,7072.6,7075.9,3.5875,2019-11-26T19:11:00.000000Z
1574795520000,7075.9,7078.5,7072.3,7073.5,7.026145642,2019-11-26T19:12:00.000000Z
1574795580000,7073.5,7081.9,7071.4,7077.2,7.99769788,2019-11-26T19:13:00.000000Z
1574795640000,7077.3,7077.8,7076.4,7077.2,3.2427,2019-11-26T19:14:00.000000Z
1574795700000,7077.2,7086.8,7076.3,7083.2,14.107166774,2019-11-26T19:15:00.000000Z
1574795760000,7083.2,7083.2,7078.1,7082.0,4.621167422,2019-11-26T19:16:00.000000Z
1574795820000,7081.5,7081.5,7079.8,7080.6,1.9086,2019-11-26T19:17:00.000000Z
1574795880000,7080.8,7084.0,7080.8,7082.7,2.428130779,2019-11-26T19:18:00.000000Z
1574795940000,7082.7,7088.8,7082.7,7087.0,5.328160815,2019-11-26T19:19:00.000000Z
1574796000000,7086.4,7093.9,7085.4,7093.9,3.3402,2019-11-26T19:20:00.000000Z
1574796060000,7093.9,7096.5,7084.9,7086.6,8.527167217,2019-11-26T19:21:00.000000Z
1574796120000,7088.2,7091.6,7085.3,7088.5,8.89768901,2019-11-26T19:22:00.000000Z
1574796180000,7088.4,7088.4,7085.0,7087.8,3.56059963,2019-11-26T19:23:00.000000Z
1574796240000,7087.2,7088.9,7084.5,7087.7,3.460785447,2019-11-26T19:24:00.000000Z
1574796300000,7087.6,7088.2,7083.7,7086.3,5.3558,2019-11-26T19:25:00.000000Z
1574796360000,7086.1,7088.1,7083.5,7083.6,4.230795526,2019-11-26T19:26:00.000000Z
1574796420000,7083.6,7088.8,7083.6,7088.1,3.1338,2019-11-26T19:27:00.000000Z
1574796480000,7088.0,7088.1,7083.2,7084.0,4.724803143,2019-11-26T19:28:00.000000Z
1574796540000,7083.7,7089.6,7083.7,7087.1,5.000011047,2019-11-26T19:29:00.000000Z
1574796600000,7087.1,7089.6,7086.9,7089.4,1.529077134,2019-11-26T19:30:00.000000Z
1574796660000,7089.2,7089.8,7086.9,7087.6,3.8913,2019-11-26T19:31:00.000000Z
1574796720000,7088.6,7091.1,7086.5,7087.4,3.418396772,2019-11-26T19:32:00.000000Z
1574796780000,7088.0,7088.9,7087.7,7088.9,1.3198,2019-11-26T19:33:00.000000Z
1574796840000,7088.9,7095.9,7088.9,7095.8,5.987353249,2019-11-26T19:34:00.000000Z
1574796900000,7095.0,7110.0,7093.9,7105.9,12.996368279,2019-11-26T19:35:00.000000Z
1574796960000,7106.4,7125.4,7106.3,7122.1,17.6513,2019-11-26T19:36:00.000000Z
1574797020000,7122.3,7123.8,7091.1,7098.1,31.410609808,2019-11-26T19:37:00.000000Z
1574797080000,7097.1,7101.6,7092.4,7099.4,18.9858,2019-11-26T19:38:00.000000Z
1574797140000,7099.3,7102.7,7081.7,7087.9,16.178402964,2019-11-26T19:39:00.000000Z
1574797200000,7088.3,7089.6,7076.7,7078.6,13.203629482,2019-11-26T19:40:00.000000Z
1574797260000,7078.0,7082.9,7066.9,7074.8,16.9691,2019-11-26T19:41:00.000000Z
1574797320000,7074.9,7079.4,7074.3,7078.4,8.206462666,2019-11-26T19:42:00.000000Z
1574797380000,7077.6,7079.7,7066.8,7072.5,15.3982,2019-11-26T19:43:00.000000Z
1574797440000,7071.5,7077.5,7068.3,7070.1,8.231811684,2019-11-26T19:44:00.000000Z
1574797500000,7070.1,7078.7,7068.4,7078.6,7.4307,2019-11-26T19:45:00.000000Z
1574797560000,7078.6,7079.4,7072.9,7073.6,4.740658925,2019-11-26T19:46:00.000000Z
1574797620000,7073.6,7076.8,7072.5,7074.6,2.4824,2019-11-26T19:47:00.000000Z
1574797680000,7074.3,7075.3,7069.0,7071.4,7.6041,2019-11-26T19:48:00.000000Z
1574797740000,7071.2,7074.3,7067.3,7073.8,5.031215529,2019-11-26T19:49:00.000000Z
1574797800000,7073.6,7074.6,7067.1,7074.6,7.1218,2019-11-26T19:50:00.000000Z
1574797860000,7074.6,7075.1,7072.4,7073.2,2.6565,2019-11-26T19:51:00.000000Z
1574797920000,7072.7,7080.2,7072.7,7080.2,3.702941075,2019-11-26T19:52:00.000000Z
1574797980000,7080.2,7080.3,7076.4,7077.2,3.675203672,2019-11-26T19:53:00.000000Z
1574798040000,7077.5,7079.8,7073.5,7077.4,7.394700406,2019-11-26T19:54:00.000000Z
1574798100000,7077.2,7077.2,7072.8,7074.6,6.0282,2019-11-26T19:55:00.000000Z
1574798160000,7074.6,7074.9,7070.4,7074.1,4.689,2019-11-26T19:56:00.000000Z
1574798220000,7074.1,7078.2,7073.5,7074.1,4.8424,2019-11-26T19:57:00.000000Z
1574798280000,7073.7,7076.4,7072.8,7075.6,2.5432,2019-11-26T19:58:00.000000Z
1574798340000,7075.6,7076.4,7073.6,7075.0,3.0203,2019-11-26T19:59:00.000000Z
1574798400000,7075.3,7082.0,7075.1,7082.0,3.873193114,2019-11-26T20:00:00.000000Z
1574798460000,7082.1,7082.2,7076.6,7080.8,6.3516,2019-11-26T20:01:00.000000Z
1574798520000,7080.4,7082.0,7079.4,7080.8,3.3056,2019-11-26T20:02:00.000000Z
1574798580000,7080.9,7081.2,7076.9,7079.8,5.0111,2019-11-26T20:03:00.000000Z
1574798640000,7080.0,7082.2,7079.2,7080.7,2.294874646,2019-11-26T20:04:00.000000Z
1574798700000,7080.7,7082.7,7077.3,7082.5,4.386065611,2019-11-26T20:05:00.000000Z
1574798760000,7082.3,7085.2,7080.5,7080.5,4.842359743,2019-11-26T20:06:00.000000Z
1574798820000,7080.5,7084.8,7080.4,7083.2,3.4452,2019-11-26T20:07:00.000000Z
1574798880000,7082.8,7088.9,7082.5,7088.7,3.6223,2019-11-26T20:08:00.000000Z
1574798940000,7088.7,7088.9,7081.1,7082.5,5.0358,2019-11-26T20:09:00.000000Z
1574799000000,7082.5,7085.5,7081.5,7084.1,3.9186,2019-11-26T20:10:00.000000Z
1574799060000,7084.1,7088.0,7083.9,7085.0,3.8025,2019-11-26T20:11:00.000000Z
1574799120000,7085.7,7086.1,7082.5,7085.8,4.1004,2019-11-26T20:12:00.000000Z
1574799180000,7085.8,7086.2,7081.8,7082.4,2.9975,2019-11-26T20:13:00.000000Z
1574799240000,7081.9,7082.8,7078.5,7078.6,3.2781,2019-11-26T20:14:00.000000Z
1574799300000,7078.6,7082.7,7077.8,7081.0,4.6162,2019-11-26T20:15:00.000000Z
1574799360000,7080.7,7080.8,7076.9,7078.4,2.9442,2019-11-26T20:16:00.000000Z
1574799420000,7078.6,7080.6,7076.4,7079.1,3.74202751,2019-11-26T20:17:00.000000Z
1574799480000,7079.0,7079.0,7071.4,7077.3,5.092690674,2019-11-26T20:18:00.000000Z
1574799540000,7077.2,7078.4,7073.1,7073.9,3.1299,2019-11-26T20:19:00.000000Z
1574799600000,7073.9,7077.6,7073.9,7077.3,4.2004,2019-11-26T20:20:00.000000Z
1574799660000,7077.4,7081.5,7077.4,7080.2,5.666514069,2019-11-26T20:21:00.000000Z
1574799720000,7080.0,7080.6,7075.5,7079.7,4.6294,2019-11-26T20:22:00.000000Z
1574799780000,7079.7,7080.6,7076.4,7080.4,4.120082826,2019-11-26T20:23:00.000000Z
1574799840000,7080.2,7086.3,7079.8,7084.5,7.062968324,2019-11-26T20:24:00.000000Z
1574799900000,7084.1,7086.9,7076.4,7077.3,12.5291,2019-11-26T20:25:00.000000Z
1574799960000,7077.4,7081.5,7076.4,7076.4,4.445,2019-11-26T20:26:00.000000Z
1574800020000,7076.9,7080.6,7075.7,7080.0,3.5295,2019-11-26T20:27:00.000000Z
1574800080000,7080.0,7082.0,7076.4,7080.5,5.2955,2019-11-26T20:28:00.000000Z
1574800140000,7080.8,7084.1,7078.6,7078.6,4.2783,2019-11-26T20:29:00.000000Z
1574800200000,7078.6,7079.4,7074.3,7075.6,6.9632,2019-11-26T20:30:00.000000Z
1574800260000,7076.8,7077.0,7069.7,7074.9,5.2503,2019-11-26T20:31:00.000000Z
1574800320000,7074.6,7075.3,7067.7,7074.5,5.662087978,2019-11-26T20:32:00.000000Z
1574800380000,7074.7,7074.7,7066.7,7070.2,7.6369,2019-11-26T20:33:00.000000Z
1574800440000,7070.3,7070.3,7065.7,7066.3,3.393912617,2019-11-26T20:34:00.000000Z
1574800500000,7066.8,7074.3,7065.7,7071.7,8.034267135,2019-11-26T20:35:00.000000Z
1574800560000,7072.7,7079.2,7071.8,7076.8,9.480012022,2019-11-26T20:36:00.000000Z
1574800620000,7076.9,7081.1,7075.2,7080.1,4.2102,2019-11-26T20:37:00.000000Z
1574800680000,7080.6,7082.0,7078.0,7080.2,4.3319,2019-11-26T20:38:00.000000Z
1574800740000,7082.1,7086.7,7080.4,7085.2,8.293175542,2019-11-26T20:39:00.000000Z
1574800800000,7085.4,7085.4,7080.6,7081.7,4.9503,2019-11-26T20:40:00.000000Z
1574800860000,7081.1,7084.7,7080.3,7083.7,4.6281,2019-11-26T20:41:00.000000Z
1574800920000,7082.9,7084.0,7079.7,7080.3,6.0054,2019-11-26T20:42:00.000000Z
1574800980000,7080.3,7081.7,7079.2,7081.4,2.4887,2019-11-26T20:43:00.000000Z
1574801040000,7081.4,7081.4,7078.5,7080.2,3.789,2019-11-26T20:44:00.000000Z
1574801100000,7080.2,7082.6,7078.8,7080.7,4.7018,2019-11-26T20:45:00.000000Z
1574801160000,7080.7,7081.4,7078.9,7080.7,2.487,2019-11-26T20:46:00.000000Z
1574801220000,7080.7,7099.0,7080.5,7094.6,12.646734064,2019-11-26T20:47:00.000000Z
1574801280000,7094.6,7099.8,7091.2,7096.8,11.7348,2019-11-26T20:48:00.000000Z
1574801340000,7096.8,7102.6,7093.4,7096.8,10.02741675,2019-11-26T20:49:00.000000Z
1574801400000,7097.0,7099.8,7096.6,7098.6,5.425043367,2019-11-26T20:50:00.000000Z
1574801460000,7098.5,7105.4,7089.1,7089.4,16.218784378,2019-11-26T20:51:00.000000Z
1574801520000,7089.4,7095.8,7089.4,7095.1,7.41250169,2019-11-26T20:52:00.000000Z
1574801580000,7094.4,7100.2,7094.1,7097.6,6.288337215,2019-11-26T20:53:00.000000Z
1574801640000,7097.7,7102.6,7095.9,7100.1,9.599500549,2019-11-26T20:54:00.000000Z
1574801700000,7100.2,7110.0,7099.9,7105.7,9.441803271,2019-11-26T20:55:00.000000Z
1574801760000,7105.7,7109.8,7102.5,7107.7,4.213568784,2019-11-26T20:56:00.000000Z
1574801820000,7107.8,7110.1,7105.3,7105.8,5.994302793,2019-11-26T20:57:00.000000Z
1574801880000,7105.3,7105.8,7102.2,7105.0,4.3575,2019-11-26T20:58:00.000000Z
1574801940000,7104.8,7105.1,7104.1,7104.6,1.005499892,2019-11-26T20:59:00.000000Z
1574802000000,7104.7,7119.2,7104.7,7114.8,11.775510959,2019-11-26T21:00:00.000000Z
1574802060000,7114.8,7122.5,7112.3,7117.0,8.872427866,2019-11-26T21:01:00.000000Z
1574802120000,7117.6,7132.2,7116.7,7127.6,14.600818584,2019-11-26T21:02:00.000000Z
1574802180000,7128.1,7133.6,7120.9,7123.3,13.7045,2019-11-26T21:03:00.000000Z
1574802240000,7122.4,7129.5,7110.7,7110.7,13.5867,2019-11-26T21:04:00.000000Z
1574802300000,7111.0,7116.1,7106.3,7109.4,9.938209834,2019-11-26T21:05:00.000000Z
1574802360000,7109.4,7114.2,7105.4,7114.0,8.951799567,2019-11-26T21:06:00.000000Z
1574802420000,7113.4,7140.0,7111.6,7134.2,15.447457747,2019-11-26T21:07:00.000000Z
1574802480000,7134.2,7134.3,7122.0,7125.7,13.4963,2019-11-26T21:08:00.000000Z
1574802540000,7126.2,7129.4,7121.6,7124.5,7.9469,2019-11-26T21:09:00.000000Z
1574802600000,7124.6,7126.8,7114.9,7117.1,10.599168187,2019-11-26T21:10:00.000000Z
1574802660000,7117.0,7130.8,7116.4,7129.3,10.325530295,2019-11-26T21:11:00.000000Z
1574802720000,7129.5,7136.1,7128.6,7134.1,8.1639,2019-11-26T21:12:00.000000Z
1574802780000,7134.5,7152.9,7133.6,7140.6,23.515005223,2019-11-26T21:13:00.000000Z
1574802840000,7140.6,7143.8,7135.0,7139.8,16.993675451,2019-11-26T21:14:00.000000Z
1574802900000,7139.9,7147.6,7132.6,7134.6,14.746003699,2019-11-26T21:15:00.000000Z
1574802960000,7134.6,7137.0,7116.3,7120.3,22.199,2019-11-26T21:16:00.000000Z
1574803020000,7120.3,7126.8,7115.9,7116.8,16.017253615,2019-11-26T21:17:00.000000Z
1574803080000,7116.7,7123.9,7115.2,7119.4,9.955639348,2019-11-26T21:18:00.000000Z
1574803140000,7119.4,7123.9,7117.3,7123.9,7.083952628,2019-11-26T21:19:00.000000Z
1574803200000,7123.9,7128.3,7120.5,7128.2,9.944983888,2019-11-26T21:20:00.000000Z
1574803260000,7128.2,7128.3,7116.4,7118.3,8.590600604,2019-11-26T21:21:00.000000Z
1574803320000,7117.7,7124.6,7117.1,7124.5,5.5792006,2019-11-26T21:22:00.000000Z
1574803380000,7124.2,7124.2,7120.5,7122.0,2.603,2019-11-26T21:23:00.000000Z
1574803440000,7122.0,7125.5,7119.5,7119.5,6.0985,2019-11-26T21:24:00.000000Z
1574803500000,7119.5,7126.8,7118.4,7126.0,6.3278,2019-11-26T21:25:00.000000Z
1574803560000,7125.3,7126.8,7121.7,7123.8,6.872438929,2019-11-26T21:26:00.000000Z
1574803620000,7123.7,7128.1,7123.7,7126.5,5.123590479,2019-11-26T21:27:00.000000Z
1574803680000,7126.9,7130.9,7124.4,7128.9,10.366467352,2019-11-26T21:28:00.000000Z
1574803740000,7127.9,7128.9,7123.2,7124.3,9.767402827,2019-11-26T21:29:00.000000Z
1574803800000,7124.3,7129.1,7123.3,7127.1,5.419677757,2019-11-26T21:30:00.000000Z
1574803860000,7127.7,7128.2,7124.6,7124.6,4.5837,2019-11-26T21:31:00.000000Z
1574803920000,7124.6,7125.6,7123.1,7125.1,3.226816774,2019-11-26T21:32:00.000000Z
1574803980000,7125.1,7125.4,7122.2,7123.3,3.997193803,2019-11-26T21:33:00.000000Z
1574804040000,7123.9,7125.9,7123.2,7124.3,3.31897707,2019-11-26T21:34:00.000000Z
1574804100000,7124.4,7126.4,7122.0,7123.7,4.352203777,2019-11-26T21:35:00.000000Z
1574804160000,7123.6,7124.3,7121.2,7121.5,1.910303862,2019-11-26T21:36:00.000000Z
1574804220000,7121.9,7124.5,7120.5,7121.2,4.042383856,2019-11-26T21:37:00.000000Z
1574804280000,7121.1,7121.1,7110.0,7113.0,9.057133786,2019-11-26T21:38:00.000000Z
1574804340000,7113.0,7115.7,7108.1,7108.6,5.962569268,2019-11-26T21:39:00.000000Z
1574804400000,7108.6,7109.6,7100.5,7105.4,5.508624582,2019-11-26T21:40:00.000000Z
1574804460000,7105.5,7107.9,7102.4,7106.1,7.945533068,2019-11-26T21:41:00.000000Z
1574804520000,7106.8,7110.0,7105.1,7105.8,6.454734112,2019-11-26T21:42:00.000000Z
1574804580000,7105.1,7112.8,7105.1,7112.0,6.453239266,2019-11-26T21:43:00.000000Z
1574804640000,7112.0,7113.2,7107.9,7108.1,4.183806808,2019-11-26T21:44:00.000000Z
1574804700000,7108.1,7113.3,7108.1,7112.2,3.513298247,2019-11-26T21:45:00.000000Z
1574804760000,7112.2,7118.6,7112.2,7117.0,4.1339,2019-11-26T21:46:00.000000Z
1574804820000,7116.9,7119.2,7115.8,7117.5,3.4835,2019-11-26T21:47:00.000000Z
1574804880000,7117.4,7122.0,7117.4,7120.6,4.119622983,2019-11-26T21:48:00.000000Z
1574804940000,7121.4,7124.1,7118.8,7123.9,3.431644333,2019-11-26T21:49:00.000000Z
1574805000000,7123.9,7125.4,7122.4,7123.3,3.2121,2019-11-26T21:50:00.000000Z
1574805060000,7123.3,7123.5,7118.8,7121.8,4.2972,2019-11-26T21:51:00.000000Z
1574805120000,7121.8,7122.0,7118.4,7118.5,4.5038,2019-11-26T21:52:00.000000Z
1574805180000,7118.5,7120.0,7110.3,7116.6,7.2678,2019-11-26T21:53:00.000000Z
1574805240000,7116.6,7117.4,7112.4,7116.2,4.081962505,2019-11-26T21:54:00.000000Z
1574805300000,7115.5,7116.6,7114.7,7115.9,1.4323,2019-11-26T21:55:00.000000Z
1574805360000,7115.9,7118.4,7115.9,7117.6,2.302865472,2019-11-26T21:56:00.000000Z
1574805420000,7118.2,7118.4,7116.1,7117.5,3.2678,2019-11-26T21:57:00.000000Z
1574805480000,7116.8,7117.0,7105.7,7108.2,6.1433,2019-11-26T21:58:00.000000Z
1574805540000,7107.2,7108.6,7102.8,7107.8,6.280600979,2019-11-26T21:59:00.000000Z
1574805600000,7108.4,7108.4,7095.7,7096.3,5.581906977,2019-11-26T22:00:00.000000Z
1574805660000,7096.3,7099.0,7072.7,7081.6,21.535560556,2019-11-26T22:01:00.000000Z
1574805720000,7082.1,7088.5,7080.7,7088.5,9.360520247,2019-11-26T22:02:00.000000Z
1574805780000,7088.2,7096.8,7085.7,7089.5,12.4428,2019-11-26T22:03:00.000000Z
1574805840000,7089.5,7091.7,7088.5,7090.4,5.945097978,2019-11-26T22:04:00.000000Z
1574805900000,7090.0,7094.8,7085.8,7091.1,8.8615,2019-11-26T22:05:00.000000Z
1574805960000,7091.1,7097.8,7091.1,7096.3,4.083951236,2019-11-26T22:06:00.000000Z
1574806020000,7096.2,7096.9,7093.2,7095.5,3.269607469,2019-11-26T22:07:00.000000Z
1574806080000,7094.9,7097.3,7093.6,7096.1,2.756742865,2019-11-26T22:08:00.000000Z
1574806140000,7095.8,7097.8,7095.7,7097.4,1.8028,2019-11-26T22:09:00.000000Z
1574806200000,7097.3,7097.4,7095.7,7096.8,2.5277,2019-11-26T22:10:00.000000Z
1574806260000,7096.6,7105.0,7096.6,7103.9,3.768,2019-11-26T22:11:00.000000Z
1574806320000,7103.9,7106.2,7103.2,7105.8,2.348891837,2019-11-26T22:12:00.000000Z
1574806380000,7106.1,7113.8,7105.8,7113.6,3.454299021,2019-11-26T22:13:00.000000Z
1574806440000,7113.6,7116.4,7112.6,7116.1,2.7406,2019-11-26T22:14:00.000000Z
1574806500000,7116.1,7116.9,7111.8,7112.7,4.4098,2019-11-26T22:15:00.000000Z
1574806560000,7112.1,7112.8,7108.5,7109.0,2.6688,2019-11-26T22:16:00.000000Z
1574806620000,7109.3,7109.3,7105.5,7105.5,1.910504777,2019-11-26T22:17:00.000000Z
1574806680000,7106.9,7107.8,7105.0,7105.8,3.5655,2019-11-26T22:18:00.000000Z
1574806740000,7105.5,7106.6,7105.3,7105.6,1.07761029,2019-11-26T22:19:00.000000Z
1574806800000,7105.7,7108.3,7105.2,7108.3,3.53958755,2019-11-26T22:20:00.000000Z
1574806860000,7108.1,7115.1,7107.0,7115.1,5.785142505,2019-11-26T22:21:00.000000Z
1574806920000,7114.6,7121.6,7114.1,7120.9,4.7759,2019-11-26T22:22:00.000000Z
1574806980000,7121.2,7121.6,7118.4,7118.6,3.3483,2019-11-26T22:23:00.000000Z
1574807040000,7118.7,7119.3,7116.3,7118.0,3.377487605,2019-11-26T22:24:00.000000Z
1574807100000,7118.0,7119.5,7117.2,7117.5,3.226401487,2019-11-26T22:25:00.000000Z
1574807160000,7117.4,7117.5,7116.7,7117.5,1.2616,2019-11-26T22:26:00.000000Z
1574807220000,7117.3,7118.2,7116.9,7117.9,1.62078953,2019-11-26T22:27:00.000000Z
1574807280000,7117.9,7117.9,7112.0,7112.6,6.1239,2019-11-26T22:28:00.000000Z
1574807340000,7112.9,7113.3,7108.1,7109.3,5.3673,2019-11-26T22:29:00.000000Z
1574807400000,7109.3,7112.1,7109.3,7111.3,2.924048757,2019-11-26T22:30:00.000000Z
1574807460000,7111.4,7116.3,7111.1,7115.9,3.3831,2019-11-26T22:31:00.000000Z
1574807520000,7115.7,7115.9,7113.1,7114.0,1.5002,2019-11-26T22:32:00.000000Z
1574807580000,7114.0,7115.0,7112.8,7112.9,2.680042584,2019-11-26T22:33:00.000000Z
1574807640000,7112.8,7115.5,7112.6,7114.7,3.015795012,2019-11-26T22:34:00.000000Z
1574807700000,7114.8,7138.1,7114.8,7133.8,12.0233,2019-11-26T22:35:00.000000Z
1574807760000,7133.9,7135.7,7127.9,7127.9,5.8642,2019-11-26T22:36:00.000000Z
1574807820000,7127.9,7128.0,7124.2,7127.8,6.135514203,2019-11-26T22:37:00.000000Z
1574807880000,7127.6,7130.4,7124.9,7130.3,4.8285,2019-11-26T22:38:00.000000Z
1574807940000,7130.0,7138.8,7129.3,7136.1,5.965005126,2019-11-26T22:39:00.000000Z
1574808000000,7136.1,7139.9,7136.0,7138.5,4.5815,2019-11-26T22:40:00.000000Z
1574808060000,7138.0,7139.8,7137.0,7137.4,2.8625,2019-11-26T22:41:00.000000Z
1574808120000,7137.4,7137.4,7133.7,7134.9,3.4134,2019-11-26T22:42:00.000000Z
1574808180000,7135.0,7135.0,7133.9,7134.3,1.0667,2019-11-26T22:43:00.000000Z
1574808240000,7134.1,7137.1,7133.5,7135.8,3.1359,2019-11-26T22:44:00.000000Z
1574808300000,7137.0,7144.8,7137.0,7140.7,6.721306415,2019-11-26T22:45:00.000000Z
1574808360000,7140.8,7140.8,7137.3,7137.9,2.8055,2019-11-26T22:46:00.000000Z
1574808420000,7137.5,7139.7,7137.3,7138.4,3.253300672,2019-11-26T22:47:00.000000Z
1574808480000,7138.4,7139.8,7137.2,7137.9,3.789905852,2019-11-26T22:48:00.000000Z
1574808540000,7137.5,7138.7,7137.4,7138.7,2.1053,2019-11-26T22:49:00.000000Z
1574808600000,7138.7,7139.2,7135.8,7136.3,3.681496494,2019-11-26T22:50:00.000000Z
1574808660000,7136.1,7136.8,7135.2,7135.4,1.9231,2019-11-26T22:51:00.000000Z
1574808720000,7135.2,7135.2,7130.0,7130.0,4.3334,2019-11-26T22:52:00.000000Z
1574808780000,7130.0,7134.9,7129.5,7132.6,4.355302455,2019-11-26T22:53:00.000000Z
1574808840000,7132.7,7137.1,7132.4,7135.1,7.0981,2019-11-26T22:54:00.000000Z
1574808900000,7135.3,7141.8,7133.7,7141.5,8.406096159,2019-11-26T22:55:00.000000Z
1574808960000,7141.5,7142.1,7139.4,7139.6,4.298309438,2019-11-26T22:56:00.000000Z
1574809020000,7140.2,7144.6,7139.4,7143.0,3.803000403,2019-11-26T22:57:00.000000Z
1574809080000,7143.0,7148.9,7141.5,7142.3,4.4905,2019-11-26T22:58:00.000000Z
1574809140000,7141.9,7142.9,7135.8,7137.4,6.8412,2019-11-26T22:59:00.000000Z
1574809200000,7138.0,7138.8,7136.4,7136.4,2.178695618,2019-11-26T23:00:00.000000Z
1574809260000,7136.4,7151.4,7135.9,7149.5,14.545305501,2019-11-26T23:01:00.000000Z
1574809320000,7149.4,7157.5,7147.9,7149.9,13.579006971,2019-11-26T23:02:00.000000Z
1574809380000,7149.7,7149.9,7145.7,7149.3,5.47479641,2019-11-26T23:03:00.000000Z
1574809440000,7149.2,7152.0,7145.9,7151.4,8.669865017,2019-11-26T23:04:00.000000Z
1574809500000,7151.4,7151.9,7147.0,7148.0,7.013392311,2019-11-26T23:05:00.000000Z
1574809560000,7148.5,7153.8,7145.2,7153.4,11.247218406,2019-11-26T23:06:00.000000Z
1574809620000,7153.4,7154.9,7148.9,7149.8,8.630617562,2019-11-26T23:07:00.000000Z
1574809680000,7150.5,7150.7,7144.0,7145.3,4.9106,2019-11-26T23:08:00.000000Z
1574809740000,7145.3,7147.4,7138.2,7139.4,6.2651,2019-11-26T23:09:00.000000Z
1574809800000,7139.4,7141.5,7129.5,7132.1,10.6143,2019-11-26T23:10:00.000000Z
1574809860000,7130.1,7139.1,7124.0,7137.3,18.641918562,2019-11-26T23:11:00.000000Z
1574809920000,7136.5,7138.3,7132.1,7132.1,10.5087,2019-11-26T23:12:00.000000Z
1574809980000,7132.0,7136.6,7126.9,7133.3,12.703014532,2019-11-26T23:13:00.000000Z
1574810040000,7133.1,7134.7,7128.9,7130.1,5.182500023,2019-11-26T23:14:00.000000Z
1574810100000,7130.1,7134.8,7129.9,7129.9,4.647189396,2019-11-26T23:15:00.000000Z
1574810160000,7130.0,7133.0,7126.8,7132.5,5.151480225,2019-11-26T23:16:00.000000Z
1574810220000,7132.5,7133.0,7127.6,7127.6,3.23149458,2019-11-26T23:17:00.000000Z
1574810280000,7127.8,7131.3,7125.6,7126.3,7.290400947,2019-11-26T23:18:00.000000Z
1574810340000,7126.3,7130.5,7124.7,7127.5,7.345596668,2019-11-26T23:19:00.000000Z
1574810400000,7127.4,7133.2,7125.3,7133.1,7.151095798,2019-11-26T23:20:00.000000Z
1574810460000,7133.1,7138.0,7131.5,7135.1,10.444997052,2019-11-26T23:21:00.000000Z
1574810520000,7133.9,7144.6,7133.6,7143.7,6.972380513,2019-11-26T23:22:00.000000Z
1574810580000,7144.6,7145.3,7140.0,7142.6,5.845300317,2019-11-26T23:23:00.000000Z
1574810640000,7142.2,7148.9,7141.5,7144.8,6.039958296,2019-11-26T23:24:00.000000Z
1574810700000,7144.6,7147.8,7141.8,7147.8,7.647597319,2019-11-26T23:25:00.000000Z
1574810760000,7147.8,7150.8,7145.0,7148.8,9.832229762,2019-11-26T23:26:00.000000Z
1574810820000,7148.7,7156.8,7146.5,7156.7,8.997,2019-11-26T23:27:00.000000Z
1574810880000,7154.5,7157.5,7150.9,7156.4,7.080114774,2019-11-26T23:28:00.000000Z
1574810940000,7156.7,7162.4,7156.6,7160.6,9.4646,2019-11-26T23:29:00.000000Z
1574811000000,7159.7,7173.8,7159.4,7173.4,25.452693997,2019-11-26T23:30:00.000000Z
1574811060000,7172.4,7177.8,7158.9,7158.9,17.691819665,2019-11-26T23:31:00.000000Z
1574811120000,7158.9,7163.6,7145.0,7159.9,18.5432,2019-11-26T23:32:00.000000Z
1574811180000,7159.9,7160.8,7147.9,7150.4,20.067907407,2019-11-26T23:33:00.000000Z
1574811240000,7150.4,7154.1,7143.3,7149.1,18.653941296,2019-11-26T23:34:00.000000Z
1574811300000,7148.9,7150.9,7144.5,7145.8,8.201387227,2019-11-26T23:35:00.000000Z
1574811360000,7145.8,7150.9,7143.6,7147.5,11.448291266,2019-11-26T23:36:00.000000Z
1574811420000,7146.7,7154.6,7145.8,7151.5,7.080559468,2019-11-26T23:37:00.000000Z
1574811480000,7151.5,7158.1,7149.9,7154.7,9.195692666,2019-11-26T23:38:00.000000Z
1574811540000,7154.7,7156.1,7151.2,7152.6,8.4034,2019-11-26T23:39:00.000000Z
1574811600000,7152.7,7159.6,7151.6,7158.3,10.411178342,2019-11-26T23:40:00.000000Z
1574811660000,7158.0,7164.2,7157.6,7159.0,7.9623,2019-11-26T23:41:00.000000Z
1574811720000,7159.0,7172.5,7158.0,7165.5,11.9354,2019-11-26T23:42:00.000000Z
1574811780000,7165.5,7176.4,7165.1,7175.7,12.3873,2019-11-26T23:43:00.000000Z
1574811840000,7174.4,7175.4,7166.4,7174.1,9.578642758,2019-11-26T23:44:00.000000Z
1574811900000,7174.0,7174.0,7163.4,7167.4,8.255189714,2019-11-26T23:45:00.000000Z
1574811960000,7167.0,7172.2,7166.8,7170.6,11.9549,2019-11-26T23:46:00.000000Z
1574812020000,7170.8,7171.3,7163.7,7169.0,8.443310528,2019-11-26T23:47:00.000000Z
1574812080000,7168.8,7171.2,7158.1,7158.5,8.551095339,2019-11-26T23:48:00.000000Z
1574812140000,7158.2,7161.7,7153.4,7153.5,4.942222179,2019-11-26T23:49:00.000000Z
1574812200000,7153.8,7155.0,7144.2,7151.3,14.1838,2019-11-26T23:50:00.000000Z
1574812260000,7151.4,7164.2,7150.0,7163.5,9.073853868,2019-11-26T23:51:00.000000Z
1574812320000,7163.5,7163.6,7157.0,7159.9,8.094,2019-11-26T23:52:00.000000Z
1574812380000,7160.1,7165.4,7158.6,7163.5,5.5609,2019-11-26T23:53:00.000000Z
1574812440000,7163.2,7166.6,7156.9,7162.3,9.1662,2019-11-26T23:54:00.000000Z
1574812500000,7161.6,7161.6,7156.6,7156.7,6.358488006,2019-11-26T23:55:00.000000Z
1574812560000,7156.7,7157.7,7152.6,7152.6,7.35341872,2019-11-26T23:56:00.000000Z
1574812620000,7153.1,7155.1,7145.8,7150.9,12.0768,2019-11-26T23:57:00.000000Z
1574812680000,7151.0,7152.7,7147.9,7152.3,6.1742,2019-11-26T23:58:00.000000Z
1574812740000,7152.3,7155.1,7150.5,7152.8,4.393833862,2019-11-26T23:59:00.000000Z
1574812800000,7153.0,7154.0,7141.9,7141.9,7.55079928,2019-11-27T00:00:00.000000Z
1574812860000,7143.6,7147.4,7141.5,7142.7,9.140304875,2019-11-27T00:01:00.000000Z
1574812920000,7142.7,7153.3,7142.5,7152.3,7.9063,2019-11-27T00:02:00.000000Z
1574812980000,7152.6,7153.3,7148.1,7151.4,6.8845,2019-11-27T00:03:00.000000Z
1574813040000,7151.2,7165.9,7151.2,7161.8,9.840309706,2019-11-27T00:04:00.000000Z
1574813100000,7162.6,7168.7,7162.6,7166.7,7.298066355,2019-11-27T00:05:00.000000Z
1574813160000,7166.0,7166.7,7161.1,7161.1,5.7938,2019-11-27T00:06:00.000000Z
1574813220000,7161.2,7162.4,7156.3,7157.7,5.364,2019-11-27T00:07:00.000000Z
1574813280000,7157.2,7160.2,7154.1,7158.8,5.9035,2019-11-27T00:08:00.000000Z
1574813340000,7158.8,7162.9,7157.1,7157.1,7.6513,2019-11-27T00:09:00.000000Z
1574813400000,7157.1,7160.0,7156.0,7156.0,3.6491,2019-11-27T00:10:00.000000Z
1574813460000,7156.4,7156.8,7148.3,7148.3,5.616606925,2019-11-27T00:11:00.000000Z
1574813520000,7148.4,7153.5,7147.8,7148.1,6.990196085,2019-11-27T00:12:00.000000Z
1574813580000,7148.1,7149.9,7145.4,7149.9,6.098838345,2019-11-27T00:13:00.000000Z
1574813640000,7149.9,7158.2,7149.5,7153.5,10.550558028,2019-11-27T00:14:00.000000Z
1574813700000,7152.8,7152.8,7145.7,7146.2,6.039816238,2019-11-27T00:15:00.000000Z
1574813760000,7145.8,7147.8,7140.8,7142.8,7.6817,2019-11-27T00:16:00.000000Z
1574813820000,7143.0,7148.3,7142.3,7147.8,11.331009165,2019-11-27T00:17:00.000000Z
1574813880000,7147.8,7148.9,7142.4,7145.9,6.863594381,2019-11-27T00:18:00.000000Z
1574813940000,7145.9,7150.8,7142.3,7142.7,10.278680913,2019-11-27T00:19:00.000000Z
1574814000000,7143.4,7143.6,7140.9,7143.0,6.794994657,2019-11-27T00:20:00.000000Z
1574814060000,7142.8,7146.2,7141.9,7144.9,6.6952,2019-11-27T00:21:00.000000Z
1574814120000,7145.3,7148.3,7142.8,7147.8,4.901584093,2019-11-27T00:22:00.000000Z
1574814180000,7148.3,7149.3,7142.5,7148.8,5.2951827,2019-11-27T00:23:00.000000Z
1574814240000,7148.8,7148.9,7143.3,7146.6,3.835482994,2019-11-27T00:24:00.000000Z
1574814300000,7146.6,7147.8,7143.3,7144.7,3.731210277,2019-11-27T00:25:00.000000Z
1574814360000,7144.6,7144.9,7141.0,7141.6,7.2011,2019-11-27T00:26:00.000000Z
1574814420000,7141.6,7141.6,7133.0,7133.0,16.819634595,2019-11-27T00:27:00.000000Z
1574814480000,7133.0,7133.6,7126.9,7132.6,14.232731226,2019-11-27T00:28:00.000000Z
1574814540000,7133.0,7137.3,7131.4,7135.8,12.813381603,2019-11-27T00:29:00.000000Z
1574814600000,7135.8,7137.1,7128.5,7131.0,8.1628,2019-11-27T00:30:00.000000Z
1574814660000,7130.4,7130.4,7123.4,7125.3,9.276870268,2019-11-27T00:31:00.000000Z
1574814720000,7125.3,7127.5,7117.9,7124.9,13.087089259,2019-11-27T00:32:00.000000Z
1574814780000,7124.5,7133.1,7124.4,7129.0,9.302003715,2019-11-27T00:33:00.000000Z
1574814840000,7129.6,7130.7,7124.4,7124.7,13.329796243,2019-11-27T00:34:00.000000Z
1574814900000,7125.0,7141.6,7124.9,7134.4,9.350806213,2019-11-27T00:35:00.000000Z
1574814960000,7134.1,7139.3,7132.3,7136.7,6.9147,2019-11-27T00:36:00.000000Z
1574815020000,7136.7,7136.7,7132.0,7132.9,8.921914647,2019-11-27T00:37:00.000000Z
1574815080000,7132.9,7137.1,7132.1,7132.5,6.191876458,2019-11-27T00:38:00.000000Z
1574815140000,7132.3,7138.8,7131.6,7137.6,6.527774834,2019-11-27T00:39:00.000000Z
1574815200000,7138.0,7140.5,7136.8,7137.3,7.645288932,2019-11-27T00:40:00.000000Z
1574815260000,7137.4,7141.1,7137.0,7140.4,4.535501894,2019-11-27T00:41:00.000000Z
1574815320000,7140.4,7145.8,7140.4,7145.3,5.004893694,2019-11-27T00:42:00.000000Z
1574815380000,7145.2,7145.9,7142.2,7145.8,3.505799445,2019-11-27T00:43:00.000000Z
1574815440000,7145.7,7148.3,7144.0,7148.0,4.880954689,2019-11-27T00:44:00.000000Z
1574815500000,7148.0,7149.8,7145.7,7146.3,4.664566002,2019-11-27T00:45:00.000000Z
1574815560000,7146.7,7150.3,7145.0,7150.2,4.523967187,2019-11-27T00:46:00.000000Z
1574815620000,7150.2,7151.5,7147.7,7150.7,7.307051486,2019-11-27T00:47:00.000000Z
1574815680000,7150.6,7151.0,7147.8,7150.4,4.639532011,2019-11-27T00:48:00.000000Z
1574815740000,7150.4,7152.0,7148.8,7149.8,3.850153137,2019-11-27T00:49:00.000000Z
1574815800000,7149.7,7152.5,7149.5,7150.6,2.718653584,2019-11-27T00:50:00.000000Z
1574815860000,7150.2,7153.8,7148.7,7152.6,4.054492216,2019-11-27T00:51:00.000000Z
1574815920000,7152.6,7152.6,7145.7,7145.7,4.9575,2019-11-27T00:52:00.000000Z
1574815980000,7145.7,7150.7,7143.9,7149.5,5.72246208,2019-11-27T00:53:00.000000Z
1574816040000,7150.2,7152.9,7147.8,7152.5,3.8417,2019-11-27T00:54:00.000000Z
1574816100000,7152.3,7158.0,7152.2,7155.6,4.601,2019-11-27T00:55:00.000000Z
1574816160000,7155.6,7156.6,7149.2,7150.2,6.286664326,2019-11-27T00:56:00.000000Z
1574816220000,7150.0,7159.1,7148.9,7157.9,5.925307012,2019-11-27T00:57:00.000000Z
1574816280000,7157.8,7159.4,7152.3,7155.5,5.86370598,2019-11-27T00:58:00.000000Z
1574816340000,7155.4,7155.9,7152.0,7154.5,4.689458005,2019-11-27T00:59:00.000000Z
1574816400000,7154.7,7167.3,7154.6,7164.1,15.442897582,2019-11-27T01:00:00.000000Z
1574816460000,7164.1,7180.0,7161.4,7170.6,24.42401708,2019-11-27T01:01:00.000000Z
1574816520000,7171.2,7177.2,7169.0,7174.4,15.625649559,2019-11-27T01:02:00.000000Z
1574816580000,7174.7,7178.5,7173.2,7174.8,8.8616,2019-11-27T01:03:00.000000Z
1574816640000,7174.9,7175.3,7164.1,7166.9,12.995029126,2019-11-27T01:04:00.000000Z
1574816700000,7166.9,7172.7,7164.6,7171.5,7.035048213,2019-11-27T01:05:00.000000Z
1574816760000,7171.2,7171.7,7155.5,7164.9,11.774529941,2019-11-27T01:06:00.000000Z
1574816820000,7164.3,7169.0,7164.0,7166.6,5.586228007,2019-11-27T01:07:00.000000Z
1574816880000,7166.6,7167.4,7161.5,7161.6,2.795055297,2019-11-27T01:08:00.000000Z
1574816940000,7162.6,7164.2,7158.1,7159.0,3.7466,2019-11-27T01:09:00.000000Z
1574817000000,7159.0,7162.6,7158.0,7158.6,6.253932325,2019-11-27T01:10:00.000000Z
1574817060000,7158.5,7162.9,7156.8,7159.8,11.429596797,2019-11-27T01:11:00.000000Z
1574817120000,7159.5,7160.9,7156.2,7159.1,5.077593955,2019-11-27T01:12:00.000000Z
1574817180000,7159.1,7163.8,7155.1,7158.6,9.489179753,2019-11-27T01:13:00.000000Z
1574817240000,7158.6,7159.8,7152.0,7153.5,6.6236,2019-11-27T01:14:00.000000Z
1574817300000,7153.5,7155.8,7152.0,7152.8,3.8433,2019-11-27T01:15:00.000000Z
1574817360000,7152.8,7155.7,7151.5,7151.7,6.031621538,2019-11-27T01:16:00.000000Z
1574817420000,7151.8,7153.1,7149.3,7150.4,4.628164497,2019-11-27T01:17:00.000000Z
1574817480000,7150.4,7153.4,7147.9,7148.3,9.472699205,2019-11-27T01:18:00.000000Z
1574817540000,7148.2,7151.9,7144.8,7144.8,12.919787686,2019-11-27T01:19:00.000000Z
1574817600000,7144.8,7148.6,7143.0,7148.6,11.591998318,2019-11-27T01:20:00.000000Z
1574817660000,7148.6,7153.2,7146.6,7150.7,7.0617,2019-11-27T01:21:00.000000Z
1574817720000,7150.8,7153.1,7146.2,7150.9,7.216072835,2019-11-27T01:22:00.000000Z
1574817780000,7150.9,7151.1,7147.2,7149.5,4.3368,2019-11-27T01:23:00.000000Z
1574817840000,7149.5,7152.8,7148.5,7149.1,6.175392994,2019-11-27T01:24:00.000000Z
1574817900000,7149.3,7152.4,7148.4,7151.5,3.276,2019-11-27T01:25:00.000000Z
1574817960000,7151.7,7157.8,7151.3,7156.8,3.611490061,2019-11-27T01:26:00.000000Z
1574818020000,7156.2,7157.4,7153.4,7153.4,7.57079675,2019-11-27T01:27:00.000000Z
1574818080000,7153.5,7158.6,7152.9,7155.9,5.5873,2019-11-27T01:28:00.000000Z
1574818140000,7156.3,7160.0,7154.6,7159.7,2.8078887,2019-11-27T01:29:00.000000Z
1574818200000,7159.7,7160.6,7155.6,7156.1,4.6932113,2019-11-27T01:30:00.000000Z
1574818260000,7156.7,7158.5,7155.4,7155.4,3.348704832,2019-11-27T01:31:00.000000Z
1574818320000,7155.4,7157.1,7152.1,7153.4,7.0539,2019-11-27T01:32:00.000000Z
1574818380000,7153.1,7155.9,7152.0,7152.6,4.251797357,2019-11-27T01:33:00.000000Z
1574818440000,7152.7,7154.3,7150.0,7150.0,8.413,2019-11-27T01:34:00.000000Z
1574818500000,7150.0,7151.8,7142.0,7143.9,11.7112,2019-11-27T01:35:00.000000Z
1574818560000,7144.1,7148.5,7142.4,7142.9,6.378712309,2019-11-27T01:36:00.000000Z
1574818620000,7142.9,7145.1,7133.5,7138.3,10.73935716,2019-11-27T01:37:00.000000Z
1574818680000,7138.2,7139.4,7133.4,7135.1,9.197016962,2019-11-27T01:38:00.000000Z
1574818740000,7134.2,7138.2,7132.6,7137.9,9.343468953,2019-11-27T01:39:00.000000Z
1574818800000,7137.9,7143.0,7136.4,7137.7,8.046505028,2019-11-27T01:40:00.000000Z
1574818860000,7137.5,7137.5,7129.1,7130.8,7.3087,2019-11-27T01:41:00.000000Z
1574818920000,7130.8,7134.6,7129.5,7132.8,7.837218815,2019-11-27T01:42:00.000000Z
1574818980000,7132.7,7138.3,7132.7,7138.3,4.617929501,2019-11-27T01:43:00.000000Z
1574819040000,7138.6,7139.6,7135.2,7135.8,5.5652,2019-11-27T01:44:00.000000Z
1574819100000,7135.8,7153.6,7135.8,7140.3,10.21979461,2019-11-27T01:45:00.000000Z
1574819160000,7139.9,7144.5,7139.4,7144.4,5.213901407,2019-11-27T01:46:00.000000Z
1574819220000,7144.3,7144.3,7141.1,7142.1,2.8694,2019-11-27T01:47:00.000000Z
1574819280000,7141.8,7142.5,7135.4,7136.3,5.352530866,2019-11-27T01:48:00.000000Z
1574819340000,7136.4,7136.9,7134.3,7135.4,2.6604,2019-11-27T01:49:00.000000Z
1574819400000,7134.7,7136.0,7131.3,7131.8,3.477793946,2019-11-27T01:50:00.000000Z
1574819460000,7131.3,7131.5,7127.5,7128.3,3.711,2019-11-27T01:51:00.000000Z
1574819520000,7128.1,7129.2,7123.0,7123.1,5.701506174,2019-11-27T01:52:00.000000Z
1574819580000,7123.5,7130.3,7123.1,7127.5,10.88796724,2019-11-27T01:53:00.000000Z
1574819640000,7128.5,7133.1,7126.2,7131.3,11.064597272,2019-11-27T01:54:00.000000Z
1574819700000,7131.1,7134.2,7129.9,7132.6,4.132207473,2019-11-27T01:55:00.000000Z
1574819760000,7132.7,7134.0,7127.9,7133.1,7.179297794,2019-11-27T01:56:00.000000Z
1574819820000,7132.9,7136.3,7129.6,7136.1,5.713296724,2019-11-27T01:57:00.000000Z
1574819880000,7135.6,7137.2,7132.9,7135.7,4.450798173,2019-11-27T01:58:00.000000Z
1574819940000,7135.7,7150.1,7135.4,7148.2,10.606497893,2019-11-27T01:59:00.000000Z
1574820000000,7148.4,7153.6,7146.1,7152.5,5.3583,2019-11-27T02:00:00.000000Z
1574820060000,7152.6,7157.7,7148.3,7150.2,7.515710711,2019-11-27T02:01:00.000000Z
1574820120000,7149.2,7150.3,7145.3,7146.7,5.5486,2019-11-27T02:02:00.000000Z
1574820180000,7146.7,7154.2,7146.4,7152.9,5.3118,2019-11-27T02:03:00.000000Z
1574820240000,7152.9,7157.1,7151.8,7155.7,4.242087254,2019-11-27T02:04:00.000000Z
1574820300000,7155.7,7158.0,7152.7,7154.8,15.721,2019-11-27T02:05:00.000000Z
1574820360000,7155.3,7156.7,7148.0,7150.8,7.4663,2019-11-27T02:06:00.000000Z
1574820420000,7151.3,7155.0,7146.6,7148.2,6.800397184,2019-11-27T02:07:00.000000Z
1574820480000,7147.9,7149.1,7142.2,7143.2,3.522470177,2019-11-27T02:08:00.000000Z
1574820540000,7142.7,7145.4,7142.2,7143.0,5.6601,2019-11-27T02:09:00.000000Z
1574820600000,7142.8,7147.7,7142.4,7145.5,4.48320087,2019-11-27T02:10:00.000000Z
1574820660000,7145.6,7146.1,7141.5,7141.5,5.836401581,2019-11-27T02:11:00.000000Z
1574820720000,7141.5,7142.5,7139.3,7140.8,3.284225371,2019-11-27T02:12:00.000000Z
1574820780000,7140.9,7145.7,7140.4,7144.2,6.067306055,2019-11-27T02:13:00.000000Z
1574820840000,7144.3,7147.8,7144.3,7147.3,2.5789,2019-11-27T02:14:00.000000Z
1574820900000,7147.0,7148.9,7145.0,7146.6,5.929877245,2019-11-27T02:15:00.000000Z
1574820960000,7146.8,7148.9,7145.2,7146.4,2.533997797,2019-11-27T02:16:00.000000Z
1574821020000,7146.8,7149.1,7146.4,7148.8,1.355719043,2019-11-27T02:17:00.000000Z
1574821080000,7149.1,7154.4,7149.1,7152.6,2.320173479,2019-11-27T02:18:00.000000Z
1574821140000,7152.7,7155.7,7150.9,7154.5,4.227889694,2019-11-27T02:19:00.000000Z
1574821200000,7154.5,7158.1,7152.0,7153.9,6.247585288,2019-11-27T02:20:00.000000Z
1574821260000,7152.5,7154.7,7151.1,7152.4,4.330699752,2019-11-27T02:21:00.000000Z
1574821320000,7152.4,7155.1,7149.1,7150.1,6.198672775,2019-11-27T02:22:00.000000Z
1574821380000,7149.1,7150.6,7147.0,7149.4,5.109996324,2019-11-27T02:23:00.000000Z
1574821440000,7149.3,7150.3,7144.0,7144.2,3.168810224,2019-11-27T02:24:00.000000Z
1574821500000,7144.2,7147.6,7144.2,7145.3,2.693155255,2019-11-27T02:25:00.000000Z
1574821560000,7145.9,7148.5,7145.5,7146.9,3.590604399,2019-11-27T02:26:00.000000Z
1574821620000,7147.1,7148.9,7146.7,7148.8,4.304197451,2019-11-27T02:27:00.000000Z
1574821680000,7148.7,7149.6,7146.7,7146.7,10.284794641,2019-11-27T02:28:00.000000Z
1574821740000,7146.7,7148.7,7143.3,7143.3,9.312470288,2019-11-27T02:29:00.000000Z
1574821800000,7143.4,7146.3,7141.8,7142.2,4.9242,2019-11-27T02:30:00.000000Z
1574821860000,7142.2,7142.2,7140.0,7140.0,2.0065,2019-11-27T02:31:00.000000Z
1574821920000,7140.2,7143.1,7138.6,7141.6,4.330548814,2019-11-27T02:32:00.000000Z
1574821980000,7141.6,7142.1,7139.1,7139.5,3.4376,2019-11-27T02:33:00.000000Z
1574822040000,7139.3,7143.0,7138.6,7142.3,5.143778301,2019-11-27T02:34:00.000000Z
1574822100000,7142.0,7143.4,7139.4,7139.4,5.337417805,2019-11-27T02:35:00.000000Z
1574822160000,7140.0,7140.9,7138.0,7138.0,2.388899338,2019-11-27T02:36:00.000000Z
1574822220000,7138.1,7141.5,7137.1,7137.6,3.347897406,2019-11-27T02:37:00.000000Z
1574822280000,7137.9,7138.6,7133.4,7138.1,3.836097561,2019-11-27T02:38:00.000000Z
1574822340000,7138.1,7138.6,7131.6,7133.6,3.41940699,2019-11-27T02:39:00.000000Z
1574822400000,7133.4,7139.1,7131.3,7136.0,7.024005841,2019-11-27T02:40:00.000000Z
1574822460000,7136.1,7138.1,7134.4,7135.6,3.627060562,2019-11-27T02:41:00.000000Z
1574822520000,7135.7,7139.4,7135.5,7137.9,2.308245484,2019-11-27T02:42:00.000000Z
1574822580000,7138.1,7140.5,7136.1,7138.3,3.0362,2019-11-27T02:43:00.000000Z
1574822640000,7138.4,7140.6,7136.6,7139.4,4.568602433,2019-11-27T02:44:00.000000Z
1574822700000,7139.3,7139.5,7136.4,7137.9,3.040206227,2019-11-27T02:45:00.000000Z
1574822760000,7136.9,7138.7,7136.7,7137.1,2.198411453,2019-11-27T02:46:00.000000Z
1574822820000,7137.2,7139.3,7136.5,7137.0,2.244484305,2019-11-27T02:47:00.000000Z
1574822880000,7137.0,7140.3,7136.7,7140.1,2.835782807,2019-11-27T02:48:00.000000Z
1574822940000,7139.9,7141.6,7139.3,7139.5,2.38660473,2019-11-27T02:49:00.000000Z
1574823000000,7139.4,7140.5,7134.1,7134.2,3.3775,2019-11-27T02:50:00.000000Z
1574823060000,7134.3,7139.3,7134.0,7136.6,3.699596694,2019-11-27T02:51:00.000000Z
1574823120000,7136.6,7138.9,7135.1,7138.9,3.1856,2019-11-27T02:52:00.000000Z
1574823180000,7138.9,7139.5,7137.0,7138.0,2.493308917,2019-11-27T02:53:00.000000Z
1574823240000,7138.1,7142.7,7135.6,7142.4,4.697152563,2019-11-27T02:54:00.000000Z
1574823300000,7142.4,7142.6,7139.5,7140.1,2.937601894,2019-11-27T02:55:00.000000Z
1574823360000,7140.2,7141.2,7139.9,7141.1,2.463779725,2019-11-27T02:56:00.000000Z
1574823420000,7141.2,7144.8,7141.1,7143.6,4.653520275,2019-11-27T02:57:00.000000Z
1574823480000,7143.6,7145.0,7139.9,7140.7,9.1095,2019-11-27T02:58:00.000000Z
1574823540000,7140.7,7144.4,7139.9,7142.5,4.331990289,2019-11-27T02:59:00.000000Z
1574823600000,7142.5,7143.8,7139.9,7142.7,6.498673567,2019-11-27T03:00:00.000000Z
1574823660000,7142.7,7145.8,7141.9,7144.3,2.444114787,2019-11-27T03:01:00.000000Z
1574823720000,7144.3,7144.4,7140.8,7142.5,4.2009,2019-11-27T03:02:00.000000Z
1574823780000,7142.6,7142.8,7140.3,7140.7,3.488406354,2019-11-27T03:03:00.000000Z
1574823840000,7140.7,7142.4,7137.2,7140.3,5.8532,2019-11-27T03:04:00.000000Z
1574823900000,7140.3,7145.8,7137.3,7142.1,5.979090423,2019-11-27T03:05:00.000000Z
1574823960000,7143.2,7145.5,7141.4,7141.4,3.3884,2019-11-27T03:06:00.000000Z
1574824020000,7141.5,7142.4,7137.6,7137.8,2.317534157,2019-11-27T03:07:00.000000Z
1574824080000,7137.9,7141.5,7137.7,7138.1,2.87520781,2019-11-27T03:08:00.000000Z
1574824140000,7138.3,7138.8,7135.0,7135.0,3.7177,2019-11-27T03:09:00.000000Z
1574824200000,7135.1,7140.8,7132.9,7134.7,6.331878174,2019-11-27T03:10:00.000000Z
1574824260000,7134.7,7136.5,7128.5,7130.8,6.69474842,2019-11-27T03:11:00.000000Z
1574824320000,7131.0,7131.0,7122.8,7126.7,10.027431944,2019-11-27T03:12:00.000000Z
1574824380000,7125.4,7129.7,7120.8,7120.8,9.187219294,2019-11-27T03:13:00.000000Z
1574824440000,7122.4,7124.9,7118.3,7120.9,13.925397737,2019-11-27T03:14:00.000000Z
1574824500000,7120.7,7120.7,7109.1,7114.9,16.211317685,2019-11-27T03:15:00.000000Z
1574824560000,7116.9,7117.9,7105.6,7110.3,13.650423044,2019-11-27T03:16:00.000000Z
1574824620000,7109.1,7111.0,7093.8,7102.7,24.1326,2019-11-27T03:17:00.000000Z
1574824680000,7102.4,7106.5,7095.5,7097.6,8.582759808,2019-11-27T03:18:00.000000Z
1574824740000,7097.6,7102.0,7087.1,7098.2,20.309443955,2019-11-27T03:19:00.000000Z
1574824800000,7098.4,7110.0,7098.2,7101.7,18.047392711,2019-11-27T03:20:00.000000Z
1574824860000,7101.0,7107.1,7100.7,7106.1,7.917562669,2019-11-27T03:21:00.000000Z
1574824920000,7106.2,7108.1,7100.0,7100.8,13.186823757,2019-11-27T03:22:00.000000Z
1574824980000,7100.8,7105.1,7092.8,7094.3,11.12381818,2019-11-27T03:23:00.000000Z
1574825040000,7094.3,7099.5,7085.0,7092.8,18.057148309,2019-11-27T03:24:00.000000Z
1574825100000,7092.8,7100.8,7087.7,7095.7,15.969173664,2019-11-27T03:25:00.000000Z
1574825160000,7095.7,7102.0,7093.0,7098.6,9.670139623,2019-11-27T03:26:00.000000Z
1574825220000,7098.6,7101.1,7096.4,7100.8,4.169288244,2019-11-27T03:27:00.000000Z
1574825280000,7100.7,7100.7,7096.9,7097.7,7.628,2019-11-27T03:28:00.000000Z
1574825340000,7097.2,7109.4,7095.6,7109.4,7.934596286,2019-11-27T03:29:00.000000Z
1574825400000,7105.0,7110.0,7100.9,7106.0,13.537,2019-11-27T03:30:00.000000Z
1574825460000,7105.3,7111.5,7104.5,7110.6,8.642099358,2019-11-27T03:31:00.000000Z
1574825520000,7110.7,7115.0,7106.9,7109.4,6.577685182,2019-11-27T03:32:00.000000Z
1574825580000,7109.4,7111.4,7102.9,7103.9,6.20985193,2019-11-27T03:33:00.000000Z
1574825640000,7103.9,7106.7,7098.5,7100.6,8.013412057,2019-11-27T03:34:00.000000Z
1574825700000,7100.6,7101.6,7091.2,7093.1,8.9777,2019-11-27T03:35:00.000000Z
1574825760000,7093.1,7094.9,7082.1,7087.8,9.264025866,2019-11-27T03:36:00.000000Z
1574825820000,7087.8,7088.4,7082.2,7082.5,9.723002402,2019-11-27T03:37:00.000000Z
1574825880000,7083.0,7092.3,7082.2,7084.9,15.080688531,2019-11-27T03:38:00.000000Z
1574825940000,7085.1,7089.1,7078.2,7088.8,19.19052169,2019-11-27T03:39:00.000000Z
1574826000000,7088.8,7093.0,7084.0,7090.6,16.520133386,2019-11-27T03:40:00.000000Z
1574826060000,7090.6,7094.9,7088.3,7088.3,5.956399719,2019-11-27T03:41:00.000000Z
1574826120000,7088.3,7088.4,7081.9,7085.6,12.1590034,2019-11-27T03:42:00.000000Z
1574826180000,7085.6,7090.9,7083.0,7088.6,7.696700672,2019-11-27T03:43:00.000000Z
1574826240000,7088.8,7092.4,7088.3,7091.0,6.858493874,2019-11-27T03:44:00.000000Z
1574826300000,7090.9,7092.5,7084.6,7084.8,9.1479,2019-11-27T03:45:00.000000Z
1574826360000,7084.5,7084.7,7077.9,7081.1,13.603218776,2019-11-27T03:46:00.000000Z
1574826420000,7081.2,7082.7,7075.5,7079.4,9.084810662,2019-11-27T03:47:00.000000Z
1574826480000,7077.8,7082.9,7075.0,7079.5,8.016424484,2019-11-27T03:48:00.000000Z
1574826540000,7079.4,7088.5,7079.3,7085.0,9.8525,2019-11-27T03:49:00.000000Z
1574826600000,7085.1,7085.6,7078.7,7081.9,11.2482,2019-11-27T03:50:00.000000Z
1574826660000,7083.7,7083.8,7059.0,7070.0,21.1946,2019-11-27T03:51:00.000000Z
1574826720000,7070.0,7074.3,7062.7,7066.3,16.298612041,2019-11-27T03:52:00.000000Z
1574826780000,7066.3,7071.6,7056.7,7062.9,14.846052707,2019-11-27T03:53:00.000000Z
1574826840000,7062.9,7063.8,7052.8,7054.6,20.7605,2019-11-27T03:54:00.000000Z
1574826900000,7054.4,7060.9,7045.9,7059.8,16.9816118,2019-11-27T03:55:00.000000Z
1574826960000,7060.9,7066.9,7057.4,7066.9,11.6924,2019-11-27T03:56:00.000000Z
1574827020000,7065.9,7068.7,7058.3,7059.1,7.417554334,2019-11-27T03:57:00.000000Z
1574827080000,7059.0,7061.9,7057.0,7059.8,4.14030423,2019-11-27T03:58:00.000000Z
1574827140000,7060.2,7076.0,7060.2,7072.2,20.57062894,2019-11-27T03:59:00.000000Z
1574827200000,7072.2,7072.2,7062.0,7062.1,15.3292,2019-11-27T04:00:00.000000Z
1574827260000,7062.3,7067.6,7060.0,7060.9,6.388099804,2019-11-27T04:01:00.000000Z
1574827320000,7060.9,7063.0,7052.6,7053.9,11.4719,2019-11-27T04:02:00.000000Z
1574827380000,7055.1,7061.0,7048.9,7050.3,8.8944,2019-11-27T04:03:00.000000Z
1574827440000,7050.4,7056.0,7043.8,7056.0,9.363208839,2019-11-27T04:04:00.000000Z
1574827500000,7056.1,7057.1,7047.1,7052.2,11.275185766,2019-11-27T04:05:00.000000Z
1574827560000,7052.2,7052.3,7042.6,7043.9,8.8908,2019-11-27T04:06:00.000000Z
1574827620000,7044.4,7059.0,7038.8,7059.0,18.466212186,2019-11-27T04:07:00.000000Z
1574827680000,7059.0,7061.9,7048.9,7061.9,16.674431705,2019-11-27T04:08:00.000000Z
