1574784240000,2.606,2.61,2.603,2.61,832.9099,2019-11-26T16:04:00.000000Z
1574784300000,2.61,2.614,2.609,2.612,3708.1928,2019-11-26T16:05:00.000000Z
1574784360000,2.612,2.621,2.612,2.619,5000.0879,2019-11-26T16:06:00.000000Z
1574784420000,2.62,2.624,2.612,2.619,6492.5023,2019-11-26T16:07:00.000000Z
1574784480000,2.619,2.622,2.613,2.614,3154.9292,2019-11-26T16:08:00.000000Z
1574784540000,2.614,2.618,2.611,2.617,1956.2245,2019-11-26T16:09:00.000000Z
1574784600000,2.618,2.62,2.614,2.619,342.4687,2019-11-26T16:10:00.000000Z
1574784660000,2.619,2.621,2.616,2.62,637.1239,2019-11-26T16:11:00.000000Z
1574784720000,2.619,2.622,2.617,2.619,1296.9333,2019-11-26T16:12:00.000000Z
1574784780000,2.618,2.621,2.618,2.619,283.0569,2019-11-26T16:13:00.000000Z
1574784840000,2.619,2.619,2.618,2.619,159.0733,2019-11-26T16:14:00.000000Z
1574784900000,2.619,2.623,2.619,2.621,247.8984,2019-11-26T16:15:00.000000Z
1574784960000,2.622,2.622,2.617,2.618,1111.5205,2019-11-26T16:16:00.000000Z
1574785020000,2.618,2.618,2.609,2.609,1384.3425,2019-11-26T16:17:00.000000Z
1574785080000,2.61,2.612,2.608,2.61,337.3515,2019-11-26T16:18:00.000000Z
1574785140000,2.61,2.612,2.609,2.611,857.2627,2019-11-26T16:19:00.000000Z
1574785200000,2.611,2.611,2.61,2.61,135.0872,2019-11-26T16:20:00.000000Z
1574785260000,2.61,2.61,2.607,2.609,287.5877,2019-11-26T16:21:00.000000Z
1574785320000,2.609,2.61,2.608,2.609,784.0542,2019-11-26T16:22:00.000000Z
1574785380000,2.608,2.608,2.606,2.606,225.3243,2019-11-26T16:23:00.000000Z
1574785440000,2.607,2.609,2.607,2.608,185.8715,2019-11-26T16:24:00.000000Z
1574785500000,2.608,2.608,2.604,2.604,82.2393,2019-11-26T16:25:00.000000Z
1574785560000,2.604,2.604,2.604,2.604,23.8732,2019-11-26T16:26:00.000000Z
1574785620000,2.605,2.609,2.605,2.609,102.2212,2019-11-26T16:27:00.000000Z
1574785680000,2.609,2.609,2.608,2.608,15.6582,2019-11-26T16:28:00.000000Z
1574785740000,2.609,2.61,2.609,2.609,30.7901,2019-11-26T16:29:00.000000Z
1574785800000,2.609,2.61,2.609,2.61,41.2802,2019-11-26T16:30:00.000000Z
1574785860000,2.609,2.609,2.608,2.608,8.8318,2019-11-26T16:31:00.000000Z
1574785920000,2.608,2.608,2.605,2.606,132.6644,2019-11-26T16:32:00.000000Z
1574785980000,2.606,2.606,2.605,2.605,201.4093,2019-11-26T16:33:00.000000Z
1574786040000,2.605,2.605,2.604,2.605,372.9238,2019-11-26T16:34:00.000000Z
1574786100000,2.605,2.606,2.605,2.606,121.7541,2019-11-26T16:35:00.000000Z
1574786160000,2.605,2.605,2.603,2.604,140.0717,2019-11-26T16:36:00.000000Z
1574786220000,2.604,2.606,2.604,2.605,173.822,2019-11-26T16:37:00.000000Z
1574786280000,2.605,2.605,2.605,2.605,0.0,2019-11-26T16:38:00.000000Z
1574786340000,2.606,2.606,2.603,2.604,130.5988,2019-11-26T16:39:00.000000Z
1574786400000,2.604,2.604,2.6,2.6,1011.828,2019-11-26T16:40:00.000000Z
1574786460000,2.6,2.6,2.597,2.597,1029.9815,2019-11-26T16:41:00.000000Z
1574786520000,2.598,2.599,2.597,2.597,241.1768,2019-11-26T16:42:00.000000Z
1574786580000,2.598,2.598,2.596,2.596,240.0114,2019-11-26T16:43:00.000000Z
1574786640000,2.596,2.597,2.595,2.596,2524.0375,2019-11-26T16:44:00.000000Z
1574786700000,2.596,2.596,2.596,2.596,580.0897,2019-11-26T16:45:00.000000Z
1574786760000,2.596,2.598,2.595,2.598,379.0528,2019-11-26T16:46:00.000000Z
1574786820000,2.598,2.599,2.598,2.598,150.7701,2019-11-26T16:47:00.000000Z
1574786880000,2.599,2.602,2.598,2.601,108.3451,2019-11-26T16:48:00.000000Z
1574786940000,2.6,2.6,2.599,2.599,109.3111,2019-11-26T16:49:00.000000Z
1574787000000,2.598,2.598,2.597,2.598,68.7445,2019-11-26T16:50:00.000000Z
1574787060000,2.598,2.598,2.598,2.598,182.8632,2019-11-26T16:51:00.000000Z
1574787120000,2.599,2.599,2.599,2.599,23.4388,2019-11-26T16:52:00.000000Z
1574787180000,2.599,2.603,2.599,2.602,176.9024,2019-11-26T16:53:00.000000Z
1574787240000,2.602,2.603,2.6,2.6,250.2661,2019-11-26T16:54:00.000000Z
1574787300000,2.6,2.602,2.6,2.601,119.3384,2019-11-26T16:55:00.000000Z
1574787360000,2.602,2.602,2.601,2.602,40.0282,2019-11-26T16:56:00.000000Z
1574787420000,2.602,2.604,2.602,2.604,96.8445,2019-11-26T16:57:00.000000Z
1574787480000,2.604,2.606,2.604,2.606,45.7638,2019-11-26T16:58:00.000000Z
1574787540000,2.607,2.607,2.607,2.607,109.971,2019-11-26T16:59:00.000000Z
1574787600000,2.608,2.608,2.607,2.607,137.3605,2019-11-26T17:00:00.000000Z
1574787660000,2.607,2.607,2.602,2.602,338.0701,2019-11-26T17:01:00.000000Z
1574787720000,2.602,2.602,2.599,2.6,447.8345,2019-11-26T17:02:00.000000Z
1574787780000,2.599,2.6,2.596,2.597,571.0404,2019-11-26T17:03:00.000000Z
1574787840000,2.597,2.598,2.589,2.594,3635.6083,2019-11-26T17:04:00.000000Z
1574787900000,2.594,2.594,2.59,2.59,2057.8788,2019-11-26T17:05:00.000000Z
1574787960000,2.59,2.596,2.588,2.592,1243.5099,2019-11-26T17:06:00.000000Z
1574788020000,2.591,2.594,2.591,2.594,315.4757,2019-11-26T17:07:00.000000Z
1574788080000,2.594,2.596,2.594,2.594,220.8104,2019-11-26T17:08:00.000000Z
1574788140000,2.594,2.594,2.589,2.59,466.0356,2019-11-26T17:09:00.000000Z
1574788200000,2.59,2.591,2.585,2.585,244.4162,2019-11-26T17:10:00.000000Z
1574788260000,2.586,2.586,2.581,2.586,746.9638,2019-11-26T17:11:00.000000Z
1574788320000,2.587,2.589,2.586,2.587,163.5195,2019-11-26T17:12:00.000000Z
1574788380000,2.587,2.588,2.586,2.588,88.537,2019-11-26T17:13:00.000000Z
1574788440000,2.587,2.588,2.587,2.587,106.7917,2019-11-26T17:14:00.000000Z
1574788500000,2.588,2.589,2.583,2.584,745.1143,2019-11-26T17:15:00.000000Z
1574788560000,2.584,2.584,2.581,2.582,162.8991,2019-11-26T17:16:00.000000Z
1574788620000,2.583,2.589,2.583,2.588,853.7433,2019-11-26T17:17:00.000000Z
1574788680000,2.588,2.589,2.583,2.589,1341.0262,2019-11-26T17:18:00.000000Z
1574788740000,2.589,2.59,2.588,2.589,503.1332,2019-11-26T17:19:00.000000Z
1574788800000,2.589,2.589,2.586,2.588,483.6479,2019-11-26T17:20:00.000000Z
1574788860000,2.587,2.587,2.584,2.587,263.192,2019-11-26T17:21:00.000000Z
1574788920000,2.587,2.588,2.587,2.588,285.1985,2019-11-26T17:22:00.000000Z
1574788980000,2.588,2.589,2.588,2.589,186.6518,2019-11-26T17:23:00.000000Z
1574789040000,2.589,2.591,2.589,2.589,525.6201,2019-11-26T17:24:00.000000Z
1574789100000,2.59,2.594,2.589,2.594,687.4308,2019-11-26T17:25:00.000000Z
1574789160000,2.594,2.598,2.592,2.594,2019.5961,2019-11-26T17:26:00.000000Z
1574789220000,2.594,2.594,2.59,2.592,530.4603,2019-11-26T17:27:00.000000Z
1574789280000,2.592,2.592,2.59,2.591,26.2934,2019-11-26T17:28:00.000000Z
1574789340000,2.591,2.592,2.591,2.592,554.1814,2019-11-26T17:29:00.000000Z
1574789400000,2.592,2.592,2.591,2.591,49.0194,2019-11-26T17:30:00.000000Z
1574789460000,2.59,2.59,2.59,2.59,111.0497,2019-11-26T17:31:00.000000Z
1574789520000,2.59,2.593,2.59,2.591,290.513,2019-11-26T17:32:00.000000Z
1574789580000,2.591,2.594,2.591,2.594,1425.126,2019-11-26T17:33:00.000000Z
1574789640000,2.594,2.594,2.594,2.594,171.4712,2019-11-26T17:34:00.000000Z
1574789700000,2.595,2.598,2.595,2.596,362.6872,2019-11-26T17:35:00.000000Z
1574789760000,2.597,2.597,2.591,2.591,224.0528,2019-11-26T17:36:00.000000Z
1574789820000,2.592,2.595,2.591,2.593,1016.9069,2019-11-26T17:37:00.000000Z
1574789880000,2.594,2.594,2.593,2.593,88.8914,2019-11-26T17:38:00.000000Z
1574789940000,2.593,2.593,2.591,2.591,370.1502,2019-11-26T17:39:00.000000Z
1574790000000,2.591,2.593,2.591,2.592,255.4808,2019-11-26T17:40:00.000000Z
1574790060000,2.592,2.592,2.589,2.591,182.3694,2019-11-26T17:41:00.000000Z
1574790120000,2.591,2.592,2.59,2.591,163.6053,2019-11-26T17:42:00.000000Z
1574790180000,2.591,2.591,2.59,2.591,13.4368,2019-11-26T17:43:00.000000Z
1574790240000,2.591,2.592,2.591,2.591,81.32,2019-11-26T17:44:00.000000Z
1574790300000,2.592,2.594,2.592,2.593,8570.1817,2019-11-26T17:45:00.000000Z
1574790360000,2.593,2.594,2.592,2.592,264.4454,2019-11-26T17:46:00.000000Z
1574790420000,2.592,2.593,2.592,2.593,45.0,2019-11-26T17:47:00.000000Z
1574790480000,2.593,2.593,2.592,2.592,33.6135,2019-11-26T17:48:00.000000Z
1574790540000,2.592,2.592,2.591,2.592,162.5424,2019-11-26T17:49:00.000000Z
1574790600000,2.593,2.594,2.592,2.592,189.0892,2019-11-26T17:50:00.000000Z
1574790660000,2.593,2.594,2.593,2.594,332.8357,2019-11-26T17:51:00.000000Z
1574790720000,2.594,2.595,2.594,2.594,122.0969,2019-11-26T17:52:00.000000Z
1574790780000,2.594,2.595,2.594,2.595,82.9993,2019-11-26T17:53:00.000000Z
1574790840000,2.596,2.596,2.595,2.595,2.0,2019-11-26T17:54:00.000000Z
1574790900000,2.596,2.601,2.596,2.599,1786.2794,2019-11-26T17:55:00.000000Z
1574790960000,2.599,2.603,2.598,2.598,1660.1841,2019-11-26T17:56:00.000000Z
1574791020000,2.598,2.598,2.596,2.597,721.3572,2019-11-26T17:57:00.000000Z
1574791080000,2.597,2.597,2.594,2.594,475.4323,2019-11-26T17:58:00.000000Z
1574791140000,2.594,2.595,2.594,2.595,99.0772,2019-11-26T17:59:00.000000Z
1574791200000,2.594,2.598,2.593,2.595,700.0533,2019-11-26T18:00:00.000000Z
1574791260000,2.595,2.596,2.595,2.595,17.186,2019-11-26T18:01:00.000000Z
1574791320000,2.596,2.596,2.595,2.596,23.7705,2019-11-26T18:02:00.000000Z
1574791380000,2.597,2.598,2.597,2.597,19.8167,2019-11-26T18:03:00.000000Z
1574791440000,2.597,2.597,2.597,2.597,237.6833,2019-11-26T18:04:00.000000Z
1574791500000,2.598,2.598,2.597,2.597,2.0,2019-11-26T18:05:00.000000Z
1574791560000,2.597,2.598,2.595,2.598,230.2067,2019-11-26T18:06:00.000000Z
1574791620000,2.597,2.597,2.595,2.595,71.7299,2019-11-26T18:07:00.000000Z
1574791680000,2.595,2.595,2.592,2.593,389.3449,2019-11-26T18:08:00.000000Z
1574791740000,2.593,2.593,2.59,2.591,263.4729,2019-11-26T18:09:00.000000Z
1574791800000,2.591,2.593,2.581,2.587,2875.8937,2019-11-26T18:10:00.000000Z
1574791860000,2.588,2.589,2.585,2.586,2132.5219,2019-11-26T18:11:00.000000Z
1574791920000,2.587,2.589,2.581,2.583,3407.6633,2019-11-26T18:12:00.000000Z
1574791980000,2.584,2.588,2.582,2.585,2482.0554,2019-11-26T18:13:00.000000Z
1574792040000,2.585,2.587,2.584,2.586,321.4353,2019-11-26T18:14:00.000000Z
1574792100000,2.586,2.586,2.586,2.586,40.1416,2019-11-26T18:15:00.000000Z
1574792160000,2.587,2.588,2.587,2.587,82.02,2019-11-26T18:16:00.000000Z
1574792220000,2.587,2.588,2.585,2.586,72.669,2019-11-26T18:17:00.000000Z
1574792280000,2.586,2.587,2.586,2.586,65.8461,2019-11-26T18:18:00.000000Z
1574792340000,2.586,2.587,2.584,2.586,217.2351,2019-11-26T18:19:00.000000Z
1574792400000,2.586,2.587,2.585,2.585,182.3714,2019-11-26T18:20:00.000000Z
1574792460000,2.586,2.59,2.586,2.589,169.0409,2019-11-26T18:21:00.000000Z
1574792520000,2.59,2.593,2.587,2.588,1189.9106,2019-11-26T18:22:00.000000Z
1574792580000,2.589,2.596,2.589,2.593,1770.7808,2019-11-26T18:23:00.000000Z
1574792640000,2.593,2.595,2.588,2.591,1981.1146,2019-11-26T18:24:00.000000Z
1574792700000,2.591,2.592,2.591,2.592,202.5789,2019-11-26T18:25:00.000000Z
1574792760000,2.592,2.596,2.592,2.594,599.6947,2019-11-26T18:26:00.000000Z
1574792820000,2.593,2.593,2.591,2.592,179.5617,2019-11-26T18:27:00.000000Z
1574792880000,2.592,2.592,2.588,2.591,462.6821,2019-11-26T18:28:00.000000Z
1574792940000,2.591,2.592,2.591,2.591,21.4018,2019-11-26T18:29:00.000000Z
1574793000000,2.591,2.591,2.591,2.591,52.7342,2019-11-26T18:30:00.000000Z
1574793060000,2.591,2.594,2.591,2.593,111.7601,2019-11-26T18:31:00.000000Z
1574793120000,2.593,2.595,2.593,2.594,22.1518,2019-11-26T18:32:00.000000Z
1574793180000,2.594,2.594,2.594,2.594,1.0,2019-11-26T18:33:00.000000Z
1574793240000,2.594,2.596,2.594,2.596,65.6725,2019-11-26T18:34:00.000000Z
1574793300000,2.597,2.597,2.592,2.593,217.2896,2019-11-26T18:35:00.000000Z
1574793360000,2.594,2.594,2.593,2.593,432.058,2019-11-26T18:36:00.000000Z
1574793420000,2.594,2.594,2.592,2.594,65.4917,2019-11-26T18:37:00.000000Z
1574793480000,2.593,2.593,2.591,2.592,37.0,2019-11-26T18:38:00.000000Z
1574793540000,2.593,2.594,2.593,2.593,49.1213,2019-11-26T18:39:00.000000Z
1574793600000,2.593,2.593,2.589,2.59,96.0504,2019-11-26T18:40:00.000000Z
1574793660000,2.591,2.591,2.587,2.588,377.2958,2019-11-26T18:41:00.000000Z
1574793720000,2.588,2.592,2.588,2.591,344.1341,2019-11-26T18:42:00.000000Z
1574793780000,2.591,2.591,2.588,2.589,77.9419,2019-11-26T18:43:00.000000Z
1574793840000,2.589,2.589,2.586,2.588,202.2823,2019-11-26T18:44:00.000000Z
1574793900000,2.589,2.592,2.589,2.592,103.7332,2019-11-26T18:45:00.000000Z
1574793960000,2.592,2.592,2.592,2.592,68.696,2019-11-26T18:46:00.000000Z
1574794020000,2.592,2.596,2.592,2.595,715.3765,2019-11-26T18:47:00.000000Z
1574794080000,2.595,2.595,2.594,2.595,27.7,2019-11-26T18:48:00.000000Z
1574794140000,2.594,2.597,2.594,2.597,69.41,2019-11-26T18:49:00.000000Z
1574794200000,2.597,2.597,2.595,2.595,230.4507,2019-11-26T18:50:00.000000Z
1574794260000,2.595,2.596,2.594,2.595,289.3442,2019-11-26T18:51:00.000000Z
1574794320000,2.595,2.595,2.595,2.595,7.099,2019-11-26T18:52:00.000000Z
1574794380000,2.595,2.597,2.593,2.597,495.44,2019-11-26T18:53:00.000000Z
1574794440000,2.596,2.596,2.596,2.596,134.5,2019-11-26T18:54:00.000000Z
1574794500000,2.597,2.598,2.596,2.596,200.7572,2019-11-26T18:55:00.000000Z
1574794560000,2.597,2.598,2.596,2.598,119.7677,2019-11-26T18:56:00.000000Z
1574794620000,2.599,2.599,2.598,2.598,360.0988,2019-11-26T18:57:00.000000Z
1574794680000,2.599,2.601,2.598,2.598,291.3448,2019-11-26T18:58:00.000000Z
1574794740000,2.599,2.599,2.598,2.599,276.0314,2019-11-26T18:59:00.000000Z
1574794800000,2.599,2.6,2.599,2.6,272.4777,2019-11-26T19:00:00.000000Z
1574794860000,2.6,2.601,2.598,2.599,355.5579,2019-11-26T19:01:00.000000Z
1574794920000,2.6,2.602,2.6,2.601,322.2676,2019-11-26T19:02:00.000000Z
1574794980000,2.6,2.602,2.6,2.602,334.51,2019-11-26T19:03:00.000000Z
1574795040000,2.601,2.602,2.601,2.601,39.1482,2019-11-26T19:04:00.000000Z
1574795100000,2.602,2.602,2.6,2.601,294.5154,2019-11-26T19:05:00.000000Z
1574795160000,2.601,2.602,2.601,2.602,260.0021,2019-11-26T19:06:00.000000Z
1574795220000,2.602,2.602,2.6,2.601,942.5644,2019-11-26T19:07:00.000000Z
1574795280000,2.601,2.601,2.6,2.6,198.7849,2019-11-26T19:08:00.000000Z
1574795340000,2.6,2.601,2.6,2.601,290.1463,2019-11-26T19:09:00.000000Z
1574795400000,2.6,2.6,2.598,2.598,91.6047,2019-11-26T19:10:00.000000Z
1574795460000,2.598,2.598,2.593,2.594,309.5622,2019-11-26T19:11:00.000000Z
1574795520000,2.594,2.595,2.591,2.591,328.9264,2019-11-26T19:12:00.000000Z
1574795580000,2.592,2.595,2.592,2.592,822.3395,2019-11-26T19:13:00.000000Z
1574795640000,2.591,2.592,2.591,2.591,323.2577,2019-11-26T19:14:00.000000Z
1574795700000,2.592,2.595,2.592,2.593,837.1425,2019-11-26T19:15:00.000000Z
1574795760000,2.592,2.592,2.591,2.591,615.8087,2019-11-26T19:16:00.000000Z
1574795820000,2.592,2.593,2.591,2.592,20.3844,2019-11-26T19:17:00.000000Z
1574795880000,2.591,2.593,2.591,2.593,665.39,2019-11-26T19:18:00.000000Z
1574795940000,2.593,2.595,2.593,2.594,300.11,2019-11-26T19:19:00.000000Z
1574796000000,2.595,2.598,2.595,2.597,81.9916,2019-11-26T19:20:00.000000Z
1574796060000,2.598,2.598,2.592,2.593,1099.0901,2019-11-26T19:21:00.000000Z
1574796120000,2.594,2.595,2.594,2.595,99.6253,2019-11-26T19:22:00.000000Z
1574796180000,2.594,2.594,2.594,2.594,72.0323,2019-11-26T19:23:00.000000Z
1574796240000,2.594,2.595,2.594,2.595,785.3959,2019-11-26T19:24:00.000000Z
1574796300000,2.595,2.595,2.594,2.594,259.3331,2019-11-26T19:25:00.000000Z
1574796360000,2.594,2.594,2.593,2.594,99.3141,2019-11-26T19:26:00.000000Z
1574796420000,2.594,2.594,2.593,2.593,3.0,2019-11-26T19:27:00.000000Z
1574796480000,2.594,2.594,2.591,2.591,439.7856,2019-11-26T19:28:00.000000Z
1574796540000,2.592,2.592,2.591,2.592,460.0184,2019-11-26T19:29:00.000000Z
1574796600000,2.593,2.593,2.592,2.592,19.9771,2019-11-26T19:30:00.000000Z
1574796660000,2.592,2.592,2.591,2.592,32.0,2019-11-26T19:31:00.000000Z
1574796720000,2.593,2.593,2.591,2.593,71.0,2019-11-26T19:32:00.000000Z
1574796780000,2.592,2.592,2.592,2.592,8.2009,2019-11-26T19:33:00.000000Z
1574796840000,2.593,2.594,2.593,2.594,22.5691,2019-11-26T19:34:00.000000Z
1574796900000,2.594,2.598,2.594,2.596,344.6682,2019-11-26T19:35:00.000000Z
1574796960000,2.597,2.603,2.597,2.602,992.7067,2019-11-26T19:36:00.000000Z
1574797020000,2.602,2.603,2.588,2.594,4158.6302,2019-11-26T19:37:00.000000Z
1574797080000,2.594,2.596,2.591,2.594,897.2452,2019-11-26T19:38:00.000000Z
1574797140000,2.594,2.595,2.589,2.59,1358.8025,2019-11-26T19:39:00.000000Z
1574797200000,2.591,2.591,2.589,2.589,1470.1978,2019-11-26T19:40:00.000000Z
1574797260000,2.589,2.59,2.586,2.588,771.2003,2019-11-26T19:41:00.000000Z
1574797320000,2.589,2.59,2.589,2.589,765.7148,2019-11-26T19:42:00.000000Z
1574797380000,2.589,2.589,2.586,2.587,841.1974,2019-11-26T19:43:00.000000Z
1574797440000,2.587,2.589,2.587,2.589,604.5651,2019-11-26T19:44:00.000000Z
1574797500000,2.589,2.591,2.589,2.59,294.0201,2019-11-26T19:45:00.000000Z
1574797560000,2.59,2.591,2.59,2.59,510.2022,2019-11-26T19:46:00.000000Z
1574797620000,2.59,2.591,2.59,2.591,126.5852,2019-11-26T19:47:00.000000Z
1574797680000,2.591,2.592,2.59,2.59,915.0716,2019-11-26T19:48:00.000000Z
1574797740000,2.591,2.593,2.591,2.593,10.245,2019-11-26T19:49:00.000000Z
1574797800000,2.592,2.593,2.589,2.593,203.5697,2019-11-26T19:50:00.000000Z
1574797860000,2.594,2.594,2.594,2.594,9.9,2019-11-26T19:51:00.000000Z
1574797920000,2.593,2.598,2.593,2.598,302.7989,2019-11-26T19:52:00.000000Z
1574797980000,2.597,2.598,2.595,2.597,218.4966,2019-11-26T19:53:00.000000Z
1574798040000,2.597,2.597,2.595,2.597,214.795,2019-11-26T19:54:00.000000Z
1574798100000,2.596,2.597,2.595,2.595,186.9149,2019-11-26T19:55:00.000000Z
1574798160000,2.596,2.596,2.594,2.595,158.2935,2019-11-26T19:56:00.000000Z
1574798220000,2.595,2.598,2.595,2.597,56.17,2019-11-26T19:57:00.000000Z
1574798280000,2.597,2.597,2.597,2.597,38.5284,2019-11-26T19:58:00.000000Z
1574798340000,2.597,2.598,2.597,2.598,180.8326,2019-11-26T19:59:00.000000Z
1574798400000,2.598,2.599,2.597,2.599,615.9874,2019-11-26T20:00:00.000000Z
1574798460000,2.599,2.6,2.598,2.6,60.9381,2019-11-26T20:01:00.000000Z
1574798520000,2.601,2.601,2.6,2.6,10.198,2019-11-26T20:02:00.000000Z
1574798580000,2.6,2.601,2.599,2.601,149.051,2019-11-26T20:03:00.000000Z
1574798640000,2.601,2.602,2.601,2.601,118.1451,2019-11-26T20:04:00.000000Z
1574798700000,2.601,2.603,2.599,2.602,236.1329,2019-11-26T20:05:00.000000Z
1574798760000,2.603,2.603,2.601,2.602,97.5832,2019-11-26T20:06:00.000000Z
1574798820000,2.602,2.602,2.601,2.601,2.0,2019-11-26T20:07:00.000000Z
1574798880000,2.602,2.603,2.602,2.603,173.0787,2019-11-26T20:08:00.000000Z
1574798940000,2.603,2.603,2.6,2.6,103.2985,2019-11-26T20:09:00.000000Z
1574799000000,2.601,2.601,2.601,2.601,74.6371,2019-11-26T20:10:00.000000Z
1574799060000,2.601,2.602,2.601,2.601,54.6509,2019-11-26T20:11:00.000000Z
1574799120000,2.601,2.601,2.601,2.601,26.25,2019-11-26T20:12:00.000000Z
1574799180000,2.601,2.601,2.601,2.601,45.353,2019-11-26T20:13:00.000000Z
1574799240000,2.601,2.601,2.6,2.6,95.0818,2019-11-26T20:14:00.000000Z
1574799300000,2.601,2.602,2.601,2.601,48.2936,2019-11-26T20:15:00.000000Z
1574799360000,2.601,2.601,2.599,2.599,307.7237,2019-11-26T20:16:00.000000Z
1574799420000,2.599,2.6,2.598,2.599,113.0,2019-11-26T20:17:00.000000Z
1574799480000,2.599,2.6,2.597,2.6,223.6221,2019-11-26T20:18:00.000000Z
1574799540000,2.6,2.6,2.598,2.598,24.6031,2019-11-26T20:19:00.000000Z
1574799600000,2.599,2.599,2.597,2.599,61.2725,2019-11-26T20:20:00.000000Z
1574799660000,2.599,2.6,2.598,2.598,22.2262,2019-11-26T20:21:00.000000Z
1574799720000,2.598,2.598,2.598,2.598,438.7,2019-11-26T20:22:00.000000Z
1574799780000,2.598,2.599,2.598,2.598,135.8695,2019-11-26T20:23:00.000000Z
1574799840000,2.598,2.602,2.598,2.599,966.0002,2019-11-26T20:24:00.000000Z
1574799900000,2.6,2.603,2.597,2.599,1272.7154,2019-11-26T20:25:00.000000Z
1574799960000,2.6,2.601,2.6,2.6,490.3534,2019-11-26T20:26:00.000000Z
1574800020000,2.599,2.6,2.599,2.6,324.927,2019-11-26T20:27:00.000000Z
1574800080000,2.6,2.602,2.6,2.601,480.6115,2019-11-26T20:28:00.000000Z
1574800140000,2.602,2.602,2.601,2.601,94.2189,2019-11-26T20:29:00.000000Z
1574800200000,2.601,2.601,2.598,2.601,932.2207,2019-11-26T20:30:00.000000Z
1574800260000,2.6,2.602,2.599,2.602,371.8673,2019-11-26T20:31:00.000000Z
1574800320000,2.601,2.601,2.599,2.599,504.9465,2019-11-26T20:32:00.000000Z
1574800380000,2.599,2.599,2.597,2.598,297.7525,2019-11-26T20:33:00.000000Z
1574800440000,2.598,2.599,2.598,2.599,409.0594,2019-11-26T20:34:00.000000Z
1574800500000,2.598,2.6,2.596,2.599,578.1177,2019-11-26T20:35:00.000000Z
1574800560000,2.6,2.602,2.599,2.6,198.7799,2019-11-26T20:36:00.000000Z
1574800620000,2.6,2.601,2.6,2.601,116.3313,2019-11-26T20:37:00.000000Z
1574800680000,2.602,2.606,2.602,2.605,768.4509,2019-11-26T20:38:00.000000Z
1574800740000,2.604,2.608,2.604,2.607,1304.4502,2019-11-26T20:39:00.000000Z
1574800800000,2.606,2.607,2.605,2.606,551.5592,2019-11-26T20:40:00.000000Z
1574800860000,2.607,2.608,2.606,2.608,667.6127,2019-11-26T20:41:00.000000Z
1574800920000,2.608,2.608,2.607,2.607,44.0,2019-11-26T20:42:00.000000Z
1574800980000,2.606,2.608,2.606,2.607,83.3297,2019-11-26T20:43:00.000000Z
1574801040000,2.607,2.608,2.607,2.607,37.0789,2019-11-26T20:44:00.000000Z
1574801100000,2.607,2.608,2.607,2.608,44.6637,2019-11-26T20:45:00.000000Z
1574801160000,2.608,2.608,2.606,2.607,58.445,2019-11-26T20:46:00.000000Z
1574801220000,2.608,2.612,2.607,2.61,294.0111,2019-11-26T20:47:00.000000Z
1574801280000,2.612,2.618,2.61,2.612,1856.1114,2019-11-26T20:48:00.000000Z
1574801340000,2.612,2.614,2.612,2.613,1472.3399,2019-11-26T20:49:00.000000Z
1574801400000,2.613,2.613,2.61,2.611,372.339,2019-11-26T20:50:00.000000Z
1574801460000,2.611,2.615,2.609,2.61,1211.7007,2019-11-26T20:51:00.000000Z
1574801520000,2.61,2.613,2.61,2.613,415.7546,2019-11-26T20:52:00.000000Z
1574801580000,2.613,2.616,2.612,2.616,451.7882,2019-11-26T20:53:00.000000Z
1574801640000,2.616,2.616,2.612,2.615,451.4086,2019-11-26T20:54:00.000000Z
1574801700000,2.616,2.619,2.613,2.613,821.9854,2019-11-26T20:55:00.000000Z
1574801760000,2.614,2.616,2.614,2.615,300.8507,2019-11-26T20:56:00.000000Z
1574801820000,2.615,2.615,2.611,2.612,143.5019,2019-11-26T20:57:00.000000Z
1574801880000,2.611,2.613,2.609,2.611,339.2118,2019-11-26T20:58:00.000000Z
1574801940000,2.61,2.61,2.61,2.61,1.0,2019-11-26T20:59:00.000000Z
1574802000000,2.611,2.616,2.611,2.615,1542.5786,2019-11-26T21:00:00.000000Z
1574802060000,2.615,2.619,2.614,2.616,1462.2415,2019-11-26T21:01:00.000000Z
1574802120000,2.617,2.623,2.616,2.62,1004.3305,2019-11-26T21:02:00.000000Z
1574802180000,2.62,2.624,2.616,2.616,631.7627,2019-11-26T21:03:00.000000Z
1574802240000,2.617,2.62,2.613,2.614,132.1595,2019-11-26T21:04:00.000000Z
1574802300000,2.614,2.615,2.612,2.613,127.6344,2019-11-26T21:05:00.000000Z
1574802360000,2.613,2.616,2.613,2.615,182.5078,2019-11-26T21:06:00.000000Z
1574802420000,2.616,2.635,2.616,2.63,6921.602,2019-11-26T21:07:00.000000Z
1574802480000,2.631,2.631,2.622,2.625,4003.8689,2019-11-26T21:08:00.000000Z
1574802540000,2.626,2.629,2.621,2.625,3020.4649,2019-11-26T21:09:00.000000Z
1574802600000,2.624,2.625,2.617,2.619,2010.3618,2019-11-26T21:10:00.000000Z
1574802660000,2.619,2.627,2.618,2.625,662.3363,2019-11-26T21:11:00.000000Z
1574802720000,2.626,2.628,2.624,2.626,597.0443,2019-11-26T21:12:00.000000Z
1574802780000,2.625,2.635,2.624,2.625,2977.2189,2019-11-26T21:13:00.000000Z
1574802840000,2.625,2.626,2.622,2.625,1035.581,2019-11-26T21:14:00.000000Z
1574802900000,2.625,2.63,2.624,2.625,1168.2239,2019-11-26T21:15:00.000000Z
1574802960000,2.624,2.625,2.616,2.616,3939.0861,2019-11-26T21:16:00.000000Z
1574803020000,2.617,2.62,2.612,2.613,3343.0087,2019-11-26T21:17:00.000000Z
1574803080000,2.613,2.615,2.612,2.615,1375.2403,2019-11-26T21:18:00.000000Z
1574803140000,2.614,2.616,2.614,2.616,859.936,2019-11-26T21:19:00.000000Z
1574803200000,2.616,2.618,2.615,2.617,849.4621,2019-11-26T21:20:00.000000Z
1574803260000,2.617,2.619,2.613,2.613,352.2974,2019-11-26T21:21:00.000000Z
1574803320000,2.614,2.615,2.613,2.614,741.2369,2019-11-26T21:22:00.000000Z
1574803380000,2.615,2.615,2.613,2.614,484.0758,2019-11-26T21:23:00.000000Z
1574803440000,2.614,2.614,2.611,2.612,243.1449,2019-11-26T21:24:00.000000Z
1574803500000,2.611,2.616,2.611,2.616,532.1956,2019-11-26T21:25:00.000000Z
1574803560000,2.616,2.617,2.615,2.615,446.387,2019-11-26T21:26:00.000000Z
1574803620000,2.616,2.618,2.616,2.617,361.6943,2019-11-26T21:27:00.000000Z
1574803680000,2.618,2.62,2.617,2.62,556.9279,2019-11-26T21:28:00.000000Z
1574803740000,2.619,2.621,2.618,2.619,492.7525,2019-11-26T21:29:00.000000Z
1574803800000,2.619,2.62,2.619,2.62,18.6062,2019-11-26T21:30:00.000000Z
1574803860000,2.62,2.62,2.617,2.617,180.8357,2019-11-26T21:31:00.000000Z
1574803920000,2.617,2.619,2.616,2.617,561.0459,2019-11-26T21:32:00.000000Z
1574803980000,2.617,2.617,2.616,2.616,32.8883,2019-11-26T21:33:00.000000Z
1574804040000,2.617,2.618,2.616,2.616,99.1673,2019-11-26T21:34:00.000000Z
1574804100000,2.616,2.617,2.616,2.616,18.2998,2019-11-26T21:35:00.000000Z
1574804160000,2.617,2.617,2.612,2.614,1530.0648,2019-11-26T21:36:00.000000Z
1574804220000,2.613,2.614,2.613,2.613,404.8715,2019-11-26T21:37:00.000000Z
1574804280000,2.612,2.612,2.6,2.605,2814.2309,2019-11-26T21:38:00.000000Z
1574804340000,2.606,2.606,2.605,2.605,1020.2447,2019-11-26T21:39:00.000000Z
1574804400000,2.605,2.606,2.595,2.599,1963.1739,2019-11-26T21:40:00.000000Z
1574804460000,2.599,2.6,2.591,2.594,2881.2906,2019-11-26T21:41:00.000000Z
1574804520000,2.594,2.594,2.59,2.592,2624.7122,2019-11-26T21:42:00.000000Z
1574804580000,2.593,2.595,2.591,2.595,413.3185,2019-11-26T21:43:00.000000Z
1574804640000,2.594,2.594,2.593,2.594,35.1736,2019-11-26T21:44:00.000000Z
1574804700000,2.594,2.596,2.594,2.595,594.1746,2019-11-26T21:45:00.000000Z
1574804760000,2.596,2.598,2.596,2.596,1148.6592,2019-11-26T21:46:00.000000Z
1574804820000,2.596,2.597,2.595,2.595,355.6788,2019-11-26T21:47:00.000000Z
1574804880000,2.596,2.597,2.596,2.597,159.3899,2019-11-26T21:48:00.000000Z
1574804940000,2.597,2.598,2.597,2.598,28.15,2019-11-26T21:49:00.000000Z
1574805000000,2.598,2.601,2.598,2.598,1129.61,2019-11-26T21:50:00.000000Z
1574805060000,2.599,2.6,2.598,2.599,86.051,2019-11-26T21:51:00.000000Z
1574805120000,2.598,2.598,2.592,2.595,1577.9149,2019-11-26T21:52:00.000000Z
1574805180000,2.596,2.601,2.596,2.599,1608.7845,2019-11-26T21:53:00.000000Z
1574805240000,2.6,2.602,2.598,2.601,1108.1642,2019-11-26T21:54:00.000000Z
1574805300000,2.601,2.601,2.6,2.601,89.021,2019-11-26T21:55:00.000000Z
1574805360000,2.601,2.602,2.601,2.601,90.9311,2019-11-26T21:56:00.000000Z
1574805420000,2.601,2.602,2.601,2.601,8.8264,2019-11-26T21:57:00.000000Z
1574805480000,2.602,2.602,2.598,2.598,171.2814,2019-11-26T21:58:00.000000Z
1574805540000,2.598,2.599,2.598,2.598,15.2887,2019-11-26T21:59:00.000000Z
1574805600000,2.599,2.599,2.597,2.598,472.2687,2019-11-26T22:00:00.000000Z
1574805660000,2.598,2.599,2.593,2.594,734.3468,2019-11-26T22:01:00.000000Z
1574805720000,2.594,2.595,2.594,2.595,441.0298,2019-11-26T22:02:00.000000Z
1574805780000,2.596,2.6,2.595,2.597,1578.5254,2019-11-26T22:03:00.000000Z
1574805840000,2.597,2.601,2.597,2.598,1215.8398,2019-11-26T22:04:00.000000Z
1574805900000,2.598,2.599,2.596,2.599,502.4226,2019-11-26T22:05:00.000000Z
1574805960000,2.599,2.601,2.598,2.601,1379.4371,2019-11-26T22:06:00.000000Z
1574806020000,2.601,2.601,2.596,2.599,839.8564,2019-11-26T22:07:00.000000Z
1574806080000,2.6,2.601,2.598,2.6,186.1127,2019-11-26T22:08:00.000000Z
1574806140000,2.6,2.602,2.6,2.601,310.9295,2019-11-26T22:09:00.000000Z
1574806200000,2.601,2.601,2.601,2.601,313.905,2019-11-26T22:10:00.000000Z
1574806260000,2.6,2.602,2.6,2.602,456.1107,2019-11-26T22:11:00.000000Z
1574806320000,2.602,2.602,2.601,2.602,270.7637,2019-11-26T22:12:00.000000Z
1574806380000,2.603,2.604,2.603,2.604,576.7576,2019-11-26T22:13:00.000000Z
1574806440000,2.605,2.605,2.604,2.605,88.8382,2019-11-26T22:14:00.000000Z
1574806500000,2.604,2.604,2.604,2.604,259.3873,2019-11-26T22:15:00.000000Z
1574806560000,2.604,2.604,2.603,2.603,657.5745,2019-11-26T22:16:00.000000Z
1574806620000,2.603,2.604,2.602,2.602,266.7891,2019-11-26T22:17:00.000000Z
1574806680000,2.602,2.602,2.601,2.602,61.0408,2019-11-26T22:18:00.000000Z
1574806740000,2.602,2.602,2.6,2.601,64.32,2019-11-26T22:19:00.000000Z
1574806800000,2.601,2.602,2.6,2.602,203.65,2019-11-26T22:20:00.000000Z
1574806860000,2.601,2.602,2.6,2.602,56.8812,2019-11-26T22:21:00.000000Z
1574806920000,2.602,2.605,2.602,2.605,419.9007,2019-11-26T22:22:00.000000Z
1574806980000,2.605,2.605,2.603,2.604,935.6648,2019-11-26T22:23:00.000000Z
1574807040000,2.604,2.604,2.604,2.604,94.9501,2019-11-26T22:24:00.000000Z
1574807100000,2.604,2.604,2.603,2.603,530.4848,2019-11-26T22:25:00.000000Z
1574807160000,2.603,2.604,2.603,2.604,266.0093,2019-11-26T22:26:00.000000Z
1574807220000,2.603,2.603,2.603,2.603,34.5033,2019-11-26T22:27:00.000000Z
1574807280000,2.603,2.604,2.603,2.604,332.9274,2019-11-26T22:28:00.000000Z
1574807340000,2.603,2.605,2.603,2.603,261.8604,2019-11-26T22:29:00.000000Z
1574807400000,2.604,2.609,2.604,2.607,904.035,2019-11-26T22:30:00.000000Z
1574807460000,2.607,2.608,2.607,2.608,68.5801,2019-11-26T22:31:00.000000Z
1574807520000,2.608,2.608,2.607,2.608,90.417,2019-11-26T22:32:00.000000Z
1574807580000,2.608,2.608,2.608,2.608,49.1,2019-11-26T22:33:00.000000Z
1574807640000,2.608,2.609,2.608,2.608,9.0495,2019-11-26T22:34:00.000000Z
1574807700000,2.608,2.61,2.608,2.61,683.2928,2019-11-26T22:35:00.000000Z
1574807760000,2.61,2.611,2.61,2.61,331.4413,2019-11-26T22:36:00.000000Z
1574807820000,2.61,2.611,2.61,2.61,193.0486,2019-11-26T22:37:00.000000Z
1574807880000,2.61,2.611,2.61,2.611,250.6032,2019-11-26T22:38:00.000000Z
1574807940000,2.611,2.613,2.611,2.612,803.4371,2019-11-26T22:39:00.000000Z
1574808000000,2.612,2.614,2.611,2.614,1092.4714,2019-11-26T22:40:00.000000Z
1574808060000,2.615,2.618,2.614,2.616,937.779,2019-11-26T22:41:00.000000Z
1574808120000,2.616,2.616,2.614,2.614,537.851,2019-11-26T22:42:00.000000Z
1574808180000,2.614,2.615,2.614,2.615,70.5919,2019-11-26T22:43:00.000000Z
1574808240000,2.614,2.615,2.614,2.615,628.2519,2019-11-26T22:44:00.000000Z
1574808300000,2.615,2.617,2.615,2.615,1038.7921,2019-11-26T22:45:00.000000Z
1574808360000,2.615,2.616,2.615,2.616,53.0,2019-11-26T22:46:00.000000Z
1574808420000,2.615,2.616,2.615,2.615,5.099,2019-11-26T22:47:00.000000Z
1574808480000,2.616,2.616,2.616,2.616,44.1778,2019-11-26T22:48:00.000000Z
1574808540000,2.617,2.618,2.617,2.617,262.4271,2019-11-26T22:49:00.000000Z
1574808600000,2.618,2.618,2.617,2.617,284.7595,2019-11-26T22:50:00.000000Z
1574808660000,2.617,2.618,2.617,2.618,353.2743,2019-11-26T22:51:00.000000Z
1574808720000,2.618,2.619,2.617,2.619,1190.4114,2019-11-26T22:52:00.000000Z
1574808780000,2.619,2.62,2.619,2.619,186.79,2019-11-26T22:53:00.000000Z
1574808840000,2.619,2.62,2.619,2.62,196.9902,2019-11-26T22:54:00.000000Z
1574808900000,2.621,2.623,2.621,2.622,36.0601,2019-11-26T22:55:00.000000Z
1574808960000,2.622,2.623,2.622,2.623,111.6194,2019-11-26T22:56:00.000000Z
1574809020000,2.623,2.624,2.623,2.624,10.1427,2019-11-26T22:57:00.000000Z
1574809080000,2.623,2.625,2.62,2.62,2781.866,2019-11-26T22:58:00.000000Z
1574809140000,2.62,2.62,2.617,2.617,84.8445,2019-11-26T22:59:00.000000Z
1574809200000,2.618,2.618,2.618,2.618,608.9451,2019-11-26T23:00:00.000000Z
1574809260000,2.618,2.624,2.618,2.621,2263.6809,2019-11-26T23:01:00.000000Z
1574809320000,2.621,2.624,2.621,2.621,687.7214,2019-11-26T23:02:00.000000Z
1574809380000,2.621,2.622,2.619,2.619,1037.2832,2019-11-26T23:03:00.000000Z
1574809440000,2.619,2.622,2.618,2.622,362.1817,2019-11-26T23:04:00.000000Z
1574809500000,2.622,2.623,2.62,2.621,219.3099,2019-11-26T23:05:00.000000Z
1574809560000,2.621,2.621,2.619,2.62,230.1731,2019-11-26T23:06:00.000000Z
1574809620000,2.621,2.621,2.62,2.62,9.5055,2019-11-26T23:07:00.000000Z
1574809680000,2.621,2.622,2.62,2.621,978.0002,2019-11-26T23:08:00.000000Z
1574809740000,2.621,2.621,2.619,2.619,95.8495,2019-11-26T23:09:00.000000Z
1574809800000,2.619,2.619,2.613,2.614,224.2273,2019-11-26T23:10:00.000000Z
1574809860000,2.613,2.616,2.612,2.613,812.2748,2019-11-26T23:11:00.000000Z
1574809920000,2.613,2.613,2.612,2.612,521.5499,2019-11-26T23:12:00.000000Z
1574809980000,2.612,2.612,2.607,2.61,1619.5894,2019-11-26T23:13:00.000000Z
1574810040000,2.61,2.61,2.608,2.609,81.9209,2019-11-26T23:14:00.000000Z
1574810100000,2.609,2.609,2.607,2.608,864.1104,2019-11-26T23:15:00.000000Z
1574810160000,2.607,2.609,2.607,2.609,278.0057,2019-11-26T23:16:00.000000Z
1574810220000,2.608,2.608,2.604,2.605,465.5833,2019-11-26T23:17:00.000000Z
1574810280000,2.606,2.606,2.601,2.602,683.1838,2019-11-26T23:18:00.000000Z
1574810340000,2.602,2.602,2.6,2.602,97.6,2019-11-26T23:19:00.000000Z
1574810400000,2.601,2.601,2.6,2.601,242.7517,2019-11-26T23:20:00.000000Z
1574810460000,2.601,2.604,2.601,2.604,327.8124,2019-11-26T23:21:00.000000Z
1574810520000,2.604,2.607,2.604,2.606,272.444,2019-11-26T23:22:00.000000Z
1574810580000,2.606,2.607,2.606,2.607,409.0386,2019-11-26T23:23:00.000000Z
1574810640000,2.607,2.61,2.607,2.608,215.4059,2019-11-26T23:24:00.000000Z
1574810700000,2.608,2.609,2.607,2.608,239.6001,2019-11-26T23:25:00.000000Z
1574810760000,2.609,2.61,2.608,2.608,585.7612,2019-11-26T23:26:00.000000Z
1574810820000,2.608,2.61,2.607,2.61,322.624,2019-11-26T23:27:00.000000Z
1574810880000,2.609,2.611,2.608,2.611,225.4416,2019-11-26T23:28:00.000000Z
1574810940000,2.611,2.614,2.611,2.614,257.2848,2019-11-26T23:29:00.000000Z
1574811000000,2.615,2.619,2.615,2.618,1534.9536,2019-11-26T23:30:00.000000Z
1574811060000,2.618,2.62,2.613,2.613,846.9179,2019-11-26T23:31:00.000000Z
1574811120000,2.613,2.614,2.609,2.612,898.5796,2019-11-26T23:32:00.000000Z
1574811180000,2.612,2.612,2.609,2.611,3226.4038,2019-11-26T23:33:00.000000Z
1574811240000,2.611,2.613,2.608,2.611,661.4417,2019-11-26T23:34:00.000000Z
1574811300000,2.611,2.611,2.61,2.61,13.8644,2019-11-26T23:35:00.000000Z
1574811360000,2.61,2.611,2.608,2.61,493.8588,2019-11-26T23:36:00.000000Z
1574811420000,2.61,2.612,2.61,2.612,294.5838,2019-11-26T23:37:00.000000Z
1574811480000,2.611,2.613,2.611,2.613,402.7091,2019-11-26T23:38:00.000000Z
1574811540000,2.613,2.613,2.613,2.613,28.0,2019-11-26T23:39:00.000000Z
1574811600000,2.612,2.612,2.612,2.612,13.0623,2019-11-26T23:40:00.000000Z
1574811660000,2.612,2.615,2.612,2.613,744.0844,2019-11-26T23:41:00.000000Z
1574811720000,2.613,2.616,2.613,2.615,934.5561,2019-11-26T23:42:00.000000Z
1574811780000,2.615,2.618,2.615,2.618,358.7995,2019-11-26T23:43:00.000000Z
1574811840000,2.618,2.619,2.616,2.619,318.5315,2019-11-26T23:44:00.000000Z
1574811900000,2.619,2.619,2.615,2.618,690.6528,2019-11-26T23:45:00.000000Z
1574811960000,2.618,2.619,2.616,2.617,186.7164,2019-11-26T23:46:00.000000Z
1574812020000,2.617,2.619,2.616,2.619,359.3782,2019-11-26T23:47:00.000000Z
1574812080000,2.619,2.619,2.615,2.615,346.2427,2019-11-26T23:48:00.000000Z
1574812140000,2.615,2.615,2.613,2.614,127.1,2019-11-26T23:49:00.000000Z
1574812200000,2.613,2.613,2.612,2.613,593.0461,2019-11-26T23:50:00.000000Z
1574812260000,2.613,2.617,2.613,2.617,181.7796,2019-11-26T23:51:00.000000Z
1574812320000,2.617,2.617,2.615,2.616,368.0819,2019-11-26T23:52:00.000000Z
1574812380000,2.615,2.616,2.615,2.616,322.4,2019-11-26T23:53:00.000000Z
1574812440000,2.616,2.617,2.614,2.615,713.7774,2019-11-26T23:54:00.000000Z
1574812500000,2.615,2.615,2.615,2.615,36.0,2019-11-26T23:55:00.000000Z
1574812560000,2.614,2.614,2.613,2.613,165.61,2019-11-26T23:56:00.000000Z
1574812620000,2.613,2.613,2.61,2.611,993.9307,2019-11-26T23:57:00.000000Z
1574812680000,2.611,2.612,2.609,2.611,319.9173,2019-11-26T23:58:00.000000Z
1574812740000,2.612,2.614,2.61,2.611,455.9709,2019-11-26T23:59:00.000000Z
1574812800000,2.611,2.611,2.604,2.604,806.972,2019-11-27T00:00:00.000000Z
1574812860000,2.605,2.607,2.604,2.604,679.7086,2019-11-27T00:01:00.000000Z
1574812920000,2.604,2.606,2.604,2.606,370.293,2019-11-27T00:02:00.000000Z
1574812980000,2.606,2.609,2.606,2.609,303.8211,2019-11-27T00:03:00.000000Z
1574813040000,2.609,2.613,2.609,2.612,279.4577,2019-11-27T00:04:00.000000Z
1574813100000,2.613,2.616,2.612,2.612,821.433,2019-11-27T00:05:00.000000Z
1574813160000,2.611,2.612,2.609,2.61,937.4447,2019-11-27T00:06:00.000000Z
1574813220000,2.609,2.609,2.603,2.605,486.2986,2019-11-27T00:07:00.000000Z
1574813280000,2.605,2.607,2.601,2.604,901.4494,2019-11-27T00:08:00.000000Z
1574813340000,2.604,2.605,2.604,2.604,52.0992,2019-11-27T00:09:00.000000Z
1574813400000,2.604,2.605,2.604,2.605,469.3552,2019-11-27T00:10:00.000000Z
1574813460000,2.604,2.604,2.6,2.6,448.9522,2019-11-27T00:11:00.000000Z
1574813520000,2.6,2.602,2.599,2.599,906.0382,2019-11-27T00:12:00.000000Z
1574813580000,2.6,2.603,2.6,2.603,230.1122,2019-11-27T00:13:00.000000Z
1574813640000,2.603,2.604,2.601,2.603,632.9094,2019-11-27T00:14:00.000000Z
1574813700000,2.602,2.602,2.6,2.6,872.7595,2019-11-27T00:15:00.000000Z
1574813760000,2.6,2.602,2.6,2.601,381.2925,2019-11-27T00:16:00.000000Z
1574813820000,2.601,2.602,2.601,2.601,72.5667,2019-11-27T00:17:00.000000Z
1574813880000,2.601,2.601,2.599,2.6,240.4713,2019-11-27T00:18:00.000000Z
1574813940000,2.6,2.601,2.597,2.598,928.9309,2019-11-27T00:19:00.000000Z
1574814000000,2.599,2.599,2.596,2.596,42.0,2019-11-27T00:20:00.000000Z
1574814060000,2.597,2.597,2.596,2.597,1078.1337,2019-11-27T00:21:00.000000Z
1574814120000,2.597,2.598,2.596,2.598,111.0424,2019-11-27T00:22:00.000000Z
1574814180000,2.598,2.598,2.596,2.597,763.6412,2019-11-27T00:23:00.000000Z
1574814240000,2.598,2.598,2.597,2.597,743.4407,2019-11-27T00:24:00.000000Z
1574814300000,2.597,2.599,2.597,2.599,583.4586,2019-11-27T00:25:00.000000Z
1574814360000,2.599,2.6,2.596,2.599,1470.7184,2019-11-27T00:26:00.000000Z
1574814420000,2.599,2.6,2.595,2.596,799.9756,2019-11-27T00:27:00.000000Z
1574814480000,2.595,2.597,2.584,2.587,6509.7541,2019-11-27T00:28:00.000000Z
1574814540000,2.587,2.588,2.587,2.587,476.0495,2019-11-27T00:29:00.000000Z
1574814600000,2.587,2.587,2.583,2.583,450.576,2019-11-27T00:30:00.000000Z
1574814660000,2.583,2.585,2.569,2.573,12050.634,2019-11-27T00:31:00.000000Z
1574814720000,2.572,2.578,2.572,2.578,1529.1119,2019-11-27T00:32:00.000000Z
1574814780000,2.578,2.581,2.577,2.58,541.7334,2019-11-27T00:33:00.000000Z
1574814840000,2.579,2.579,2.578,2.579,1086.778,2019-11-27T00:34:00.000000Z
1574814900000,2.579,2.584,2.579,2.584,251.9672,2019-11-27T00:35:00.000000Z
1574814960000,2.584,2.585,2.583,2.583,100.2047,2019-11-27T00:36:00.000000Z
1574815020000,2.584,2.584,2.581,2.582,505.4212,2019-11-27T00:37:00.000000Z
1574815080000,2.582,2.584,2.581,2.583,464.0,2019-11-27T00:38:00.000000Z
1574815140000,2.582,2.586,2.582,2.585,791.6883,2019-11-27T00:39:00.000000Z
1574815200000,2.586,2.586,2.584,2.585,519.4381,2019-11-27T00:40:00.000000Z
1574815260000,2.587,2.59,2.586,2.589,855.8123,2019-11-27T00:41:00.000000Z
1574815320000,2.59,2.591,2.589,2.59,1847.8641,2019-11-27T00:42:00.000000Z
1574815380000,2.591,2.593,2.589,2.591,879.6817,2019-11-27T00:43:00.000000Z
1574815440000,2.591,2.593,2.59,2.591,180.9652,2019-11-27T00:44:00.000000Z
1574815500000,2.592,2.593,2.591,2.593,166.2326,2019-11-27T00:45:00.000000Z
1574815560000,2.593,2.594,2.59,2.592,790.1433,2019-11-27T00:46:00.000000Z
1574815620000,2.592,2.592,2.59,2.591,391.0899,2019-11-27T00:47:00.000000Z
1574815680000,2.591,2.592,2.591,2.592,158.139,2019-11-27T00:48:00.000000Z
1574815740000,2.592,2.592,2.591,2.592,43.4012,2019-11-27T00:49:00.000000Z
1574815800000,2.592,2.592,2.591,2.591,743.1485,2019-11-27T00:50:00.000000Z
1574815860000,2.591,2.592,2.591,2.592,51.1752,2019-11-27T00:51:00.000000Z
1574815920000,2.592,2.592,2.59,2.59,76.3348,2019-11-27T00:52:00.000000Z
1574815980000,2.59,2.592,2.589,2.591,438.6428,2019-11-27T00:53:00.000000Z
1574816040000,2.592,2.597,2.591,2.594,1031.1323,2019-11-27T00:54:00.000000Z
1574816100000,2.595,2.597,2.595,2.596,37.2311,2019-11-27T00:55:00.000000Z
1574816160000,2.596,2.596,2.592,2.593,978.6652,2019-11-27T00:56:00.000000Z
1574816220000,2.592,2.596,2.591,2.596,827.4865,2019-11-27T00:57:00.000000Z
1574816280000,2.596,2.597,2.594,2.595,649.573,2019-11-27T00:58:00.000000Z
1574816340000,2.595,2.595,2.594,2.595,335.6235,2019-11-27T00:59:00.000000Z
1574816400000,2.595,2.599,2.595,2.599,226.3145,2019-11-27T01:00:00.000000Z
1574816460000,2.599,2.6,2.598,2.599,315.0378,2019-11-27T01:01:00.000000Z
1574816520000,2.6,2.604,2.6,2.601,444.8943,2019-11-27T01:02:00.000000Z
1574816580000,2.601,2.603,2.601,2.602,1012.1653,2019-11-27T01:03:00.000000Z
1574816640000,2.602,2.602,2.597,2.599,418.2986,2019-11-27T01:04:00.000000Z
1574816700000,2.599,2.602,2.599,2.6,2565.5934,2019-11-27T01:05:00.000000Z
1574816760000,2.601,2.602,2.598,2.599,647.7722,2019-11-27T01:06:00.000000Z
1574816820000,2.599,2.601,2.599,2.6,425.2812,2019-11-27T01:07:00.000000Z
1574816880000,2.6,2.6,2.599,2.599,25.0,2019-11-27T01:08:00.000000Z
1574816940000,2.598,2.599,2.597,2.598,277.8053,2019-11-27T01:09:00.000000Z
1574817000000,2.597,2.599,2.597,2.598,319.162,2019-11-27T01:10:00.000000Z
1574817060000,2.598,2.6,2.597,2.599,658.0906,2019-11-27T01:11:00.000000Z
1574817120000,2.598,2.598,2.598,2.598,172.66,2019-11-27T01:12:00.000000Z
1574817180000,2.597,2.599,2.597,2.598,440.8579,2019-11-27T01:13:00.000000Z
1574817240000,2.597,2.597,2.595,2.595,136.07,2019-11-27T01:14:00.000000Z
1574817300000,2.595,2.595,2.595,2.595,115.0075,2019-11-27T01:15:00.000000Z
1574817360000,2.595,2.595,2.593,2.593,630.3867,2019-11-27T01:16:00.000000Z
1574817420000,2.593,2.594,2.592,2.592,159.4016,2019-11-27T01:17:00.000000Z
1574817480000,2.592,2.593,2.589,2.591,468.1627,2019-11-27T01:18:00.000000Z
1574817540000,2.591,2.591,2.59,2.59,23.2272,2019-11-27T01:19:00.000000Z
1574817600000,2.59,2.591,2.59,2.591,289.6078,2019-11-27T01:20:00.000000Z
1574817660000,2.591,2.593,2.591,2.593,338.9305,2019-11-27T01:21:00.000000Z
1574817720000,2.593,2.593,2.592,2.592,24.9665,2019-11-27T01:22:00.000000Z
1574817780000,2.592,2.593,2.592,2.592,20.647,2019-11-27T01:23:00.000000Z
1574817840000,2.593,2.594,2.593,2.593,360.0449,2019-11-27T01:24:00.000000Z
1574817900000,2.593,2.595,2.593,2.594,86.3402,2019-11-27T01:25:00.000000Z
1574817960000,2.595,2.598,2.595,2.598,154.4847,2019-11-27T01:26:00.000000Z
1574818020000,2.598,2.598,2.596,2.597,136.5154,2019-11-27T01:27:00.000000Z
1574818080000,2.597,2.597,2.597,2.597,54.73,2019-11-27T01:28:00.000000Z
1574818140000,2.597,2.598,2.596,2.597,97.016,2019-11-27T01:29:00.000000Z
1574818200000,2.598,2.598,2.595,2.595,118.9473,2019-11-27T01:30:00.000000Z
1574818260000,2.596,2.597,2.595,2.595,195.4554,2019-11-27T01:31:00.000000Z
1574818320000,2.595,2.595,2.593,2.594,368.8901,2019-11-27T01:32:00.000000Z
1574818380000,2.594,2.594,2.593,2.593,10.8318,2019-11-27T01:33:00.000000Z
1574818440000,2.594,2.594,2.591,2.592,40.2842,2019-11-27T01:34:00.000000Z
1574818500000,2.592,2.592,2.591,2.592,56.6236,2019-11-27T01:35:00.000000Z
1574818560000,2.592,2.593,2.591,2.592,658.413,2019-11-27T01:36:00.000000Z
1574818620000,2.591,2.591,2.588,2.59,1482.0798,2019-11-27T01:37:00.000000Z
1574818680000,2.59,2.591,2.587,2.588,1939.2533,2019-11-27T01:38:00.000000Z
1574818740000,2.587,2.589,2.587,2.588,357.9598,2019-11-27T01:39:00.000000Z
1574818800000,2.589,2.589,2.588,2.588,2.0,2019-11-27T01:40:00.000000Z
1574818860000,2.589,2.589,2.586,2.587,333.4883,2019-11-27T01:41:00.000000Z
1574818920000,2.587,2.587,2.587,2.587,30.8389,2019-11-27T01:42:00.000000Z
1574818980000,2.587,2.589,2.587,2.589,575.28,2019-11-27T01:43:00.000000Z
1574819040000,2.589,2.591,2.587,2.589,549.4328,2019-11-27T01:44:00.000000Z
1574819100000,2.59,2.592,2.59,2.592,178.9796,2019-11-27T01:45:00.000000Z
1574819160000,2.591,2.594,2.591,2.594,45.9377,2019-11-27T01:46:00.000000Z
1574819220000,2.594,2.595,2.593,2.593,18.8419,2019-11-27T01:47:00.000000Z
1574819280000,2.594,2.594,2.591,2.592,279.2972,2019-11-27T01:48:00.000000Z
1574819340000,2.591,2.591,2.587,2.588,408.3211,2019-11-27T01:49:00.000000Z
1574819400000,2.588,2.588,2.583,2.585,1648.9351,2019-11-27T01:50:00.000000Z
1574819460000,2.585,2.585,2.581,2.583,919.9046,2019-11-27T01:51:00.000000Z
1574819520000,2.583,2.583,2.578,2.578,703.2131,2019-11-27T01:52:00.000000Z
1574819580000,2.579,2.584,2.579,2.583,816.2584,2019-11-27T01:53:00.000000Z
1574819640000,2.583,2.588,2.582,2.588,353.0016,2019-11-27T01:54:00.000000Z
1574819700000,2.587,2.588,2.587,2.588,1177.6846,2019-11-27T01:55:00.000000Z
1574819760000,2.588,2.589,2.587,2.588,4076.2588,2019-11-27T01:56:00.000000Z
1574819820000,2.588,2.588,2.587,2.587,306.6905,2019-11-27T01:57:00.000000Z
1574819880000,2.587,2.588,2.587,2.588,418.4508,2019-11-27T01:58:00.000000Z
1574819940000,2.588,2.593,2.588,2.592,852.304,2019-11-27T01:59:00.000000Z
1574820000000,2.592,2.594,2.592,2.593,206.1827,2019-11-27T02:00:00.000000Z
1574820060000,2.593,2.596,2.593,2.594,145.7395,2019-11-27T02:01:00.000000Z
1574820120000,2.594,2.595,2.594,2.595,296.6,2019-11-27T02:02:00.000000Z
1574820180000,2.594,2.596,2.594,2.596,794.1986,2019-11-27T02:03:00.000000Z
1574820240000,2.595,2.599,2.595,2.598,783.3415,2019-11-27T02:04:00.000000Z
1574820300000,2.598,2.598,2.593,2.593,11736.9689,2019-11-27T02:05:00.000000Z
1574820360000,2.594,2.596,2.593,2.595,1067.5359,2019-11-27T02:06:00.000000Z
1574820420000,2.596,2.596,2.593,2.593,441.0558,2019-11-27T02:07:00.000000Z
1574820480000,2.594,2.594,2.592,2.593,670.556,2019-11-27T02:08:00.000000Z
1574820540000,2.594,2.595,2.593,2.593,189.4829,2019-11-27T02:09:00.000000Z
1574820600000,2.593,2.593,2.591,2.591,85.7243,2019-11-27T02:10:00.000000Z
1574820660000,2.591,2.591,2.587,2.587,258.1161,2019-11-27T02:11:00.000000Z
1574820720000,2.587,2.587,2.585,2.585,75.5001,2019-11-27T02:12:00.000000Z
1574820780000,2.585,2.589,2.585,2.588,762.3948,2019-11-27T02:13:00.000000Z
1574820840000,2.589,2.589,2.588,2.589,216.4697,2019-11-27T02:14:00.000000Z
1574820900000,2.59,2.591,2.59,2.591,91.1498,2019-11-27T02:15:00.000000Z
1574820960000,2.591,2.592,2.59,2.59,140.96,2019-11-27T02:16:00.000000Z
1574821020000,2.591,2.591,2.59,2.59,2.0,2019-11-27T02:17:00.000000Z
1574821080000,2.591,2.593,2.591,2.593,121.5964,2019-11-27T02:18:00.000000Z
1574821140000,2.593,2.593,2.592,2.593,67.9099,2019-11-27T02:19:00.000000Z
1574821200000,2.594,2.595,2.594,2.594,411.7159,2019-11-27T02:20:00.000000Z
1574821260000,2.594,2.595,2.594,2.594,9.2894,2019-11-27T02:21:00.000000Z
1574821320000,2.594,2.594,2.593,2.593,70.434,2019-11-27T02:22:00.000000Z
1574821380000,2.593,2.593,2.591,2.592,92.7571,2019-11-27T02:23:00.000000Z
1574821440000,2.593,2.594,2.592,2.592,143.1327,2019-11-27T02:24:00.000000Z
1574821500000,2.592,2.594,2.591,2.591,234.1512,2019-11-27T02:25:00.000000Z
1574821560000,2.592,2.594,2.592,2.593,638.4965,2019-11-27T02:26:00.000000Z
1574821620000,2.593,2.595,2.593,2.593,289.5039,2019-11-27T02:27:00.000000Z
1574821680000,2.593,2.594,2.593,2.594,100.598,2019-11-27T02:28:00.000000Z
1574821740000,2.594,2.595,2.593,2.593,210.6678,2019-11-27T02:29:00.000000Z
1574821800000,2.594,2.594,2.593,2.593,279.0687,2019-11-27T02:30:00.000000Z
1574821860000,2.593,2.593,2.592,2.592,95.0,2019-11-27T02:31:00.000000Z
1574821920000,2.592,2.594,2.592,2.594,114.3161,2019-11-27T02:32:00.000000Z
1574821980000,2.593,2.594,2.591,2.591,99.9057,2019-11-27T02:33:00.000000Z
1574822040000,2.591,2.593,2.591,2.593,87.7989,2019-11-27T02:34:00.000000Z
1574822100000,2.594,2.594,2.592,2.592,51.3782,2019-11-27T02:35:00.000000Z
1574822160000,2.592,2.592,2.591,2.591,95.6546,2019-11-27T02:36:00.000000Z
1574822220000,2.591,2.591,2.588,2.588,2677.7177,2019-11-27T02:37:00.000000Z
1574822280000,2.589,2.59,2.587,2.587,371.6893,2019-11-27T02:38:00.000000Z
1574822340000,2.587,2.587,2.585,2.587,544.2052,2019-11-27T02:39:00.000000Z
1574822400000,2.586,2.588,2.585,2.587,563.1014,2019-11-27T02:40:00.000000Z
1574822460000,2.587,2.587,2.586,2.587,87.8598,2019-11-27T02:41:00.000000Z
1574822520000,2.588,2.589,2.588,2.588,61.896,2019-11-27T02:42:00.000000Z
1574822580000,2.588,2.589,2.587,2.588,97.8678,2019-11-27T02:43:00.000000Z
1574822640000,2.588,2.588,2.587,2.588,117.8151,2019-11-27T02:44:00.000000Z
1574822700000,2.588,2.588,2.587,2.587,2.0,2019-11-27T02:45:00.000000Z
1574822760000,2.587,2.588,2.585,2.586,144.5093,2019-11-27T02:46:00.000000Z
1574822820000,2.586,2.586,2.586,2.586,69.1625,2019-11-27T02:47:00.000000Z
1574822880000,2.586,2.588,2.586,2.587,65.2979,2019-11-27T02:48:00.000000Z
1574822940000,2.588,2.588,2.588,2.588,23.0,2019-11-27T02:49:00.000000Z
1574823000000,2.587,2.587,2.586,2.586,452.6924,2019-11-27T02:50:00.000000Z
1574823060000,2.586,2.586,2.585,2.586,54.4173,2019-11-27T02:51:00.000000Z
1574823120000,2.586,2.587,2.586,2.587,403.6924,2019-11-27T02:52:00.000000Z
1574823180000,2.587,2.588,2.587,2.588,1801.7407,2019-11-27T02:53:00.000000Z
1574823240000,2.588,2.589,2.587,2.588,733.0,2019-11-27T02:54:00.000000Z
1574823300000,2.589,2.59,2.588,2.589,1535.1345,2019-11-27T02:55:00.000000Z
1574823360000,2.59,2.59,2.59,2.59,247.5459,2019-11-27T02:56:00.000000Z
1574823420000,2.591,2.591,2.589,2.589,633.1864,2019-11-27T02:57:00.000000Z
1574823480000,2.589,2.589,2.587,2.587,269.3279,2019-11-27T02:58:00.000000Z
1574823540000,2.588,2.589,2.587,2.588,123.7187,2019-11-27T02:59:00.000000Z
1574823600000,2.587,2.59,2.585,2.59,1350.6197,2019-11-27T03:00:00.000000Z
1574823660000,2.59,2.591,2.589,2.591,348.7264,2019-11-27T03:01:00.000000Z
1574823720000,2.59,2.59,2.589,2.59,32.19,2019-11-27T03:02:00.000000Z
1574823780000,2.59,2.59,2.59,2.59,64.5,2019-11-27T03:03:00.000000Z
1574823840000,2.59,2.591,2.588,2.589,69.0932,2019-11-27T03:04:00.000000Z
1574823900000,2.589,2.59,2.589,2.59,46.9524,2019-11-27T03:05:00.000000Z
1574823960000,2.59,2.59,2.589,2.589,53.4,2019-11-27T03:06:00.000000Z
1574824020000,2.589,2.589,2.587,2.587,38.1554,2019-11-27T03:07:00.000000Z
1574824080000,2.587,2.588,2.587,2.587,110.4018,2019-11-27T03:08:00.000000Z
1574824140000,2.587,2.587,2.585,2.585,149.4608,2019-11-27T03:09:00.000000Z
1574824200000,2.586,2.588,2.586,2.587,17.0908,2019-11-27T03:10:00.000000Z
1574824260000,2.587,2.588,2.585,2.587,299.7768,2019-11-27T03:11:00.000000Z
1574824320000,2.587,2.587,2.585,2.587,549.5576,2019-11-27T03:12:00.000000Z
1574824380000,2.586,2.586,2.583,2.584,347.632,2019-11-27T03:13:00.000000Z
1574824440000,2.584,2.585,2.583,2.584,528.68,2019-11-27T03:14:00.000000Z
1574824500000,2.584,2.584,2.579,2.582,1725.4126,2019-11-27T03:15:00.000000Z
1574824560000,2.583,2.583,2.581,2.582,375.5536,2019-11-27T03:16:00.000000Z
1574824620000,2.582,2.582,2.579,2.58,749.2175,2019-11-27T03:17:00.000000Z
1574824680000,2.581,2.583,2.579,2.58,860.807,2019-11-27T03:18:00.000000Z
1574824740000,2.58,2.581,2.577,2.58,1380.7396,2019-11-27T03:19:00.000000Z
1574824800000,2.58,2.584,2.58,2.582,1326.4599,2019-11-27T03:20:00.000000Z
1574824860000,2.582,2.585,2.582,2.583,1114.96,2019-11-27T03:21:00.000000Z
1574824920000,2.583,2.583,2.581,2.581,240.7186,2019-11-27T03:22:00.000000Z
1574824980000,2.581,2.583,2.58,2.582,717.8155,2019-11-27T03:23:00.000000Z
1574825040000,2.581,2.583,2.58,2.58,4673.4758,2019-11-27T03:24:00.000000Z
1574825100000,2.581,2.582,2.579,2.582,2294.0881,2019-11-27T03:25:00.000000Z
1574825160000,2.582,2.582,2.579,2.581,732.3895,2019-11-27T03:26:00.000000Z
1574825220000,2.58,2.582,2.58,2.581,19.8585,2019-11-27T03:27:00.000000Z
1574825280000,2.581,2.581,2.58,2.58,36.0,2019-11-27T03:28:00.000000Z
1574825340000,2.581,2.583,2.581,2.582,36.2208,2019-11-27T03:29:00.000000Z
1574825400000,2.583,2.584,2.583,2.583,20.7614,2019-11-27T03:30:00.000000Z
1574825460000,2.584,2.584,2.583,2.583,556.4459,2019-11-27T03:31:00.000000Z
1574825520000,2.584,2.585,2.582,2.582,293.9464,2019-11-27T03:32:00.000000Z
1574825580000,2.582,2.583,2.58,2.58,113.49,2019-11-27T03:33:00.000000Z
1574825640000,2.58,2.581,2.579,2.58,250.0256,2019-11-27T03:34:00.000000Z
1574825700000,2.58,2.581,2.579,2.579,228.5658,2019-11-27T03:35:00.000000Z
1574825760000,2.579,2.579,2.575,2.575,527.1446,2019-11-27T03:36:00.000000Z
1574825820000,2.576,2.578,2.574,2.576,496.1326,2019-11-27T03:37:00.000000Z
1574825880000,2.577,2.578,2.576,2.577,1086.9953,2019-11-27T03:38:00.000000Z
1574825940000,2.577,2.579,2.575,2.577,1363.4888,2019-11-27T03:39:00.000000Z
1574826000000,2.579,2.579,2.577,2.579,241.6563,2019-11-27T03:40:00.000000Z
1574826060000,2.578,2.579,2.576,2.576,574.5303,2019-11-27T03:41:00.000000Z
1574826120000,2.576,2.578,2.575,2.577,492.6203,2019-11-27T03:42:00.000000Z
1574826180000,2.577,2.577,2.575,2.576,74.2455,2019-11-27T03:43:00.000000Z
1574826240000,2.577,2.577,2.575,2.576,1300.2415,2019-11-27T03:44:00.000000Z
1574826300000,2.576,2.576,2.575,2.575,1069.3616,2019-11-27T03:45:00.000000Z
1574826360000,2.575,2.576,2.573,2.574,3399.3774,2019-11-27T03:46:00.000000Z
1574826420000,2.574,2.575,2.57,2.573,3998.7278,2019-11-27T03:47:00.000000Z
1574826480000,2.573,2.576,2.572,2.574,4523.7723,2019-11-27T03:48:00.000000Z
1574826540000,2.575,2.575,2.565,2.571,7904.2573,2019-11-27T03:49:00.000000Z
1574826600000,2.571,2.573,2.564,2.566,3322.3432,2019-11-27T03:50:00.000000Z
1574826660000,2.566,2.566,2.56,2.563,2079.3852,2019-11-27T03:51:00.000000Z
1574826720000,2.564,2.565,2.56,2.563,716.6469,2019-11-27T03:52:00.000000Z
1574826780000,2.563,2.566,2.559,2.561,722.2962,2019-11-27T03:53:00.000000Z
1574826840000,2.561,2.563,2.559,2.561,503.5368,2019-11-27T03:54:00.000000Z
1574826900000,2.561,2.566,2.558,2.566,792.4772,2019-11-27T03:55:00.000000Z
1574826960000,2.566,2.567,2.562,2.566,1118.666,2019-11-27T03:56:00.000000Z
1574827020000,2.566,2.567,2.559,2.562,2278.7338,2019-11-27T03:57:00.000000Z
1574827080000,2.562,2.564,2.558,2.564,611.9397,2019-11-27T03:58:00.000000Z
1574827140000,2.564,2.565,2.562,2.565,373.5945,2019-11-27T03:59:00.000000Z
1574827200000,2.563,2.564,2.56,2.56,997.0244,2019-11-27T04:00:00.000000Z
