1574784240000,145.79,146.11,145.72,146.09,73.791,2019-11-26T16:04:00.000000Z
1574784300000,146.08,146.11,145.94,146.07,138.646026192,2019-11-26T16:05:00.000000Z
1574784360000,146.07,146.27,146.0,146.16,141.386673808,2019-11-26T16:06:00.000000Z
1574784420000,146.16,146.26,145.92,146.17,225.5014,2019-11-26T16:07:00.000000Z
1574784480000,146.17,146.22,145.93,145.96,96.0526,2019-11-26T16:08:00.000000Z
1574784540000,145.95,146.02,145.85,146.01,70.9593,2019-11-26T16:09:00.000000Z
1574784600000,146.01,146.17,145.95,146.12,102.0212,2019-11-26T16:10:00.000000Z
1574784660000,146.1,146.32,146.08,146.24,125.19,2019-11-26T16:11:00.000000Z
1574784720000,146.23,146.41,146.22,146.23,111.0834,2019-11-26T16:12:00.000000Z
1574784780000,146.22,146.27,146.15,146.19,59.6047,2019-11-26T16:13:00.000000Z
1574784840000,146.18,146.18,146.14,146.15,17.0258,2019-11-26T16:14:00.000000Z
1574784900000,146.17,146.29,146.17,146.2,74.7235,2019-11-26T16:15:00.000000Z
1574784960000,146.2,146.24,146.09,146.1,38.2467,2019-11-26T16:16:00.000000Z
1574785020000,146.09,146.14,145.87,145.93,103.3838,2019-11-26T16:17:00.000000Z
1574785080000,145.94,146.02,145.8,145.81,60.7174,2019-11-26T16:18:00.000000Z
1574785140000,145.83,145.87,145.8,145.86,23.1911,2019-11-26T16:19:00.000000Z
1574785200000,145.86,145.88,145.75,145.77,93.7791,2019-11-26T16:20:00.000000Z
1574785260000,145.76,145.79,145.61,145.78,59.8153,2019-11-26T16:21:00.000000Z
1574785320000,145.72,145.79,145.65,145.78,76.6196,2019-11-26T16:22:00.000000Z
1574785380000,145.79,145.79,145.52,145.58,85.6964,2019-11-26T16:23:00.000000Z
1574785440000,145.58,145.74,145.58,145.63,50.2562,2019-11-26T16:24:00.000000Z
1574785500000,145.63,145.63,145.46,145.46,27.4647,2019-11-26T16:25:00.000000Z
1574785560000,145.47,145.57,145.45,145.57,21.2988,2019-11-26T16:26:00.000000Z
1574785620000,145.57,145.71,145.57,145.64,36.6097,2019-11-26T16:27:00.000000Z
1574785680000,145.63,145.69,145.55,145.67,21.5344,2019-11-26T16:28:00.000000Z
1574785740000,145.68,145.73,145.67,145.69,14.1019,2019-11-26T16:29:00.000000Z
1574785800000,145.68,145.73,145.68,145.7,26.464,2019-11-26T16:30:00.000000Z
1574785860000,145.7,145.72,145.61,145.63,25.6228,2019-11-26T16:31:00.000000Z
1574785920000,145.64,145.67,145.51,145.56,51.3286,2019-11-26T16:32:00.000000Z
1574785980000,145.57,145.58,145.5,145.5,16.5271,2019-11-26T16:33:00.000000Z
1574786040000,145.51,145.61,145.51,145.6,49.918,2019-11-26T16:34:00.000000Z
1574786100000,145.59,145.6,145.5,145.5,35.3239,2019-11-26T16:35:00.000000Z
1574786160000,145.49,145.52,145.3,145.39,47.5309,2019-11-26T16:36:00.000000Z
1574786220000,145.39,145.41,145.32,145.36,69.5664,2019-11-26T16:37:00.000000Z
1574786280000,145.39,145.41,145.33,145.36,19.9021,2019-11-26T16:38:00.000000Z
1574786340000,145.36,145.43,145.31,145.39,19.5577,2019-11-26T16:39:00.000000Z
1574786400000,145.38,145.38,145.3,145.3,22.0734,2019-11-26T16:40:00.000000Z
1574786460000,145.29,145.3,145.1,145.19,118.354,2019-11-26T16:41:00.000000Z
1574786520000,145.18,145.24,145.06,145.16,57.963921233,2019-11-26T16:42:00.000000Z
1574786580000,145.17,145.17,145.08,145.11,15.8416,2019-11-26T16:43:00.000000Z
1574786640000,145.12,145.38,145.08,145.29,84.9985,2019-11-26T16:44:00.000000Z
1574786700000,145.3,145.35,145.27,145.29,42.43396474,2019-11-26T16:45:00.000000Z
1574786760000,145.3,145.34,145.25,145.32,40.6043,2019-11-26T16:46:00.000000Z
1574786820000,145.32,145.39,145.27,145.38,34.0546,2019-11-26T16:47:00.000000Z
1574786880000,145.39,145.5,145.33,145.48,56.2602,2019-11-26T16:48:00.000000Z
1574786940000,145.49,145.51,145.31,145.31,32.9749,2019-11-26T16:49:00.000000Z
1574787000000,145.31,145.38,145.25,145.37,35.4962,2019-11-26T16:50:00.000000Z
1574787060000,145.36,145.37,145.25,145.28,189.0923,2019-11-26T16:51:00.000000Z
1574787120000,145.28,145.38,145.28,145.35,45.3487,2019-11-26T16:52:00.000000Z
1574787180000,145.36,145.55,145.36,145.48,49.4316,2019-11-26T16:53:00.000000Z
1574787240000,145.46,145.49,145.4,145.4,76.8671,2019-11-26T16:54:00.000000Z
1574787300000,145.4,145.54,145.4,145.53,23.5921,2019-11-26T16:55:00.000000Z
1574787360000,145.54,145.64,145.51,145.61,26.6566,2019-11-26T16:56:00.000000Z
1574787420000,145.61,145.64,145.6,145.64,16.2147,2019-11-26T16:57:00.000000Z
1574787480000,145.64,146.0,145.64,145.92,204.9033,2019-11-26T16:58:00.000000Z
1574787540000,145.92,146.0,145.86,145.89,65.1645,2019-11-26T16:59:00.000000Z
1574787600000,145.87,146.05,145.85,145.96,97.5821,2019-11-26T17:00:00.000000Z
1574787660000,145.96,145.99,145.7,145.7,95.8728,2019-11-26T17:01:00.000000Z
1574787720000,145.7,145.75,145.61,145.63,55.9106,2019-11-26T17:02:00.000000Z
1574787780000,145.63,145.64,145.41,145.42,62.0332,2019-11-26T17:03:00.000000Z
1574787840000,145.42,145.47,145.07,145.34,188.4051,2019-11-26T17:04:00.000000Z
1574787900000,145.33,145.37,145.04,145.04,96.3,2019-11-26T17:05:00.000000Z
1574787960000,145.04,145.27,145.03,145.06,125.7191,2019-11-26T17:06:00.000000Z
1574788020000,145.05,145.24,145.03,145.24,106.7702,2019-11-26T17:07:00.000000Z
1574788080000,145.25,145.39,145.25,145.34,66.0385,2019-11-26T17:08:00.000000Z
1574788140000,145.34,145.42,145.15,145.25,69.825,2019-11-26T17:09:00.000000Z
1574788200000,145.24,145.26,145.03,145.05,30.4472,2019-11-26T17:10:00.000000Z
1574788260000,145.06,145.07,145.0,145.03,77.0792,2019-11-26T17:11:00.000000Z
1574788320000,145.02,145.14,144.93,145.02,113.0571,2019-11-26T17:12:00.000000Z
1574788380000,145.05,145.16,144.97,144.99,28.9798,2019-11-26T17:13:00.000000Z
1574788440000,144.97,144.99,144.9,144.95,22.608,2019-11-26T17:14:00.000000Z
1574788500000,144.95,145.05,144.68,144.68,119.8412,2019-11-26T17:15:00.000000Z
1574788560000,144.72,144.75,144.63,144.71,144.6206,2019-11-26T17:16:00.000000Z
1574788620000,144.73,144.98,144.69,144.98,57.3708,2019-11-26T17:17:00.000000Z
1574788680000,144.98,144.99,144.65,144.9,103.1996,2019-11-26T17:18:00.000000Z
1574788740000,144.88,144.93,144.78,144.83,43.1478,2019-11-26T17:19:00.000000Z
1574788800000,144.82,144.82,144.65,144.69,47.6849,2019-11-26T17:20:00.000000Z
1574788860000,144.69,144.73,144.5,144.64,57.3035,2019-11-26T17:21:00.000000Z
1574788920000,144.64,144.72,144.6,144.64,51.1564,2019-11-26T17:22:00.000000Z
1574788980000,144.64,144.77,144.59,144.73,18.47,2019-11-26T17:23:00.000000Z
1574789040000,144.77,144.88,144.7,144.74,34.7125,2019-11-26T17:24:00.000000Z
1574789100000,144.74,144.93,144.72,144.92,37.5669,2019-11-26T17:25:00.000000Z
1574789160000,144.92,145.29,144.91,145.04,117.2115,2019-11-26T17:26:00.000000Z
1574789220000,145.02,145.07,144.9,144.95,61.755413954,2019-11-26T17:27:00.000000Z
1574789280000,144.95,145.02,144.93,145.01,35.0261,2019-11-26T17:28:00.000000Z
1574789340000,145.04,145.08,144.94,144.97,44.8904,2019-11-26T17:29:00.000000Z
1574789400000,144.96,145.04,144.8,144.8,62.6661,2019-11-26T17:30:00.000000Z
1574789460000,144.81,144.84,144.69,144.77,40.1736,2019-11-26T17:31:00.000000Z
1574789520000,144.77,144.9,144.72,144.75,53.8656,2019-11-26T17:32:00.000000Z
1574789580000,144.75,144.94,144.74,144.91,53.9806,2019-11-26T17:33:00.000000Z
1574789640000,144.9,145.04,144.9,144.95,37.3935,2019-11-26T17:34:00.000000Z
1574789700000,144.95,145.08,144.95,145.05,23.6787,2019-11-26T17:35:00.000000Z
1574789760000,145.08,145.09,144.84,144.85,17.7923,2019-11-26T17:36:00.000000Z
1574789820000,144.85,145.01,144.84,144.9,17.7943,2019-11-26T17:37:00.000000Z
1574789880000,144.9,144.94,144.78,144.79,35.176,2019-11-26T17:38:00.000000Z
1574789940000,144.79,144.81,144.62,144.64,28.8912,2019-11-26T17:39:00.000000Z
1574790000000,144.64,144.8,144.61,144.71,77.9804,2019-11-26T17:40:00.000000Z
1574790060000,144.71,144.73,144.61,144.61,43.0936,2019-11-26T17:41:00.000000Z
1574790120000,144.63,144.74,144.63,144.69,54.9091,2019-11-26T17:42:00.000000Z
1574790180000,144.69,144.71,144.64,144.67,18.897,2019-11-26T17:43:00.000000Z
1574790240000,144.69,144.79,144.65,144.68,50.4072,2019-11-26T17:44:00.000000Z
1574790300000,144.68,144.73,144.65,144.67,14.2858,2019-11-26T17:45:00.000000Z
1574790360000,144.67,144.79,144.67,144.78,29.9411,2019-11-26T17:46:00.000000Z
1574790420000,144.77,144.78,144.7,144.73,7.9587,2019-11-26T17:47:00.000000Z
1574790480000,144.73,144.74,144.66,144.66,19.9752,2019-11-26T17:48:00.000000Z
1574790540000,144.66,144.75,144.61,144.75,23.3805,2019-11-26T17:49:00.000000Z
1574790600000,144.78,144.84,144.72,144.76,61.0327,2019-11-26T17:50:00.000000Z
1574790660000,144.75,144.84,144.74,144.82,17.1675,2019-11-26T17:51:00.000000Z
1574790720000,144.82,144.97,144.78,144.89,28.8955,2019-11-26T17:52:00.000000Z
1574790780000,144.88,144.98,144.88,144.96,20.015,2019-11-26T17:53:00.000000Z
1574790840000,144.96,145.01,144.9,144.99,32.7744,2019-11-26T17:54:00.000000Z
1574790900000,145.0,145.1,144.98,145.1,52.788430739,2019-11-26T17:55:00.000000Z
1574790960000,145.09,145.24,145.08,145.16,73.185769261,2019-11-26T17:56:00.000000Z
1574791020000,145.14,145.16,145.05,145.12,40.40960496,2019-11-26T17:57:00.000000Z
1574791080000,145.12,145.16,145.02,145.03,32.141,2019-11-26T17:58:00.000000Z
1574791140000,145.03,145.1,145.02,145.05,28.2187,2019-11-26T17:59:00.000000Z
1574791200000,145.04,145.24,145.04,145.07,73.836,2019-11-26T18:00:00.000000Z
1574791260000,145.07,145.15,145.07,145.14,10.7785,2019-11-26T18:01:00.000000Z
1574791320000,145.1,145.16,145.1,145.12,12.018,2019-11-26T18:02:00.000000Z
1574791380000,145.12,145.32,145.12,145.23,95.1367,2019-11-26T18:03:00.000000Z
1574791440000,145.22,145.22,145.1,145.17,59.2968,2019-11-26T18:04:00.000000Z
1574791500000,145.13,145.19,145.09,145.12,20.5816,2019-11-26T18:05:00.000000Z
1574791560000,145.11,145.14,144.89,145.03,60.2921,2019-11-26T18:06:00.000000Z
1574791620000,145.04,145.05,144.86,144.86,42.6066,2019-11-26T18:07:00.000000Z
1574791680000,144.88,144.91,144.61,144.67,107.4315,2019-11-26T18:08:00.000000Z
1574791740000,144.66,144.77,144.61,144.64,83.5334,2019-11-26T18:09:00.000000Z
1574791800000,144.66,144.69,144.12,144.3,148.5493,2019-11-26T18:10:00.000000Z
1574791860000,144.3,144.45,144.2,144.41,170.5528,2019-11-26T18:11:00.000000Z
1574791920000,144.41,144.41,143.84,144.06,241.0787,2019-11-26T18:12:00.000000Z
1574791980000,144.12,144.25,144.04,144.07,144.4242,2019-11-26T18:13:00.000000Z
1574792040000,144.08,144.13,144.03,144.06,102.621,2019-11-26T18:14:00.000000Z
1574792100000,144.06,144.25,144.06,144.18,59.8954,2019-11-26T18:15:00.000000Z
1574792160000,144.17,144.34,144.16,144.25,74.9662,2019-11-26T18:16:00.000000Z
1574792220000,144.24,144.28,144.08,144.15,57.4079,2019-11-26T18:17:00.000000Z
1574792280000,144.16,144.26,144.11,144.14,49.3768,2019-11-26T18:18:00.000000Z
1574792340000,144.14,144.2,144.11,144.12,41.9923,2019-11-26T18:19:00.000000Z
1574792400000,144.12,144.16,144.09,144.13,11.9927,2019-11-26T18:20:00.000000Z
1574792460000,144.15,144.37,144.15,144.33,41.7767,2019-11-26T18:21:00.000000Z
1574792520000,144.35,144.49,144.17,144.29,78.4809,2019-11-26T18:22:00.000000Z
1574792580000,144.28,144.59,144.27,144.45,184.6335,2019-11-26T18:23:00.000000Z
1574792640000,144.46,144.61,144.41,144.47,129.1563,2019-11-26T18:24:00.000000Z
1574792700000,144.47,144.58,144.4,144.55,86.112,2019-11-26T18:25:00.000000Z
1574792760000,144.55,144.66,144.49,144.6,80.2217,2019-11-26T18:26:00.000000Z
1574792820000,144.59,144.62,144.42,144.45,92.0185,2019-11-26T18:27:00.000000Z
1574792880000,144.43,144.43,144.27,144.33,87.278,2019-11-26T18:28:00.000000Z
1574792940000,144.33,144.48,144.27,144.38,41.2689,2019-11-26T18:29:00.000000Z
1574793000000,144.38,144.38,144.28,144.3,60.1224,2019-11-26T18:30:00.000000Z
1574793060000,144.34,144.55,144.34,144.52,75.2204,2019-11-26T18:31:00.000000Z
1574793120000,144.53,144.54,144.45,144.52,58.992,2019-11-26T18:32:00.000000Z
1574793180000,144.53,144.61,144.51,144.61,29.8369,2019-11-26T18:33:00.000000Z
1574793240000,144.59,144.77,144.58,144.74,68.592995422,2019-11-26T18:34:00.000000Z
1574793300000,144.74,144.76,144.61,144.68,103.7501,2019-11-26T18:35:00.000000Z
1574793360000,144.68,144.72,144.64,144.69,27.2665,2019-11-26T18:36:00.000000Z
1574793420000,144.69,144.72,144.61,144.63,22.3982,2019-11-26T18:37:00.000000Z
1574793480000,144.63,144.72,144.62,144.67,35.4773,2019-11-26T18:38:00.000000Z
1574793540000,144.68,144.75,144.64,144.69,21.713,2019-11-26T18:39:00.000000Z
1574793600000,144.69,144.69,144.54,144.54,21.8345,2019-11-26T18:40:00.000000Z
1574793660000,144.54,144.62,144.51,144.52,18.1945,2019-11-26T18:41:00.000000Z
1574793720000,144.51,144.72,144.51,144.69,65.3378,2019-11-26T18:42:00.000000Z
1574793780000,144.69,144.77,144.63,144.66,15.6632,2019-11-26T18:43:00.000000Z
1574793840000,144.66,144.66,144.51,144.56,47.785,2019-11-26T18:44:00.000000Z
1574793900000,144.57,144.76,144.57,144.75,40.4478,2019-11-26T18:45:00.000000Z
1574793960000,144.77,144.81,144.75,144.77,11.6465,2019-11-26T18:46:00.000000Z
1574794020000,144.77,145.09,144.77,144.94,41.1903,2019-11-26T18:47:00.000000Z
1574794080000,144.94,144.97,144.83,144.83,45.6151,2019-11-26T18:48:00.000000Z
1574794140000,144.83,145.03,144.81,145.03,39.182,2019-11-26T18:49:00.000000Z
1574794200000,145.0,145.05,144.91,144.93,40.3117,2019-11-26T18:50:00.000000Z
1574794260000,144.95,145.04,144.95,144.96,22.4488,2019-11-26T18:51:00.000000Z
1574794320000,144.95,144.95,144.9,144.91,20.1186,2019-11-26T18:52:00.000000Z
1574794380000,144.91,145.04,144.79,145.02,41.9579,2019-11-26T18:53:00.000000Z
1574794440000,145.02,145.02,144.96,145.0,29.6556,2019-11-26T18:54:00.000000Z
1574794500000,144.99,145.01,144.97,144.98,3.0012,2019-11-26T18:55:00.000000Z
1574794560000,144.98,145.03,144.9,145.02,20.3849,2019-11-26T18:56:00.000000Z
1574794620000,145.01,145.03,144.94,144.97,22.741,2019-11-26T18:57:00.000000Z
1574794680000,144.97,145.09,144.96,145.04,51.2795,2019-11-26T18:58:00.000000Z
1574794740000,145.05,145.1,145.02,145.08,42.083,2019-11-26T18:59:00.000000Z
1574794800000,145.08,145.15,145.05,145.13,38.5538,2019-11-26T19:00:00.000000Z
1574794860000,145.12,145.15,145.08,145.14,17.4193,2019-11-26T19:01:00.000000Z
1574794920000,145.14,145.17,145.1,145.11,9.2094,2019-11-26T19:02:00.000000Z
1574794980000,145.14,145.2,145.08,145.19,17.2263,2019-11-26T19:03:00.000000Z
1574795040000,145.19,145.24,145.14,145.2,26.8658,2019-11-26T19:04:00.000000Z
1574795100000,145.22,145.24,145.14,145.18,15.308,2019-11-26T19:05:00.000000Z
1574795160000,145.16,145.22,145.16,145.18,13.7221,2019-11-26T19:06:00.000000Z
1574795220000,145.18,145.2,145.12,145.14,9.7354,2019-11-26T19:07:00.000000Z
1574795280000,145.13,145.2,145.11,145.15,16.0756,2019-11-26T19:08:00.000000Z
1574795340000,145.16,145.17,145.1,145.11,13.7265,2019-11-26T19:09:00.000000Z
1574795400000,145.1,145.12,144.99,144.99,27.0362,2019-11-26T19:10:00.000000Z
1574795460000,144.99,144.99,144.79,144.85,47.9595,2019-11-26T19:11:00.000000Z
1574795520000,144.85,144.88,144.76,144.77,31.3298,2019-11-26T19:12:00.000000Z
1574795580000,144.78,144.99,144.77,144.84,40.1552,2019-11-26T19:13:00.000000Z
1574795640000,144.81,144.83,144.77,144.8,8.0137,2019-11-26T19:14:00.000000Z
1574795700000,144.79,144.98,144.77,144.89,81.209,2019-11-26T19:15:00.000000Z
1574795760000,144.88,144.89,144.75,144.81,18.6438,2019-11-26T19:16:00.000000Z
1574795820000,144.82,144.83,144.76,144.77,4.2238,2019-11-26T19:17:00.000000Z
1574795880000,144.79,144.9,144.79,144.87,30.2805,2019-11-26T19:18:00.000000Z
1574795940000,144.86,145.05,144.86,144.99,31.515,2019-11-26T19:19:00.000000Z
1574796000000,145.0,145.18,144.99,145.17,24.6117,2019-11-26T19:20:00.000000Z
1574796060000,145.16,145.18,144.96,144.97,79.0044,2019-11-26T19:21:00.000000Z
1574796120000,144.97,145.12,144.94,145.01,104.6233,2019-11-26T19:22:00.000000Z
1574796180000,145.01,145.1,144.94,145.05,28.5235,2019-11-26T19:23:00.000000Z
1574796240000,145.05,145.1,144.96,145.08,22.0393,2019-11-26T19:24:00.000000Z
1574796300000,145.07,145.09,145.0,145.04,23.289,2019-11-26T19:25:00.000000Z
1574796360000,145.03,145.11,144.99,145.0,44.7575,2019-11-26T19:26:00.000000Z
1574796420000,145.01,145.1,145.0,145.04,41.2241,2019-11-26T19:27:00.000000Z
1574796480000,145.04,145.1,144.95,145.0,39.7324,2019-11-26T19:28:00.000000Z
1574796540000,145.0,145.1,144.99,145.03,14.4902,2019-11-26T19:29:00.000000Z
1574796600000,145.05,145.1,145.02,145.05,18.6148,2019-11-26T19:30:00.000000Z
1574796660000,145.05,145.08,145.0,145.02,13.5331,2019-11-26T19:31:00.000000Z
1574796720000,145.03,145.14,145.0,145.0,45.6445,2019-11-26T19:32:00.000000Z
1574796780000,145.01,145.09,145.01,145.09,3.2657,2019-11-26T19:33:00.000000Z
1574796840000,145.05,145.2,145.05,145.19,24.4309,2019-11-26T19:34:00.000000Z
1574796900000,145.16,145.35,145.11,145.31,111.4373,2019-11-26T19:35:00.000000Z
1574796960000,145.3,145.56,145.3,145.54,145.9841,2019-11-26T19:36:00.000000Z
1574797020000,145.56,145.59,145.0,145.13,334.2715,2019-11-26T19:37:00.000000Z
1574797080000,145.13,145.2,145.0,145.17,148.9423,2019-11-26T19:38:00.000000Z
1574797140000,145.17,145.2,144.89,144.93,145.5867,2019-11-26T19:39:00.000000Z
1574797200000,144.94,145.01,144.82,144.86,91.6175,2019-11-26T19:40:00.000000Z
1574797260000,144.85,144.87,144.69,144.78,132.4116,2019-11-26T19:41:00.000000Z
1574797320000,144.78,144.86,144.74,144.77,46.0486,2019-11-26T19:42:00.000000Z
1574797380000,144.79,144.81,144.59,144.67,138.4204,2019-11-26T19:43:00.000000Z
1574797440000,144.68,144.86,144.66,144.73,51.7906,2019-11-26T19:44:00.000000Z
1574797500000,144.73,144.83,144.64,144.82,50.8324,2019-11-26T19:45:00.000000Z
1574797560000,144.82,144.83,144.75,144.8,32.8317,2019-11-26T19:46:00.000000Z
1574797620000,144.79,144.86,144.76,144.81,17.5133,2019-11-26T19:47:00.000000Z
1574797680000,144.81,144.84,144.68,144.72,65.9214,2019-11-26T19:48:00.000000Z
1574797740000,144.7,144.8,144.66,144.8,19.4986,2019-11-26T19:49:00.000000Z
1574797800000,144.76,144.89,144.7,144.86,41.1256,2019-11-26T19:50:00.000000Z
1574797860000,144.87,144.9,144.82,144.82,40.9624,2019-11-26T19:51:00.000000Z
1574797920000,144.84,145.04,144.82,145.04,16.4907,2019-11-26T19:52:00.000000Z
1574797980000,145.03,145.04,144.9,144.96,9.5762,2019-11-26T19:53:00.000000Z
1574798040000,144.96,144.97,144.85,144.91,36.8339,2019-11-26T19:54:00.000000Z
1574798100000,144.91,144.92,144.85,144.87,22.0731,2019-11-26T19:55:00.000000Z
1574798160000,144.86,144.88,144.82,144.85,12.2171,2019-11-26T19:56:00.000000Z
1574798220000,144.86,145.0,144.82,144.94,45.8152,2019-11-26T19:57:00.000000Z
1574798280000,144.94,145.03,144.91,144.97,28.7419,2019-11-26T19:58:00.000000Z
1574798340000,144.96,144.99,144.95,144.97,39.7389,2019-11-26T19:59:00.000000Z
1574798400000,144.97,145.14,144.97,145.13,34.4886,2019-11-26T20:00:00.000000Z
1574798460000,145.12,145.15,145.05,145.13,14.1322,2019-11-26T20:01:00.000000Z
1574798520000,145.14,145.18,145.11,145.16,14.6128,2019-11-26T20:02:00.000000Z
1574798580000,145.16,145.16,145.04,145.1,21.2607,2019-11-26T20:03:00.000000Z
1574798640000,145.13,145.16,145.07,145.16,25.2349,2019-11-26T20:04:00.000000Z
1574798700000,145.11,145.2,145.04,145.15,44.7523,2019-11-26T20:05:00.000000Z
1574798760000,145.15,145.25,145.11,145.11,55.9763,2019-11-26T20:06:00.000000Z
1574798820000,145.12,145.2,145.1,145.19,18.7284,2019-11-26T20:07:00.000000Z
1574798880000,145.17,145.25,145.12,145.25,29.791,2019-11-26T20:08:00.000000Z
1574798940000,145.26,145.26,145.08,145.11,87.3983,2019-11-26T20:09:00.000000Z
1574799000000,145.11,145.26,145.11,145.21,71.9138,2019-11-26T20:10:00.000000Z
1574799060000,145.23,145.29,145.22,145.25,12.7846,2019-11-26T20:11:00.000000Z
1574799120000,145.24,145.29,145.21,145.28,11.9449,2019-11-26T20:12:00.000000Z
1574799180000,145.27,145.28,145.23,145.26,5.2492,2019-11-26T20:13:00.000000Z
1574799240000,145.27,145.27,145.18,145.18,9.8446,2019-11-26T20:14:00.000000Z
1574799300000,145.19,145.3,145.19,145.3,19.2149,2019-11-26T20:15:00.000000Z
1574799360000,145.3,145.3,145.21,145.24,40.5188,2019-11-26T20:16:00.000000Z
1574799420000,145.24,145.3,145.18,145.29,48.7053,2019-11-26T20:17:00.000000Z
1574799480000,145.28,145.32,145.16,145.27,72.1409,2019-11-26T20:18:00.000000Z
1574799540000,145.27,145.39,145.24,145.26,65.9325,2019-11-26T20:19:00.000000Z
1574799600000,145.25,145.35,145.24,145.35,24.9275,2019-11-26T20:20:00.000000Z
1574799660000,145.34,145.4,145.29,145.35,48.1004,2019-11-26T20:21:00.000000Z
1574799720000,145.36,145.4,145.26,145.36,54.1787,2019-11-26T20:22:00.000000Z
1574799780000,145.36,145.39,145.24,145.38,48.6946,2019-11-26T20:23:00.000000Z
1574799840000,145.38,145.61,145.37,145.45,59.8351,2019-11-26T20:24:00.000000Z
1574799900000,145.46,145.59,145.39,145.43,76.6509,2019-11-26T20:25:00.000000Z
1574799960000,145.44,145.52,145.4,145.42,31.3156,2019-11-26T20:26:00.000000Z
1574800020000,145.42,145.49,145.4,145.47,30.4216,2019-11-26T20:27:00.000000Z
1574800080000,145.46,145.55,145.36,145.5,56.667100914,2019-11-26T20:28:00.000000Z
1574800140000,145.51,145.55,145.46,145.46,27.403,2019-11-26T20:29:00.000000Z
1574800200000,145.45,145.45,145.35,145.41,32.108,2019-11-26T20:30:00.000000Z
1574800260000,145.41,145.44,145.3,145.38,41.8041,2019-11-26T20:31:00.000000Z
1574800320000,145.38,145.44,145.3,145.35,31.0499,2019-11-26T20:32:00.000000Z
1574800380000,145.33,145.36,145.26,145.34,35.6192,2019-11-26T20:33:00.000000Z
1574800440000,145.31,145.39,145.27,145.29,37.3172,2019-11-26T20:34:00.000000Z
1574800500000,145.29,145.43,145.24,145.4,39.5319,2019-11-26T20:35:00.000000Z
1574800560000,145.4,145.51,145.4,145.47,52.1856,2019-11-26T20:36:00.000000Z
1574800620000,145.49,145.57,145.47,145.54,27.6022,2019-11-26T20:37:00.000000Z
1574800680000,145.55,145.55,145.49,145.55,9.9298,2019-11-26T20:38:00.000000Z
1574800740000,145.55,145.71,145.54,145.7,70.1584,2019-11-26T20:39:00.000000Z
1574800800000,145.69,145.69,145.54,145.6,28.2578,2019-11-26T20:40:00.000000Z
1574800860000,145.6,145.68,145.56,145.65,22.94015506,2019-11-26T20:41:00.000000Z
1574800920000,145.66,145.71,145.62,145.64,22.0385,2019-11-26T20:42:00.000000Z
1574800980000,145.63,145.71,145.63,145.66,20.7337,2019-11-26T20:43:00.000000Z
1574801040000,145.66,145.74,145.64,145.67,22.7049,2019-11-26T20:44:00.000000Z
1574801100000,145.65,145.81,145.64,145.81,17.7373,2019-11-26T20:45:00.000000Z
1574801160000,145.78,145.78,145.75,145.75,21.1559,2019-11-26T20:46:00.000000Z
1574801220000,145.77,146.02,145.77,145.94,92.7321,2019-11-26T20:47:00.000000Z
1574801280000,145.94,146.04,145.86,146.03,116.0555,2019-11-26T20:48:00.000000Z
1574801340000,146.03,146.18,145.96,146.1,91.4252,2019-11-26T20:49:00.000000Z
1574801400000,146.1,146.19,146.06,146.11,63.2823,2019-11-26T20:50:00.000000Z
1574801460000,146.1,146.23,146.0,146.01,87.4737,2019-11-26T20:51:00.000000Z
1574801520000,145.99,146.14,145.99,146.1,35.3448,2019-11-26T20:52:00.000000Z
1574801580000,146.11,146.62,146.05,146.54,194.477764406,2019-11-26T20:53:00.000000Z
1574801640000,146.54,146.73,146.49,146.67,149.4254,2019-11-26T20:54:00.000000Z
1574801700000,146.66,147.0,146.63,146.73,210.418,2019-11-26T20:55:00.000000Z
1574801760000,146.7,146.86,146.65,146.84,60.1487,2019-11-26T20:56:00.000000Z
1574801820000,146.83,146.89,146.61,146.64,51.0341,2019-11-26T20:57:00.000000Z
1574801880000,146.63,146.64,146.52,146.53,32.8472,2019-11-26T20:58:00.000000Z
1574801940000,146.55,146.57,146.42,146.51,20.0031,2019-11-26T20:59:00.000000Z
1574802000000,146.52,147.22,146.52,146.99,394.185521328,2019-11-26T21:00:00.000000Z
1574802060000,146.98,147.41,146.94,147.18,264.6938,2019-11-26T21:01:00.000000Z
1574802120000,147.23,147.55,147.23,147.4,233.1884,2019-11-26T21:02:00.000000Z
1574802180000,147.41,147.59,147.34,147.34,73.3271,2019-11-26T21:03:00.000000Z
1574802240000,147.35,147.48,146.95,146.99,115.4361,2019-11-26T21:04:00.000000Z
1574802300000,146.99,147.08,146.95,147.0,56.6017,2019-11-26T21:05:00.000000Z
1574802360000,147.0,147.19,146.95,147.07,41.450903818,2019-11-26T21:06:00.000000Z
1574802420000,147.07,148.43,147.04,147.94,600.841252595,2019-11-26T21:07:00.000000Z
1574802480000,147.99,148.06,147.68,148.02,273.0731,2019-11-26T21:08:00.000000Z
1574802540000,148.02,148.16,147.85,147.9,223.9862,2019-11-26T21:09:00.000000Z
1574802600000,147.9,148.0,147.57,147.68,238.674,2019-11-26T21:10:00.000000Z
1574802660000,147.67,148.23,147.63,148.13,204.8821,2019-11-26T21:11:00.000000Z
1574802720000,148.13,148.33,148.09,148.3,138.7479,2019-11-26T21:12:00.000000Z
1574802780000,148.29,148.63,148.22,148.28,695.42750622,2019-11-26T21:13:00.000000Z
1574802840000,148.29,148.32,148.03,148.24,253.0225,2019-11-26T21:14:00.000000Z
1574802900000,148.24,148.52,148.1,148.17,309.1446,2019-11-26T21:15:00.000000Z
1574802960000,148.17,148.23,147.75,147.85,265.3412,2019-11-26T21:16:00.000000Z
1574803020000,147.88,148.05,147.77,147.77,223.9657,2019-11-26T21:17:00.000000Z
1574803080000,147.79,147.95,147.76,147.84,84.8347,2019-11-26T21:18:00.000000Z
1574803140000,147.85,147.95,147.8,147.94,138.2334,2019-11-26T21:19:00.000000Z
1574803200000,147.94,148.31,147.94,148.29,182.2189,2019-11-26T21:20:00.000000Z
1574803260000,148.27,148.29,148.0,148.02,123.5422,2019-11-26T21:21:00.000000Z
1574803320000,148.02,148.17,148.0,148.16,88.1434,2019-11-26T21:22:00.000000Z
1574803380000,148.16,148.17,148.05,148.06,50.7711,2019-11-26T21:23:00.000000Z
1574803440000,148.06,148.11,147.88,147.91,53.8758,2019-11-26T21:24:00.000000Z
1574803500000,147.9,148.15,147.86,148.11,62.9478,2019-11-26T21:25:00.000000Z
1574803560000,148.11,148.25,148.04,148.16,106.6525,2019-11-26T21:26:00.000000Z
1574803620000,148.16,148.26,148.13,148.2,91.0653,2019-11-26T21:27:00.000000Z
1574803680000,148.21,148.29,148.16,148.23,85.0065,2019-11-26T21:28:00.000000Z
1574803740000,148.23,148.35,148.16,148.2,120.3337,2019-11-26T21:29:00.000000Z
1574803800000,148.18,148.25,148.18,148.24,47.299,2019-11-26T21:30:00.000000Z
1574803860000,148.23,148.24,148.16,148.16,12.393,2019-11-26T21:31:00.000000Z
1574803920000,148.16,148.16,147.99,148.02,57.9128,2019-11-26T21:32:00.000000Z
1574803980000,148.02,148.02,147.92,147.92,40.2786,2019-11-26T21:33:00.000000Z
1574804040000,147.92,148.01,147.9,147.9,33.7599,2019-11-26T21:34:00.000000Z
1574804100000,147.91,147.95,147.86,147.91,17.1161,2019-11-26T21:35:00.000000Z
1574804160000,147.91,147.91,147.83,147.85,13.4799,2019-11-26T21:36:00.000000Z
1574804220000,147.83,147.84,147.72,147.72,24.9025,2019-11-26T21:37:00.000000Z
1574804280000,147.72,147.72,147.3,147.52,220.6713,2019-11-26T21:38:00.000000Z
1574804340000,147.54,147.55,147.38,147.4,63.7686,2019-11-26T21:39:00.000000Z
1574804400000,147.4,147.42,147.24,147.33,89.3963,2019-11-26T21:40:00.000000Z
1574804460000,147.35,147.38,147.27,147.33,49.7056,2019-11-26T21:41:00.000000Z
1574804520000,147.33,147.33,147.22,147.24,61.3418,2019-11-26T21:42:00.000000Z
1574804580000,147.22,147.5,147.12,147.36,240.3255,2019-11-26T21:43:00.000000Z
1574804640000,147.36,147.43,147.33,147.35,31.9451,2019-11-26T21:44:00.000000Z
1574804700000,147.35,147.45,147.34,147.45,18.387,2019-11-26T21:45:00.000000Z
1574804760000,147.46,147.65,147.4,147.6,70.307341673,2019-11-26T21:46:00.000000Z
1574804820000,147.59,147.64,147.54,147.56,50.269253481,2019-11-26T21:47:00.000000Z
1574804880000,147.56,147.69,147.55,147.68,40.5829,2019-11-26T21:48:00.000000Z
1574804940000,147.68,147.79,147.67,147.79,110.9057,2019-11-26T21:49:00.000000Z
1574805000000,147.78,147.78,147.7,147.73,79.4975,2019-11-26T21:50:00.000000Z
1574805060000,147.74,147.92,147.7,147.88,64.8449,2019-11-26T21:51:00.000000Z
1574805120000,147.88,147.92,147.85,147.88,54.9698,2019-11-26T21:52:00.000000Z
1574805180000,147.88,147.99,147.86,147.96,69.4085,2019-11-26T21:53:00.000000Z
1574805240000,147.97,147.99,147.87,147.92,27.8817,2019-11-26T21:54:00.000000Z
1574805300000,147.91,147.97,147.86,147.96,9.8108,2019-11-26T21:55:00.000000Z
1574805360000,147.97,148.0,147.93,147.99,26.0745,2019-11-26T21:56:00.000000Z
1574805420000,147.99,148.01,147.94,147.98,16.723,2019-11-26T21:57:00.000000Z
1574805480000,147.99,147.99,147.78,147.78,35.0591,2019-11-26T21:58:00.000000Z
1574805540000,147.78,147.81,147.72,147.78,45.6085,2019-11-26T21:59:00.000000Z
1574805600000,147.77,147.79,147.66,147.66,35.3181,2019-11-26T22:00:00.000000Z
1574805660000,147.66,147.67,147.28,147.37,166.7692,2019-11-26T22:01:00.000000Z
1574805720000,147.37,147.49,147.31,147.49,62.4753,2019-11-26T22:02:00.000000Z
1574805780000,147.48,147.62,147.42,147.48,105.2783,2019-11-26T22:03:00.000000Z
1574805840000,147.46,147.49,147.43,147.45,15.03591046,2019-11-26T22:04:00.000000Z
1574805900000,147.45,147.46,147.24,147.41,38.6974,2019-11-26T22:05:00.000000Z
1574805960000,147.41,147.55,147.37,147.52,32.8775,2019-11-26T22:06:00.000000Z
1574806020000,147.52,147.56,147.44,147.46,43.9224,2019-11-26T22:07:00.000000Z
1574806080000,147.46,147.57,147.44,147.45,16.3378,2019-11-26T22:08:00.000000Z
1574806140000,147.45,147.48,147.44,147.46,4.9139,2019-11-26T22:09:00.000000Z
1574806200000,147.45,147.45,147.44,147.44,4.2,2019-11-26T22:10:00.000000Z
1574806260000,147.44,147.54,147.34,147.53,42.9856,2019-11-26T22:11:00.000000Z
1574806320000,147.53,147.54,147.49,147.49,13.8171,2019-11-26T22:12:00.000000Z
1574806380000,147.48,147.7,147.48,147.67,45.1123,2019-11-26T22:13:00.000000Z
1574806440000,147.67,147.72,147.64,147.71,36.3453,2019-11-26T22:14:00.000000Z
1574806500000,147.72,147.74,147.67,147.67,17.8419,2019-11-26T22:15:00.000000Z
1574806560000,147.66,147.69,147.61,147.65,29.4576,2019-11-26T22:16:00.000000Z
1574806620000,147.65,147.67,147.63,147.66,10.2492,2019-11-26T22:17:00.000000Z
1574806680000,147.65,147.67,147.5,147.52,47.7797,2019-11-26T22:18:00.000000Z
1574806740000,147.53,147.56,147.44,147.49,17.8866,2019-11-26T22:19:00.000000Z
1574806800000,147.5,147.73,147.49,147.67,45.4313,2019-11-26T22:20:00.000000Z
1574806860000,147.67,147.75,147.67,147.74,17.01116153,2019-11-26T22:21:00.000000Z
1574806920000,147.75,147.89,147.75,147.88,24.63623847,2019-11-26T22:22:00.000000Z
1574806980000,147.88,147.94,147.86,147.87,29.3655,2019-11-26T22:23:00.000000Z
1574807040000,147.86,147.86,147.77,147.82,18.4697,2019-11-26T22:24:00.000000Z
1574807100000,147.81,147.81,147.71,147.75,39.6595,2019-11-26T22:25:00.000000Z
1574807160000,147.75,147.78,147.72,147.73,9.8999,2019-11-26T22:26:00.000000Z
1574807220000,147.73,147.73,147.64,147.66,45.327183169,2019-11-26T22:27:00.000000Z
1574807280000,147.65,147.66,147.53,147.53,25.6193,2019-11-26T22:28:00.000000Z
1574807340000,147.53,147.53,147.27,147.38,169.2578,2019-11-26T22:29:00.000000Z
1574807400000,147.4,147.43,147.39,147.42,9.2439,2019-11-26T22:30:00.000000Z
1574807460000,147.43,147.5,147.43,147.48,19.9614,2019-11-26T22:31:00.000000Z
1574807520000,147.48,147.49,147.41,147.48,31.0725,2019-11-26T22:32:00.000000Z
1574807580000,147.48,147.52,147.48,147.49,2.0224,2019-11-26T22:33:00.000000Z
1574807640000,147.49,147.62,147.49,147.6,30.2646,2019-11-26T22:34:00.000000Z
1574807700000,147.59,147.91,147.59,147.86,43.75150033,2019-11-26T22:35:00.000000Z
1574807760000,147.86,147.92,147.83,147.9,31.159730315,2019-11-26T22:36:00.000000Z
1574807820000,147.87,147.92,147.84,147.92,11.4151,2019-11-26T22:37:00.000000Z
1574807880000,147.92,147.96,147.91,147.96,16.9743,2019-11-26T22:38:00.000000Z
1574807940000,147.96,148.08,147.96,148.02,45.707,2019-11-26T22:39:00.000000Z
1574808000000,148.02,148.02,147.95,148.02,80.5424,2019-11-26T22:40:00.000000Z
1574808060000,148.03,148.08,148.0,148.01,61.8751,2019-11-26T22:41:00.000000Z
1574808120000,148.0,148.05,147.95,147.98,58.0231,2019-11-26T22:42:00.000000Z
1574808180000,148.0,148.0,147.9,147.9,38.3781,2019-11-26T22:43:00.000000Z
1574808240000,147.95,147.95,147.85,147.93,37.8558,2019-11-26T22:44:00.000000Z
1574808300000,147.93,148.06,147.87,147.98,26.081,2019-11-26T22:45:00.000000Z
1574808360000,147.98,148.01,147.9,147.95,15.8797,2019-11-26T22:46:00.000000Z
1574808420000,147.95,147.96,147.87,147.87,30.1907,2019-11-26T22:47:00.000000Z
1574808480000,147.88,147.91,147.85,147.87,6.7011,2019-11-26T22:48:00.000000Z
1574808540000,147.87,147.91,147.85,147.87,13.4436,2019-11-26T22:49:00.000000Z
1574808600000,147.88,147.9,147.85,147.85,3.8024,2019-11-26T22:50:00.000000Z
1574808660000,147.85,147.89,147.85,147.86,17.5658,2019-11-26T22:51:00.000000Z
1574808720000,147.87,147.9,147.75,147.8,32.1438,2019-11-26T22:52:00.000000Z
1574808780000,147.8,147.83,147.78,147.83,14.593,2019-11-26T22:53:00.000000Z
1574808840000,147.82,147.86,147.81,147.84,14.4914,2019-11-26T22:54:00.000000Z
1574808900000,147.84,147.97,147.81,147.93,53.4571,2019-11-26T22:55:00.000000Z
1574808960000,147.93,147.96,147.9,147.9,26.407,2019-11-26T22:56:00.000000Z
1574809020000,147.92,147.96,147.91,147.96,2.434195201,2019-11-26T22:57:00.000000Z
1574809080000,147.95,147.97,147.88,147.91,41.3631,2019-11-26T22:58:00.000000Z
1574809140000,147.92,147.92,147.77,147.81,46.793,2019-11-26T22:59:00.000000Z
1574809200000,147.81,147.89,147.77,147.78,32.5762,2019-11-26T23:00:00.000000Z
1574809260000,147.78,148.08,147.65,148.08,99.8167,2019-11-26T23:01:00.000000Z
1574809320000,148.06,148.16,147.98,148.04,110.4392,2019-11-26T23:02:00.000000Z
1574809380000,148.05,148.07,147.91,148.06,57.6129,2019-11-26T23:03:00.000000Z
1574809440000,148.06,148.06,147.96,148.02,34.6014,2019-11-26T23:04:00.000000Z
1574809500000,148.03,148.05,147.97,147.99,16.3926,2019-11-26T23:05:00.000000Z
1574809560000,147.99,148.14,147.99,148.09,81.3754,2019-11-26T23:06:00.000000Z
1574809620000,148.08,148.09,148.02,148.03,9.6486,2019-11-26T23:07:00.000000Z
1574809680000,148.03,148.13,147.93,147.96,69.6314,2019-11-26T23:08:00.000000Z
1574809740000,147.96,147.99,147.81,147.81,33.38279216,2019-11-26T23:09:00.000000Z
1574809800000,147.81,147.87,147.71,147.71,40.3356,2019-11-26T23:10:00.000000Z
1574809860000,147.71,147.81,147.59,147.7,166.1473,2019-11-26T23:11:00.000000Z
1574809920000,147.71,147.74,147.46,147.49,72.2125,2019-11-26T23:12:00.000000Z
1574809980000,147.48,147.55,147.34,147.53,83.4376,2019-11-26T23:13:00.000000Z
1574810040000,147.54,147.54,147.38,147.42,68.1382,2019-11-26T23:14:00.000000Z
1574810100000,147.43,147.48,147.4,147.4,13.5047,2019-11-26T23:15:00.000000Z
1574810160000,147.4,147.48,147.34,147.45,49.1786,2019-11-26T23:16:00.000000Z
1574810220000,147.47,147.52,147.3,147.3,53.2706,2019-11-26T23:17:00.000000Z
1574810280000,147.31,147.31,147.04,147.15,157.1657,2019-11-26T23:18:00.000000Z
1574810340000,147.14,147.14,146.93,147.02,115.7675,2019-11-26T23:19:00.000000Z
1574810400000,147.02,147.11,146.99,147.11,36.3805,2019-11-26T23:20:00.000000Z
1574810460000,147.11,147.5,147.11,147.26,158.3082,2019-11-26T23:21:00.000000Z
1574810520000,147.28,147.42,147.24,147.42,28.4457,2019-11-26T23:22:00.000000Z
1574810580000,147.41,147.42,147.33,147.34,27.3618,2019-11-26T23:23:00.000000Z
1574810640000,147.38,147.51,147.35,147.45,52.3806915,2019-11-26T23:24:00.000000Z
1574810700000,147.47,147.57,147.34,147.51,78.180044304,2019-11-26T23:25:00.000000Z
1574810760000,147.51,147.54,147.45,147.53,78.663,2019-11-26T23:26:00.000000Z
1574810820000,147.53,147.54,147.45,147.53,21.9177,2019-11-26T23:27:00.000000Z
1574810880000,147.53,147.69,147.5,147.65,40.48158822,2019-11-26T23:28:00.000000Z
1574810940000,147.66,147.87,147.65,147.85,162.6495,2019-11-26T23:29:00.000000Z
1574811000000,147.85,148.12,147.84,148.1,220.08895921,2019-11-26T23:30:00.000000Z
1574811060000,148.08,148.16,147.89,147.94,210.21565593,2019-11-26T23:31:00.000000Z
1574811120000,147.96,147.98,147.76,147.94,181.2373,2019-11-26T23:32:00.000000Z
1574811180000,147.94,147.95,147.72,147.77,149.7668,2019-11-26T23:33:00.000000Z
1574811240000,147.74,147.81,147.61,147.68,173.285,2019-11-26T23:34:00.000000Z
1574811300000,147.7,147.71,147.62,147.64,28.6126,2019-11-26T23:35:00.000000Z
1574811360000,147.64,147.71,147.58,147.66,54.1557,2019-11-26T23:36:00.000000Z
1574811420000,147.66,147.8,147.6,147.74,37.5057,2019-11-26T23:37:00.000000Z
1574811480000,147.73,147.86,147.72,147.79,38.5257,2019-11-26T23:38:00.000000Z
1574811540000,147.83,147.89,147.73,147.76,52.9444,2019-11-26T23:39:00.000000Z
1574811600000,147.72,147.85,147.69,147.82,74.2811,2019-11-26T23:40:00.000000Z
1574811660000,147.81,147.91,147.78,147.86,66.7309,2019-11-26T23:41:00.000000Z
1574811720000,147.85,148.07,147.83,147.97,96.9648,2019-11-26T23:42:00.000000Z
1574811780000,147.97,148.11,147.97,148.07,130.7133,2019-11-26T23:43:00.000000Z
1574811840000,148.06,148.06,147.92,148.03,163.1032,2019-11-26T23:44:00.000000Z
1574811900000,148.03,148.03,147.78,147.88,97.1135,2019-11-26T23:45:00.000000Z
1574811960000,147.89,147.96,147.78,147.88,78.1301,2019-11-26T23:46:00.000000Z
1574812020000,147.89,147.92,147.77,147.86,92.6158,2019-11-26T23:47:00.000000Z
1574812080000,147.85,147.85,147.5,147.52,68.7932,2019-11-26T23:48:00.000000Z
1574812140000,147.56,147.61,147.46,147.54,69.0371,2019-11-26T23:49:00.000000Z
1574812200000,147.54,147.54,147.27,147.43,147.0286,2019-11-26T23:50:00.000000Z
1574812260000,147.43,147.68,147.42,147.66,81.4176,2019-11-26T23:51:00.000000Z
1574812320000,147.65,147.67,147.54,147.55,31.0914,2019-11-26T23:52:00.000000Z
1574812380000,147.55,147.69,147.55,147.67,41.1169,2019-11-26T23:53:00.000000Z
1574812440000,147.69,147.75,147.61,147.67,40.7479,2019-11-26T23:54:00.000000Z
1574812500000,147.69,147.7,147.57,147.6,43.2358,2019-11-26T23:55:00.000000Z
1574812560000,147.59,147.6,147.47,147.53,38.1372,2019-11-26T23:56:00.000000Z
1574812620000,147.53,147.53,147.4,147.43,260.8322,2019-11-26T23:57:00.000000Z
1574812680000,147.43,147.5,147.4,147.5,102.3133,2019-11-26T23:58:00.000000Z
1574812740000,147.52,147.54,147.43,147.5,75.6562,2019-11-26T23:59:00.000000Z
1574812800000,147.5,147.53,147.24,147.29,92.921,2019-11-27T00:00:00.000000Z
1574812860000,147.28,147.37,147.23,147.23,139.2286,2019-11-27T00:01:00.000000Z
1574812920000,147.23,147.39,147.23,147.39,62.9267,2019-11-27T00:02:00.000000Z
1574812980000,147.4,147.65,147.37,147.52,111.9377,2019-11-27T00:03:00.000000Z
1574813040000,147.5,147.69,147.5,147.68,25.9624,2019-11-27T00:04:00.000000Z
1574813100000,147.68,147.8,147.65,147.72,65.5057,2019-11-27T00:05:00.000000Z
1574813160000,147.74,147.79,147.7,147.73,26.617504912,2019-11-27T00:06:00.000000Z
1574813220000,147.72,147.74,147.65,147.65,17.4631,2019-11-27T00:07:00.000000Z
1574813280000,147.65,147.66,147.51,147.62,68.453769809,2019-11-27T00:08:00.000000Z
1574813340000,147.61,147.67,147.6,147.6,44.3406,2019-11-27T00:09:00.000000Z
1574813400000,147.6,147.66,147.53,147.53,29.1457,2019-11-27T00:10:00.000000Z
1574813460000,147.53,147.65,147.38,147.41,81.4455,2019-11-27T00:11:00.000000Z
1574813520000,147.41,147.54,147.22,147.24,67.1578,2019-11-27T00:12:00.000000Z
1574813580000,147.24,147.34,147.23,147.34,56.3865,2019-11-27T00:13:00.000000Z
1574813640000,147.34,147.54,147.34,147.45,80.3899,2019-11-27T00:14:00.000000Z
1574813700000,147.43,147.44,147.29,147.3,42.2867,2019-11-27T00:15:00.000000Z
1574813760000,147.31,147.32,147.21,147.21,24.364,2019-11-27T00:16:00.000000Z
1574813820000,147.22,147.41,147.2,147.28,67.8122,2019-11-27T00:17:00.000000Z
1574813880000,147.3,147.31,147.24,147.26,17.2412,2019-11-27T00:18:00.000000Z
1574813940000,147.25,147.25,147.12,147.15,66.2225,2019-11-27T00:19:00.000000Z
1574814000000,147.14,147.15,147.06,147.1,114.677,2019-11-27T00:20:00.000000Z
1574814060000,147.11,147.18,147.1,147.14,25.2842,2019-11-27T00:21:00.000000Z
1574814120000,147.14,147.25,147.1,147.24,43.5164,2019-11-27T00:22:00.000000Z
1574814180000,147.24,147.34,147.14,147.25,55.3007,2019-11-27T00:23:00.000000Z
1574814240000,147.25,147.26,147.13,147.22,28.4505,2019-11-27T00:24:00.000000Z
1574814300000,147.22,147.27,147.19,147.24,42.2623,2019-11-27T00:25:00.000000Z
1574814360000,147.18,147.23,147.09,147.12,31.6326,2019-11-27T00:26:00.000000Z
1574814420000,147.12,147.12,146.86,146.93,85.1308,2019-11-27T00:27:00.000000Z
1574814480000,146.93,146.94,146.73,146.86,97.1986,2019-11-27T00:28:00.000000Z
1574814540000,146.88,146.97,146.79,146.84,109.1779,2019-11-27T00:29:00.000000Z
1574814600000,146.84,146.88,146.66,146.69,75.4706,2019-11-27T00:30:00.000000Z
1574814660000,146.68,146.76,146.51,146.57,132.5462,2019-11-27T00:31:00.000000Z
1574814720000,146.57,146.65,146.53,146.64,98.7766,2019-11-27T00:32:00.000000Z
1574814780000,146.63,146.83,146.63,146.81,71.34188143,2019-11-27T00:33:00.000000Z
1574814840000,146.81,146.83,146.65,146.69,75.4684,2019-11-27T00:34:00.000000Z
1574814900000,146.68,147.11,146.65,147.0,315.8619,2019-11-27T00:35:00.000000Z
1574814960000,147.0,147.17,146.95,147.11,118.3417,2019-11-27T00:36:00.000000Z
1574815020000,147.12,147.12,146.98,147.04,65.2417,2019-11-27T00:37:00.000000Z
1574815080000,147.03,147.14,147.0,147.04,48.4027,2019-11-27T00:38:00.000000Z
1574815140000,147.04,147.17,147.0,147.14,72.2662,2019-11-27T00:39:00.000000Z
1574815200000,147.14,147.24,147.13,147.2,77.0227,2019-11-27T00:40:00.000000Z
1574815260000,147.2,147.23,147.2,147.22,38.4465,2019-11-27T00:41:00.000000Z
1574815320000,147.22,147.3,147.22,147.3,52.7703,2019-11-27T00:42:00.000000Z
1574815380000,147.3,147.35,147.28,147.32,38.793764942,2019-11-27T00:43:00.000000Z
1574815440000,147.31,147.38,147.3,147.37,35.4905,2019-11-27T00:44:00.000000Z
1574815500000,147.38,147.38,147.24,147.24,103.0494,2019-11-27T00:45:00.000000Z
1574815560000,147.24,147.32,147.17,147.31,39.4214,2019-11-27T00:46:00.000000Z
1574815620000,147.31,147.33,147.2,147.28,101.1192,2019-11-27T00:47:00.000000Z
1574815680000,147.28,147.34,147.2,147.3,71.4055,2019-11-27T00:48:00.000000Z
1574815740000,147.31,147.43,147.3,147.4,85.2328,2019-11-27T00:49:00.000000Z
1574815800000,147.4,147.42,147.4,147.41,116.2206,2019-11-27T00:50:00.000000Z
1574815860000,147.4,147.46,147.4,147.46,109.3615,2019-11-27T00:51:00.000000Z
1574815920000,147.45,147.55,147.43,147.48,111.6922,2019-11-27T00:52:00.000000Z
1574815980000,147.48,147.62,147.47,147.6,70.566282225,2019-11-27T00:53:00.000000Z
1574816040000,147.6,147.72,147.54,147.69,86.91,2019-11-27T00:54:00.000000Z
1574816100000,147.7,147.8,147.67,147.79,29.777,2019-11-27T00:55:00.000000Z
1574816160000,147.77,147.8,147.5,147.5,39.1149,2019-11-27T00:56:00.000000Z
1574816220000,147.5,147.75,147.49,147.72,27.5124,2019-11-27T00:57:00.000000Z
1574816280000,147.74,147.75,147.63,147.7,49.4211,2019-11-27T00:58:00.000000Z
1574816340000,147.71,147.8,147.69,147.76,44.1332,2019-11-27T00:59:00.000000Z
1574816400000,147.76,148.09,147.73,148.03,379.330111893,2019-11-27T01:00:00.000000Z
1574816460000,148.03,148.16,147.97,148.14,216.0009,2019-11-27T01:01:00.000000Z
1574816520000,148.1,148.19,148.09,148.18,110.4041659,2019-11-27T01:02:00.000000Z
1574816580000,148.18,148.4,148.11,148.37,126.321368834,2019-11-27T01:03:00.000000Z
1574816640000,148.37,148.37,148.16,148.27,165.2052,2019-11-27T01:04:00.000000Z
1574816700000,148.27,148.42,148.24,148.34,49.7478,2019-11-27T01:05:00.000000Z
1574816760000,148.37,148.41,148.21,148.3,39.4997,2019-11-27T01:06:00.000000Z
1574816820000,148.3,148.36,148.29,148.33,113.1597,2019-11-27T01:07:00.000000Z
1574816880000,148.33,148.33,148.16,148.19,113.3274,2019-11-27T01:08:00.000000Z
1574816940000,148.18,148.19,148.06,148.11,29.0136,2019-11-27T01:09:00.000000Z
1574817000000,148.11,148.17,148.02,148.03,37.8913,2019-11-27T01:10:00.000000Z
1574817060000,148.02,148.05,147.95,148.0,36.6667,2019-11-27T01:11:00.000000Z
1574817120000,148.03,148.03,147.9,147.97,28.2675,2019-11-27T01:12:00.000000Z
1574817180000,147.98,148.01,147.93,148.0,60.512,2019-11-27T01:13:00.000000Z
1574817240000,147.99,148.0,147.92,147.94,14.2276,2019-11-27T01:14:00.000000Z
1574817300000,147.93,147.95,147.87,147.91,23.6066,2019-11-27T01:15:00.000000Z
1574817360000,147.92,147.97,147.85,147.87,45.5282,2019-11-27T01:16:00.000000Z
1574817420000,147.86,147.89,147.72,147.79,67.2075,2019-11-27T01:17:00.000000Z
1574817480000,147.79,147.89,147.75,147.76,86.2893,2019-11-27T01:18:00.000000Z
1574817540000,147.75,147.81,147.67,147.68,64.3284,2019-11-27T01:19:00.000000Z
1574817600000,147.67,147.7,147.63,147.68,41.8448,2019-11-27T01:20:00.000000Z
1574817660000,147.69,147.94,147.62,147.75,155.9885,2019-11-27T01:21:00.000000Z
1574817720000,147.78,148.1,147.7,147.77,192.7201,2019-11-27T01:22:00.000000Z
1574817780000,147.77,147.78,147.69,147.73,16.7012,2019-11-27T01:23:00.000000Z
1574817840000,147.73,147.78,147.56,147.61,66.8399,2019-11-27T01:24:00.000000Z
1574817900000,147.61,147.76,147.55,147.71,151.3485,2019-11-27T01:25:00.000000Z
1574817960000,147.68,147.85,147.67,147.79,52.7899,2019-11-27T01:26:00.000000Z
1574818020000,147.83,147.84,147.7,147.76,47.4395,2019-11-27T01:27:00.000000Z
1574818080000,147.77,147.82,147.76,147.79,12.8223,2019-11-27T01:28:00.000000Z
1574818140000,147.78,147.85,147.73,147.82,27.4113,2019-11-27T01:29:00.000000Z
1574818200000,147.83,147.85,147.67,147.72,204.484,2019-11-27T01:30:00.000000Z
1574818260000,147.77,147.77,147.71,147.71,9.8023,2019-11-27T01:31:00.000000Z
1574818320000,147.71,147.77,147.62,147.63,98.8795,2019-11-27T01:32:00.000000Z
1574818380000,147.63,147.68,147.62,147.64,34.9565,2019-11-27T01:33:00.000000Z
1574818440000,147.63,147.64,147.5,147.5,17.677,2019-11-27T01:34:00.000000Z
1574818500000,147.52,147.53,147.37,147.38,40.101,2019-11-27T01:35:00.000000Z
1574818560000,147.4,147.44,147.36,147.38,29.9631,2019-11-27T01:36:00.000000Z
1574818620000,147.39,147.39,147.24,147.32,75.9489,2019-11-27T01:37:00.000000Z
1574818680000,147.31,147.36,147.22,147.24,47.650875325,2019-11-27T01:38:00.000000Z
1574818740000,147.25,147.32,147.2,147.23,56.7713,2019-11-27T01:39:00.000000Z
1574818800000,147.24,147.29,147.16,147.25,49.206067155,2019-11-27T01:40:00.000000Z
1574818860000,147.25,147.26,147.1,147.16,31.5187,2019-11-27T01:41:00.000000Z
1574818920000,147.14,147.22,147.11,147.18,51.407003485,2019-11-27T01:42:00.000000Z
1574818980000,147.17,147.33,147.16,147.29,51.4431,2019-11-27T01:43:00.000000Z
1574819040000,147.31,147.62,147.27,147.4,124.2157,2019-11-27T01:44:00.000000Z
1574819100000,147.39,147.55,147.39,147.46,55.689729396,2019-11-27T01:45:00.000000Z
1574819160000,147.46,147.62,147.43,147.59,23.492,2019-11-27T01:46:00.000000Z
1574819220000,147.61,147.7,147.59,147.65,54.2198,2019-11-27T01:47:00.000000Z
1574819280000,147.67,147.67,147.56,147.61,66.1472,2019-11-27T01:48:00.000000Z
1574819340000,147.6,147.62,147.49,147.49,11.8464,2019-11-27T01:49:00.000000Z
1574819400000,147.52,147.56,147.41,147.41,30.5135,2019-11-27T01:50:00.000000Z
1574819460000,147.42,147.43,147.36,147.36,17.4458,2019-11-27T01:51:00.000000Z
1574819520000,147.38,147.47,147.34,147.35,21.0606,2019-11-27T01:52:00.000000Z
1574819580000,147.35,147.5,147.34,147.49,67.3168,2019-11-27T01:53:00.000000Z
1574819640000,147.49,147.61,147.44,147.56,50.3195,2019-11-27T01:54:00.000000Z
1574819700000,147.56,147.66,147.54,147.59,29.5364,2019-11-27T01:55:00.000000Z
1574819760000,147.61,147.63,147.48,147.6,85.7977,2019-11-27T01:56:00.000000Z
1574819820000,147.6,147.64,147.54,147.64,11.2352,2019-11-27T01:57:00.000000Z
1574819880000,147.64,147.71,147.6,147.68,39.0132,2019-11-27T01:58:00.000000Z
1574819940000,147.68,147.91,147.68,147.87,133.1609,2019-11-27T01:59:00.000000Z
1574820000000,147.88,148.03,147.88,148.02,137.6144,2019-11-27T02:00:00.000000Z
1574820060000,148.01,148.16,148.0,148.03,74.4011,2019-11-27T02:01:00.000000Z
1574820120000,148.03,148.11,147.97,148.08,43.211,2019-11-27T02:02:00.000000Z
1574820180000,148.08,148.19,148.08,148.19,91.6371,2019-11-27T02:03:00.000000Z
1574820240000,148.18,148.27,148.16,148.23,60.9955,2019-11-27T02:04:00.000000Z
1574820300000,148.25,148.28,148.12,148.13,74.4482,2019-11-27T02:05:00.000000Z
1574820360000,148.16,148.22,148.03,148.1,136.5344,2019-11-27T02:06:00.000000Z
1574820420000,148.1,148.21,148.05,148.09,40.4973,2019-11-27T02:07:00.000000Z
1574820480000,148.1,148.16,148.02,148.04,55.0061,2019-11-27T02:08:00.000000Z
1574820540000,148.04,148.12,148.02,148.02,46.8237,2019-11-27T02:09:00.000000Z
1574820600000,148.02,148.06,147.95,148.01,65.5629,2019-11-27T02:10:00.000000Z
1574820660000,148.01,148.01,147.75,147.75,74.7908,2019-11-27T02:11:00.000000Z
1574820720000,147.75,147.76,147.69,147.71,86.4172,2019-11-27T02:12:00.000000Z
1574820780000,147.7,147.82,147.69,147.75,47.6639,2019-11-27T02:13:00.000000Z
1574820840000,147.8,147.83,147.76,147.83,43.286,2019-11-27T02:14:00.000000Z
1574820900000,147.82,147.82,147.74,147.76,25.1506,2019-11-27T02:15:00.000000Z
1574820960000,147.76,147.91,147.74,147.78,69.7279,2019-11-27T02:16:00.000000Z
1574821020000,147.78,147.86,147.77,147.78,33.7533,2019-11-27T02:17:00.000000Z
1574821080000,147.81,147.9,147.79,147.87,14.1651,2019-11-27T02:18:00.000000Z
1574821140000,147.84,147.99,147.84,147.98,24.6276,2019-11-27T02:19:00.000000Z
1574821200000,147.99,148.02,147.92,147.96,37.1758,2019-11-27T02:20:00.000000Z
1574821260000,147.97,148.01,147.97,148.01,10.7131,2019-11-27T02:21:00.000000Z
1574821320000,148.02,148.04,147.9,147.9,23.3724,2019-11-27T02:22:00.000000Z
1574821380000,147.89,147.91,147.81,147.84,43.4203,2019-11-27T02:23:00.000000Z
1574821440000,147.82,147.91,147.78,147.9,35.9632,2019-11-27T02:24:00.000000Z
1574821500000,147.91,147.97,147.9,147.92,25.6979,2019-11-27T02:25:00.000000Z
1574821560000,147.94,148.02,147.88,147.95,35.3695,2019-11-27T02:26:00.000000Z
1574821620000,147.95,148.06,147.95,148.03,27.6457,2019-11-27T02:27:00.000000Z
1574821680000,148.03,148.05,147.87,148.01,29.7288,2019-11-27T02:28:00.000000Z
1574821740000,147.98,148.03,147.83,147.83,49.1663,2019-11-27T02:29:00.000000Z
1574821800000,147.83,147.92,147.81,147.82,46.195,2019-11-27T02:30:00.000000Z
1574821860000,147.82,147.85,147.76,147.76,28.6585,2019-11-27T02:31:00.000000Z
1574821920000,147.75,147.75,147.66,147.72,40.4575,2019-11-27T02:32:00.000000Z
1574821980000,147.72,147.73,147.67,147.67,7.754,2019-11-27T02:33:00.000000Z
1574822040000,147.67,147.79,147.65,147.77,21.2603,2019-11-27T02:34:00.000000Z
1574822100000,147.78,147.78,147.62,147.73,67.1136,2019-11-27T02:35:00.000000Z
1574822160000,147.73,147.74,147.61,147.61,36.9893,2019-11-27T02:36:00.000000Z
1574822220000,147.62,147.7,147.53,147.54,109.9456,2019-11-27T02:37:00.000000Z
1574822280000,147.54,147.58,147.19,147.54,469.988978778,2019-11-27T02:38:00.000000Z
1574822340000,147.53,147.58,147.32,147.36,111.71859608,2019-11-27T02:39:00.000000Z
1574822400000,147.36,147.52,147.3,147.52,67.8316,2019-11-27T02:40:00.000000Z
1574822460000,147.5,147.53,147.47,147.49,56.8797,2019-11-27T02:41:00.000000Z
1574822520000,147.48,147.52,147.43,147.48,29.5959221,2019-11-27T02:42:00.000000Z
1574822580000,147.49,147.55,147.39,147.55,41.8755,2019-11-27T02:43:00.000000Z
1574822640000,147.55,147.57,147.47,147.55,43.1669,2019-11-27T02:44:00.000000Z
1574822700000,147.54,147.54,147.41,147.46,32.94218644,2019-11-27T02:45:00.000000Z
1574822760000,147.47,147.48,147.43,147.44,18.9929,2019-11-27T02:46:00.000000Z
1574822820000,147.44,147.49,147.43,147.49,15.074298996,2019-11-27T02:47:00.000000Z
1574822880000,147.49,147.56,147.45,147.53,27.191,2019-11-27T02:48:00.000000Z
1574822940000,147.53,147.56,147.5,147.5,14.9094,2019-11-27T02:49:00.000000Z
1574823000000,147.5,147.52,147.41,147.41,28.2343,2019-11-27T02:50:00.000000Z
1574823060000,147.41,147.53,147.41,147.46,31.2751,2019-11-27T02:51:00.000000Z
1574823120000,147.46,147.55,147.46,147.53,12.7222,2019-11-27T02:52:00.000000Z
1574823180000,147.54,147.57,147.5,147.51,43.3874,2019-11-27T02:53:00.000000Z
1574823240000,147.51,147.65,147.5,147.64,77.6038,2019-11-27T02:54:00.000000Z
1574823300000,147.62,147.64,147.58,147.6,33.2391,2019-11-27T02:55:00.000000Z
1574823360000,147.58,147.59,147.56,147.56,17.122,2019-11-27T02:56:00.000000Z
1574823420000,147.56,147.62,147.54,147.58,48.724,2019-11-27T02:57:00.000000Z
1574823480000,147.59,147.59,147.43,147.44,71.242,2019-11-27T02:58:00.000000Z
1574823540000,147.46,147.53,147.4,147.46,41.8468,2019-11-27T02:59:00.000000Z
1574823600000,147.46,147.55,147.45,147.53,19.5182,2019-11-27T03:00:00.000000Z
1574823660000,147.52,147.58,147.51,147.58,29.1012,2019-11-27T03:01:00.000000Z
1574823720000,147.59,147.59,147.49,147.54,25.305,2019-11-27T03:02:00.000000Z
1574823780000,147.55,147.62,147.55,147.56,37.0473,2019-11-27T03:03:00.000000Z
1574823840000,147.57,147.6,147.52,147.55,30.294,2019-11-27T03:04:00.000000Z
1574823900000,147.56,147.6,147.46,147.55,133.5263,2019-11-27T03:05:00.000000Z
1574823960000,147.55,147.6,147.54,147.54,75.7602,2019-11-27T03:06:00.000000Z
1574824020000,147.54,147.57,147.47,147.48,31.8431,2019-11-27T03:07:00.000000Z
1574824080000,147.48,147.57,147.46,147.53,21.7912,2019-11-27T03:08:00.000000Z
1574824140000,147.53,147.53,147.45,147.47,14.3009,2019-11-27T03:09:00.000000Z
1574824200000,147.45,147.55,147.42,147.42,60.700964835,2019-11-27T03:10:00.000000Z
1574824260000,147.42,147.45,147.32,147.37,86.623781778,2019-11-27T03:11:00.000000Z
1574824320000,147.37,147.37,147.13,147.16,134.436045186,2019-11-27T03:12:00.000000Z
1574824380000,147.21,147.41,147.02,147.08,164.110320053,2019-11-27T03:13:00.000000Z
1574824440000,147.08,147.14,146.98,147.03,151.822232603,2019-11-27T03:14:00.000000Z
1574824500000,146.99,147.0,146.5,146.76,369.76916088,2019-11-27T03:15:00.000000Z
1574824560000,146.75,146.82,146.57,146.65,196.988288246,2019-11-27T03:16:00.000000Z
1574824620000,146.65,146.71,146.37,146.49,197.837032081,2019-11-27T03:17:00.000000Z
1574824680000,146.48,146.57,146.41,146.42,122.9658,2019-11-27T03:18:00.000000Z
1574824740000,146.43,146.46,146.19,146.35,360.933976597,2019-11-27T03:19:00.000000Z
1574824800000,146.31,146.64,146.31,146.45,176.482275319,2019-11-27T03:20:00.000000Z
1574824860000,146.47,146.63,146.47,146.63,55.627,2019-11-27T03:21:00.000000Z
1574824920000,146.62,146.64,146.53,146.53,29.5548,2019-11-27T03:22:00.000000Z
1574824980000,146.53,146.59,146.23,146.4,151.8592,2019-11-27T03:23:00.000000Z
1574825040000,146.4,146.43,146.22,146.3,98.1804,2019-11-27T03:24:00.000000Z
1574825100000,146.31,146.53,146.28,146.45,69.548552218,2019-11-27T03:25:00.000000Z
1574825160000,146.45,146.53,146.37,146.46,78.8515,2019-11-27T03:26:00.000000Z
1574825220000,146.46,146.57,146.45,146.51,49.5259,2019-11-27T03:27:00.000000Z
1574825280000,146.51,146.53,146.45,146.5,33.9999,2019-11-27T03:28:00.000000Z
1574825340000,146.5,146.73,146.48,146.7,48.9791,2019-11-27T03:29:00.000000Z
1574825400000,146.69,146.86,146.63,146.7,228.6201,2019-11-27T03:30:00.000000Z
1574825460000,146.7,146.83,146.58,146.72,122.7043,2019-11-27T03:31:00.000000Z
1574825520000,146.69,146.74,146.53,146.66,33.018,2019-11-27T03:32:00.000000Z
1574825580000,146.66,146.69,146.57,146.58,32.3333,2019-11-27T03:33:00.000000Z
1574825640000,146.57,146.63,146.38,146.51,106.234,2019-11-27T03:34:00.000000Z
1574825700000,146.51,146.54,146.32,146.44,103.0804,2019-11-27T03:35:00.000000Z
1574825760000,146.44,146.52,146.12,146.24,171.1041,2019-11-27T03:36:00.000000Z
1574825820000,146.24,146.24,145.91,145.97,110.777,2019-11-27T03:37:00.000000Z
1574825880000,145.96,146.12,145.95,146.01,80.2561,2019-11-27T03:38:00.000000Z
1574825940000,146.01,146.06,145.9,146.01,71.6303,2019-11-27T03:39:00.000000Z
1574826000000,146.02,146.12,145.99,146.02,102.3162,2019-11-27T03:40:00.000000Z
1574826060000,146.02,146.62,146.02,146.09,195.9143,2019-11-27T03:41:00.000000Z
1574826120000,146.13,146.2,145.79,145.8,254.5031,2019-11-27T03:42:00.000000Z
1574826180000,145.8,145.87,145.61,145.82,243.5539,2019-11-27T03:43:00.000000Z
1574826240000,145.82,145.87,145.72,145.84,162.9168,2019-11-27T03:44:00.000000Z
1574826300000,145.84,145.87,145.58,145.64,107.0161,2019-11-27T03:45:00.000000Z
1574826360000,145.64,145.87,145.48,145.49,351.2827,2019-11-27T03:46:00.000000Z
1574826420000,145.49,145.58,145.29,145.32,195.7862,2019-11-27T03:47:00.000000Z
1574826480000,145.32,145.46,145.23,145.46,290.8135,2019-11-27T03:48:00.000000Z
1574826540000,145.46,145.81,145.46,145.52,128.3718,2019-11-27T03:49:00.000000Z
1574826600000,145.56,145.59,145.23,145.33,206.7325,2019-11-27T03:50:00.000000Z
1574826660000,145.33,145.33,144.83,145.03,833.5876,2019-11-27T03:51:00.000000Z
1574826720000,145.04,145.25,145.0,145.15,153.6939,2019-11-27T03:52:00.000000Z
1574826780000,145.13,145.28,145.02,145.05,147.4345,2019-11-27T03:53:00.000000Z
1574826840000,145.13,145.13,144.88,145.01,167.506,2019-11-27T03:54:00.000000Z
1574826900000,144.99,145.19,144.92,145.1,157.58,2019-11-27T03:55:00.000000Z
1574826960000,145.08,145.24,145.05,145.24,62.5792,2019-11-27T03:56:00.000000Z
1574827020000,145.25,145.28,145.01,145.01,97.2128,2019-11-27T03:57:00.000000Z
1574827080000,145.06,145.15,145.02,145.14,33.1989,2019-11-27T03:58:00.000000Z
1574827140000,145.12,145.29,145.1,145.23,70.3423,2019-11-27T03:59:00.000000Z
1574827200000,145.24,145.24,144.89,144.89,78.1188,2019-11-27T04:00:00.000000Z
1574827260000,144.9,145.04,144.65,144.76,155.9572,2019-11-27T04:01:00.000000Z
1574827320000,144.76,144.78,144.65,144.71,119.0828,2019-11-27T04:02:00.000000Z
1574827380000,144.7,144.75,144.63,144.72,94.02292444,2019-11-27T04:03:00.000000Z
1574827440000,144.67,144.73,144.37,144.71,162.728943931,2019-11-27T04:04:00.000000Z
1574827500000,144.72,144.75,144.52,144.53,107.9606,2019-11-27T04:05:00.000000Z
1574827560000,144.53,144.53,144.12,144.13,137.0091,2019-11-27T04:06:00.000000Z
1574827620000,144.12,144.34,143.57,144.25,383.5486,2019-11-27T04:07:00.000000Z
1574827680000,144.28,144.29,144.02,144.28,208.40404378,2019-11-27T04:08:00.000000Z
