1574784240000,0.2171,0.2172,0.2171,0.2172,3666.45,2019-11-26T16:04:00.000000Z
1574784300000,0.2172,0.2175,0.2172,0.2174,8621.16,2019-11-26T16:05:00.000000Z
1574784360000,0.2175,0.2178,0.2174,0.2174,3812.45,2019-11-26T16:06:00.000000Z
1574784420000,0.2173,0.2177,0.217,0.2176,21162.9,2019-11-26T16:07:00.000000Z
1574784480000,0.2176,0.2176,0.2172,0.2173,3552.94,2019-11-26T16:08:00.000000Z
1574784540000,0.2172,0.2172,0.217,0.217,6499.98,2019-11-26T16:09:00.000000Z
1574784600000,0.217,0.2171,0.2169,0.2171,1251.78,2019-11-26T16:10:00.000000Z
1574784660000,0.2172,0.2173,0.2171,0.2173,3337.23,2019-11-26T16:11:00.000000Z
1574784720000,0.2174,0.2176,0.2174,0.2176,520.61,2019-11-26T16:12:00.000000Z
1574784780000,0.2176,0.2176,0.2176,0.2176,8225.54,2019-11-26T16:13:00.000000Z
1574784840000,0.2177,0.2177,0.2177,0.2177,10.0,2019-11-26T16:14:00.000000Z
1574784900000,0.2176,0.2177,0.2176,0.2177,122.25,2019-11-26T16:15:00.000000Z
1574784960000,0.2178,0.2178,0.2178,0.2178,200.0,2019-11-26T16:16:00.000000Z
1574785020000,0.2177,0.2178,0.2174,0.2174,2151.29,2019-11-26T16:17:00.000000Z
1574785080000,0.2175,0.2175,0.2175,0.2175,80.2,2019-11-26T16:18:00.000000Z
1574785140000,0.2175,0.2175,0.2175,0.2175,10.0,2019-11-26T16:19:00.000000Z
1574785200000,0.2176,0.2176,0.2175,0.2176,44.27,2019-11-26T16:20:00.000000Z
1574785260000,0.2174,0.2175,0.2174,0.2174,144.94,2019-11-26T16:21:00.000000Z
1574785320000,0.2175,0.2177,0.2175,0.2176,1459.01,2019-11-26T16:22:00.000000Z
1574785380000,0.2175,0.2175,0.2175,0.2175,100.1,2019-11-26T16:23:00.000000Z
1574785440000,0.2174,0.2175,0.2174,0.2174,111.0,2019-11-26T16:24:00.000000Z
1574785500000,0.2174,0.2174,0.2173,0.2174,162.75,2019-11-26T16:25:00.000000Z
1574785560000,0.2173,0.2173,0.2173,0.2173,10.0,2019-11-26T16:26:00.000000Z
1574785620000,0.2174,0.2176,0.2174,0.2175,959.97,2019-11-26T16:27:00.000000Z
1574785680000,0.2175,0.2175,0.2174,0.2175,54.32,2019-11-26T16:28:00.000000Z
1574785740000,0.2174,0.2174,0.2174,0.2174,10.0,2019-11-26T16:29:00.000000Z
1574785800000,0.2175,0.2175,0.2175,0.2175,10.0,2019-11-26T16:30:00.000000Z
1574785860000,0.2174,0.2174,0.2173,0.2173,70.1,2019-11-26T16:31:00.000000Z
1574785920000,0.2174,0.2174,0.2174,0.2174,203.0,2019-11-26T16:32:00.000000Z
1574785980000,0.2174,0.2174,0.2174,0.2174,0.0,2019-11-26T16:33:00.000000Z
1574786040000,0.2173,0.2173,0.2173,0.2173,10.0,2019-11-26T16:34:00.000000Z
1574786100000,0.2173,0.2173,0.2173,0.2173,54.22,2019-11-26T16:35:00.000000Z
1574786160000,0.2172,0.2172,0.2172,0.2172,10.0,2019-11-26T16:36:00.000000Z
1574786220000,0.2173,0.2173,0.2173,0.2173,30.0,2019-11-26T16:37:00.000000Z
1574786280000,0.2173,0.2173,0.2172,0.2172,54.22,2019-11-26T16:38:00.000000Z
1574786340000,0.2172,0.2172,0.2172,0.2172,59.45,2019-11-26T16:39:00.000000Z
1574786400000,0.2171,0.2171,0.2171,0.2171,10.0,2019-11-26T16:40:00.000000Z
1574786460000,0.2171,0.2171,0.2169,0.2169,1395.55,2019-11-26T16:41:00.000000Z
1574786520000,0.217,0.217,0.2168,0.2169,804.68,2019-11-26T16:42:00.000000Z
1574786580000,0.2169,0.2169,0.2167,0.2168,2063.39,2019-11-26T16:43:00.000000Z
1574786640000,0.2168,0.2168,0.2168,0.2168,339.9,2019-11-26T16:44:00.000000Z
1574786700000,0.2168,0.2168,0.2168,0.2168,89.0,2019-11-26T16:45:00.000000Z
1574786760000,0.2167,0.2167,0.2167,0.2167,71.6,2019-11-26T16:46:00.000000Z
1574786820000,0.2168,0.2168,0.2168,0.2168,598.05,2019-11-26T16:47:00.000000Z
1574786880000,0.2167,0.2169,0.2167,0.2169,857.0,2019-11-26T16:48:00.000000Z
1574786940000,0.2168,0.2168,0.2167,0.2167,189.65,2019-11-26T16:49:00.000000Z
1574787000000,0.2167,0.2167,0.2167,0.2167,64.92,2019-11-26T16:50:00.000000Z
1574787060000,0.2168,0.2168,0.2168,0.2168,56.68,2019-11-26T16:51:00.000000Z
1574787120000,0.2169,0.2169,0.2169,0.2169,140.2,2019-11-26T16:52:00.000000Z
1574787180000,0.217,0.2172,0.217,0.2172,1945.62,2019-11-26T16:53:00.000000Z
1574787240000,0.2172,0.2172,0.2171,0.2171,172.0,2019-11-26T16:54:00.000000Z
1574787300000,0.2171,0.2171,0.2171,0.2171,10.0,2019-11-26T16:55:00.000000Z
1574787360000,0.2172,0.2172,0.2172,0.2172,4040.09,2019-11-26T16:56:00.000000Z
1574787420000,0.2172,0.2173,0.2172,0.2173,4256.35,2019-11-26T16:57:00.000000Z
1574787480000,0.2173,0.2173,0.2173,0.2173,2029.41,2019-11-26T16:58:00.000000Z
1574787540000,0.2173,0.2173,0.2172,0.2173,3032.49,2019-11-26T16:59:00.000000Z
1574787600000,0.2174,0.2174,0.2174,0.2174,324.24,2019-11-26T17:00:00.000000Z
1574787660000,0.2174,0.2174,0.2174,0.2174,10.0,2019-11-26T17:01:00.000000Z
1574787720000,0.2173,0.2173,0.2173,0.2173,10.0,2019-11-26T17:02:00.000000Z
1574787780000,0.2173,0.2173,0.2171,0.2172,2552.9,2019-11-26T17:03:00.000000Z
1574787840000,0.2171,0.2171,0.2168,0.217,1722.5,2019-11-26T17:04:00.000000Z
1574787900000,0.217,0.217,0.2168,0.2169,189.13,2019-11-26T17:05:00.000000Z
1574787960000,0.2169,0.217,0.2169,0.217,62.72,2019-11-26T17:06:00.000000Z
1574788020000,0.217,0.217,0.217,0.217,10.0,2019-11-26T17:07:00.000000Z
1574788080000,0.217,0.217,0.217,0.217,159.0,2019-11-26T17:08:00.000000Z
1574788140000,0.217,0.217,0.217,0.217,3159.06,2019-11-26T17:09:00.000000Z
1574788200000,0.217,0.217,0.2169,0.2169,3046.25,2019-11-26T17:10:00.000000Z
1574788260000,0.2168,0.2168,0.2166,0.2168,8678.99,2019-11-26T17:11:00.000000Z
1574788320000,0.2168,0.2169,0.2168,0.2168,3345.16,2019-11-26T17:12:00.000000Z
1574788380000,0.2168,0.2169,0.2168,0.2169,1007.39,2019-11-26T17:13:00.000000Z
1574788440000,0.2167,0.2167,0.2167,0.2167,80.1,2019-11-26T17:14:00.000000Z
1574788500000,0.2168,0.2168,0.2166,0.2166,424.8,2019-11-26T17:15:00.000000Z
1574788560000,0.2165,0.2165,0.2165,0.2165,68.4,2019-11-26T17:16:00.000000Z
1574788620000,0.2166,0.2166,0.2166,0.2166,31.4,2019-11-26T17:17:00.000000Z
1574788680000,0.2166,0.2167,0.2166,0.2167,1067.5,2019-11-26T17:18:00.000000Z
1574788740000,0.2168,0.2168,0.2166,0.2166,110.6,2019-11-26T17:19:00.000000Z
1574788800000,0.2165,0.2165,0.2164,0.2164,997.3,2019-11-26T17:20:00.000000Z
1574788860000,0.2163,0.2163,0.2163,0.2163,1047.39,2019-11-26T17:21:00.000000Z
1574788920000,0.2164,0.2164,0.2164,0.2164,10.0,2019-11-26T17:22:00.000000Z
1574788980000,0.2163,0.2164,0.2163,0.2163,2408.81,2019-11-26T17:23:00.000000Z
1574789040000,0.2164,0.2165,0.2163,0.2164,749.31,2019-11-26T17:24:00.000000Z
1574789100000,0.2164,0.2164,0.2164,0.2164,54.22,2019-11-26T17:25:00.000000Z
1574789160000,0.2165,0.2167,0.2165,0.2166,932.35,2019-11-26T17:26:00.000000Z
1574789220000,0.2165,0.2165,0.2164,0.2165,152.0,2019-11-26T17:27:00.000000Z
1574789280000,0.2166,0.2166,0.2166,0.2166,10.0,2019-11-26T17:28:00.000000Z
1574789340000,0.2165,0.2165,0.2165,0.2165,60.0,2019-11-26T17:29:00.000000Z
1574789400000,0.2165,0.2165,0.2165,0.2165,30.0,2019-11-26T17:30:00.000000Z
1574789460000,0.2164,0.2164,0.2164,0.2164,10.0,2019-11-26T17:31:00.000000Z
1574789520000,0.2164,0.2165,0.2164,0.2164,3193.4,2019-11-26T17:32:00.000000Z
1574789580000,0.2164,0.2167,0.2164,0.2167,2314.21,2019-11-26T17:33:00.000000Z
1574789640000,0.2167,0.2168,0.2167,0.2168,1007.39,2019-11-26T17:34:00.000000Z
1574789700000,0.2167,0.2168,0.2165,0.2168,8879.83,2019-11-26T17:35:00.000000Z
1574789760000,0.2167,0.2167,0.2167,0.2167,430.0,2019-11-26T17:36:00.000000Z
1574789820000,0.2166,0.2166,0.2166,0.2166,62.71,2019-11-26T17:37:00.000000Z
1574789880000,0.2165,0.2165,0.2165,0.2165,10.0,2019-11-26T17:38:00.000000Z
1574789940000,0.2166,0.2166,0.2165,0.2166,70.0,2019-11-26T17:39:00.000000Z
1574790000000,0.2166,0.2167,0.2166,0.2167,62.71,2019-11-26T17:40:00.000000Z
1574790060000,0.2166,0.2167,0.2166,0.2167,31.4,2019-11-26T17:41:00.000000Z
1574790120000,0.2166,0.2166,0.2166,0.2166,10.0,2019-11-26T17:42:00.000000Z
1574790180000,0.2166,0.2167,0.2166,0.2167,70.0,2019-11-26T17:43:00.000000Z
1574790240000,0.2166,0.2166,0.2166,0.2166,10.0,2019-11-26T17:44:00.000000Z
1574790300000,0.2167,0.2167,0.2167,0.2167,10.0,2019-11-26T17:45:00.000000Z
1574790360000,0.2167,0.2167,0.2166,0.2166,44.27,2019-11-26T17:46:00.000000Z
1574790420000,0.2167,0.2167,0.2167,0.2167,10.0,2019-11-26T17:47:00.000000Z
1574790480000,0.2166,0.2166,0.2166,0.2166,10.0,2019-11-26T17:48:00.000000Z
1574790540000,0.2167,0.2167,0.2166,0.2166,935.11,2019-11-26T17:49:00.000000Z
1574790600000,0.2166,0.2167,0.2166,0.2167,457.1,2019-11-26T17:50:00.000000Z
1574790660000,0.2168,0.2168,0.2168,0.2168,10.0,2019-11-26T17:51:00.000000Z
1574790720000,0.2168,0.2168,0.2168,0.2168,418.01,2019-11-26T17:52:00.000000Z
1574790780000,0.2168,0.2168,0.2167,0.2167,30.1,2019-11-26T17:53:00.000000Z
1574790840000,0.2167,0.2169,0.2167,0.2168,751.42,2019-11-26T17:54:00.000000Z
1574790900000,0.2168,0.2168,0.2168,0.2168,10.0,2019-11-26T17:55:00.000000Z
1574790960000,0.2168,0.2168,0.2167,0.2167,20.0,2019-11-26T17:56:00.000000Z
1574791020000,0.2168,0.2168,0.2167,0.2168,44.27,2019-11-26T17:57:00.000000Z
1574791080000,0.2167,0.2167,0.2167,0.2167,10.0,2019-11-26T17:58:00.000000Z
1574791140000,0.2167,0.2167,0.2167,0.2167,0.0,2019-11-26T17:59:00.000000Z
1574791200000,0.2168,0.2169,0.2168,0.2168,476.2,2019-11-26T18:00:00.000000Z
1574791260000,0.2168,0.2168,0.2167,0.2167,510.35,2019-11-26T18:01:00.000000Z
1574791320000,0.2168,0.2169,0.2168,0.2168,84.64,2019-11-26T18:02:00.000000Z
1574791380000,0.2169,0.2171,0.2169,0.217,90.3,2019-11-26T18:03:00.000000Z
1574791440000,0.217,0.217,0.2169,0.2169,90.4,2019-11-26T18:04:00.000000Z
1574791500000,0.217,0.217,0.2169,0.2169,44.27,2019-11-26T18:05:00.000000Z
1574791560000,0.217,0.217,0.2169,0.217,40.3,2019-11-26T18:06:00.000000Z
1574791620000,0.217,0.217,0.2168,0.2168,110.2,2019-11-26T18:07:00.000000Z
1574791680000,0.2168,0.2168,0.2166,0.2166,100.1,2019-11-26T18:08:00.000000Z
1574791740000,0.2168,0.2169,0.2167,0.2168,1026.74,2019-11-26T18:09:00.000000Z
1574791800000,0.2168,0.2168,0.2163,0.2164,1386.78,2019-11-26T18:10:00.000000Z
1574791860000,0.2165,0.2166,0.2164,0.2165,100.3,2019-11-26T18:11:00.000000Z
1574791920000,0.2164,0.2165,0.2162,0.2164,5107.47,2019-11-26T18:12:00.000000Z
1574791980000,0.2164,0.2165,0.2163,0.2163,2109.65,2019-11-26T18:13:00.000000Z
1574792040000,0.2164,0.2164,0.2164,0.2164,630.0,2019-11-26T18:14:00.000000Z
1574792100000,0.2165,0.2166,0.2164,0.2164,90.0,2019-11-26T18:15:00.000000Z
1574792160000,0.2166,0.2167,0.2166,0.2167,1264.22,2019-11-26T18:16:00.000000Z
1574792220000,0.2167,0.2167,0.2166,0.2166,2448.14,2019-11-26T18:17:00.000000Z
1574792280000,0.2166,0.2166,0.2165,0.2165,31.3,2019-11-26T18:18:00.000000Z
1574792340000,0.2166,0.2166,0.2166,0.2166,10.0,2019-11-26T18:19:00.000000Z
1574792400000,0.2166,0.2166,0.2166,0.2166,1214.02,2019-11-26T18:20:00.000000Z
1574792460000,0.2166,0.217,0.2166,0.217,2856.11,2019-11-26T18:21:00.000000Z
1574792520000,0.217,0.2171,0.2168,0.2168,1624.68,2019-11-26T18:22:00.000000Z
1574792580000,0.2169,0.2172,0.2168,0.2171,3513.45,2019-11-26T18:23:00.000000Z
1574792640000,0.217,0.2171,0.2169,0.2169,301.1,2019-11-26T18:24:00.000000Z
1574792700000,0.2169,0.2171,0.2169,0.217,1705.87,2019-11-26T18:25:00.000000Z
1574792760000,0.217,0.2172,0.217,0.2171,1367.09,2019-11-26T18:26:00.000000Z
1574792820000,0.2171,0.2171,0.2171,0.2171,80.1,2019-11-26T18:27:00.000000Z
1574792880000,0.217,0.217,0.2168,0.2169,316.03,2019-11-26T18:28:00.000000Z
1574792940000,0.2169,0.217,0.2169,0.217,1360.09,2019-11-26T18:29:00.000000Z
1574793000000,0.217,0.217,0.2169,0.2169,120.1,2019-11-26T18:30:00.000000Z
1574793060000,0.2169,0.217,0.2169,0.217,2513.88,2019-11-26T18:31:00.000000Z
1574793120000,0.2171,0.2172,0.2171,0.2172,79.24,2019-11-26T18:32:00.000000Z
1574793180000,0.2171,0.2171,0.2171,0.2171,10.0,2019-11-26T18:33:00.000000Z
1574793240000,0.2173,0.2173,0.2173,0.2173,142.91,2019-11-26T18:34:00.000000Z
1574793300000,0.2172,0.2173,0.2172,0.2172,170.38,2019-11-26T18:35:00.000000Z
1574793360000,0.2172,0.2172,0.2172,0.2172,1204.02,2019-11-26T18:36:00.000000Z
1574793420000,0.2172,0.2172,0.2172,0.2172,43.21,2019-11-26T18:37:00.000000Z
1574793480000,0.2173,0.2173,0.2172,0.2173,44.27,2019-11-26T18:38:00.000000Z
1574793540000,0.2173,0.2173,0.2173,0.2173,243.35,2019-11-26T18:39:00.000000Z
1574793600000,0.2173,0.2173,0.2171,0.2171,180.1,2019-11-26T18:40:00.000000Z
1574793660000,0.2172,0.2172,0.2171,0.2171,44.27,2019-11-26T18:41:00.000000Z
1574793720000,0.2172,0.2173,0.2172,0.2172,62.71,2019-11-26T18:42:00.000000Z
1574793780000,0.2172,0.2172,0.2172,0.2172,1204.02,2019-11-26T18:43:00.000000Z
1574793840000,0.2171,0.2171,0.2169,0.2169,1300.25,2019-11-26T18:44:00.000000Z
1574793900000,0.2169,0.2171,0.2169,0.2171,1264.22,2019-11-26T18:45:00.000000Z
1574793960000,0.2171,0.2171,0.2171,0.2171,1194.13,2019-11-26T18:46:00.000000Z
1574794020000,0.2172,0.2173,0.2172,0.2173,1502.25,2019-11-26T18:47:00.000000Z
1574794080000,0.2173,0.2174,0.2172,0.2172,1383.9,2019-11-26T18:48:00.000000Z
1574794140000,0.2171,0.2173,0.2171,0.2173,170.4,2019-11-26T18:49:00.000000Z
1574794200000,0.2172,0.2174,0.2171,0.2172,891.62,2019-11-26T18:50:00.000000Z
1574794260000,0.2172,0.2172,0.2171,0.2171,70.2,2019-11-26T18:51:00.000000Z
1574794320000,0.2171,0.2171,0.2171,0.2171,1204.02,2019-11-26T18:52:00.000000Z
1574794380000,0.2171,0.2172,0.2171,0.2172,1284.12,2019-11-26T18:53:00.000000Z
1574794440000,0.2172,0.2173,0.2172,0.2173,1293.61,2019-11-26T18:54:00.000000Z
1574794500000,0.2173,0.2173,0.2171,0.2172,1742.19,2019-11-26T18:55:00.000000Z
1574794560000,0.2172,0.2173,0.2172,0.2173,80.2,2019-11-26T18:56:00.000000Z
1574794620000,0.2173,0.2174,0.2173,0.2174,66.03,2019-11-26T18:57:00.000000Z
1574794680000,0.2174,0.2174,0.2174,0.2174,1281.23,2019-11-26T18:58:00.000000Z
1574794740000,0.2175,0.2176,0.2175,0.2176,580.79,2019-11-26T18:59:00.000000Z
1574794800000,0.2175,0.2175,0.2173,0.2174,1336.08,2019-11-26T19:00:00.000000Z
1574794860000,0.2174,0.2174,0.2173,0.2173,31.3,2019-11-26T19:01:00.000000Z
1574794920000,0.2174,0.2176,0.2174,0.2175,263.68,2019-11-26T19:02:00.000000Z
1574794980000,0.2175,0.2178,0.2175,0.2176,446.99,2019-11-26T19:03:00.000000Z
1574795040000,0.2177,0.2179,0.2175,0.2179,1710.27,2019-11-26T19:04:00.000000Z
1574795100000,0.2179,0.2179,0.2178,0.2178,1659.59,2019-11-26T19:05:00.000000Z
1574795160000,0.2177,0.2179,0.2177,0.2179,1520.64,2019-11-26T19:06:00.000000Z
1574795220000,0.2179,0.2179,0.2178,0.2178,1175.51,2019-11-26T19:07:00.000000Z
1574795280000,0.2178,0.2178,0.2178,0.2178,2438.04,2019-11-26T19:08:00.000000Z
1574795340000,0.2178,0.2178,0.2176,0.2177,332.28,2019-11-26T19:09:00.000000Z
1574795400000,0.2177,0.2177,0.2176,0.2176,60.3,2019-11-26T19:10:00.000000Z
1574795460000,0.2176,0.2176,0.2175,0.2175,1274.12,2019-11-26T19:11:00.000000Z
1574795520000,0.2175,0.2175,0.2173,0.2173,499.38,2019-11-26T19:12:00.000000Z
1574795580000,0.2173,0.2175,0.2173,0.2175,90.2,2019-11-26T19:13:00.000000Z
1574795640000,0.2175,0.2175,0.2174,0.2174,1264.12,2019-11-26T19:14:00.000000Z
1574795700000,0.2174,0.2176,0.2174,0.2176,2715.08,2019-11-26T19:15:00.000000Z
1574795760000,0.2176,0.2178,0.2176,0.2178,397.1,2019-11-26T19:16:00.000000Z
1574795820000,0.2178,0.2178,0.2178,0.2178,1294.02,2019-11-26T19:17:00.000000Z
1574795880000,0.2178,0.2178,0.2178,0.2178,1234.02,2019-11-26T19:18:00.000000Z
1574795940000,0.2178,0.2179,0.2178,0.2179,1432.96,2019-11-26T19:19:00.000000Z
1574796000000,0.2179,0.218,0.2179,0.218,1771.0,2019-11-26T19:20:00.000000Z
1574796060000,0.2181,0.2181,0.2181,0.2181,1244.12,2019-11-26T19:21:00.000000Z
1574796120000,0.2181,0.2181,0.2181,0.2181,159.91,2019-11-26T19:22:00.000000Z
1574796180000,0.2181,0.2181,0.2181,0.2181,2458.04,2019-11-26T19:23:00.000000Z
1574796240000,0.218,0.2181,0.218,0.2181,258.07,2019-11-26T19:24:00.000000Z
1574796300000,0.218,0.2181,0.218,0.2181,1234.02,2019-11-26T19:25:00.000000Z
1574796360000,0.2181,0.2181,0.2181,0.2181,240.1,2019-11-26T19:26:00.000000Z
1574796420000,0.2181,0.2181,0.2181,0.2181,30.0,2019-11-26T19:27:00.000000Z
1574796480000,0.2181,0.2181,0.218,0.218,124.81,2019-11-26T19:28:00.000000Z
1574796540000,0.218,0.2182,0.218,0.2182,1388.45,2019-11-26T19:29:00.000000Z
1574796600000,0.2181,0.2181,0.2181,0.2181,1204.02,2019-11-26T19:30:00.000000Z
1574796660000,0.2182,0.2183,0.2182,0.2183,80.2,2019-11-26T19:31:00.000000Z
1574796720000,0.2182,0.2183,0.2182,0.2183,360.2,2019-11-26T19:32:00.000000Z
1574796780000,0.2182,0.2182,0.2182,0.2182,2458.14,2019-11-26T19:33:00.000000Z
1574796840000,0.2182,0.2183,0.2182,0.2183,70.1,2019-11-26T19:34:00.000000Z
1574796900000,0.2183,0.2186,0.2181,0.2184,1263.29,2019-11-26T19:35:00.000000Z
1574796960000,0.2184,0.2193,0.2184,0.219,4540.51,2019-11-26T19:36:00.000000Z
1574797020000,0.2192,0.2195,0.2187,0.2188,5194.04,2019-11-26T19:37:00.000000Z
1574797080000,0.2188,0.2192,0.2188,0.2191,604.54,2019-11-26T19:38:00.000000Z
1574797140000,0.2192,0.2193,0.2187,0.2189,2727.58,2019-11-26T19:39:00.000000Z
1574797200000,0.2188,0.2188,0.2186,0.2186,4478.5,2019-11-26T19:40:00.000000Z
1574797260000,0.2186,0.2186,0.2184,0.2184,489.69,2019-11-26T19:41:00.000000Z
1574797320000,0.2184,0.2185,0.2184,0.2185,1307.72,2019-11-26T19:42:00.000000Z
1574797380000,0.2184,0.2184,0.2183,0.2183,813.48,2019-11-26T19:43:00.000000Z
1574797440000,0.2183,0.2185,0.2183,0.2183,512.99,2019-11-26T19:44:00.000000Z
1574797500000,0.2184,0.2185,0.2184,0.2185,1601.02,2019-11-26T19:45:00.000000Z
1574797560000,0.2185,0.2185,0.2185,0.2185,1204.02,2019-11-26T19:46:00.000000Z
1574797620000,0.2184,0.2184,0.2183,0.2183,62.71,2019-11-26T19:47:00.000000Z
1574797680000,0.2184,0.2184,0.2184,0.2184,346.14,2019-11-26T19:48:00.000000Z
1574797740000,0.2183,0.2183,0.2182,0.2182,1272.64,2019-11-26T19:49:00.000000Z
1574797800000,0.2183,0.2184,0.2182,0.2184,761.32,2019-11-26T19:50:00.000000Z
1574797860000,0.2184,0.2184,0.2184,0.2184,1204.02,2019-11-26T19:51:00.000000Z
1574797920000,0.2185,0.2185,0.2185,0.2185,40.01,2019-11-26T19:52:00.000000Z
1574797980000,0.2184,0.2184,0.2184,0.2184,10.0,2019-11-26T19:53:00.000000Z
1574798040000,0.2184,0.2184,0.2182,0.2183,3824.52,2019-11-26T19:54:00.000000Z
1574798100000,0.2182,0.2182,0.2182,0.2182,1248.84,2019-11-26T19:55:00.000000Z
1574798160000,0.2181,0.2182,0.2181,0.2182,2034.48,2019-11-26T19:56:00.000000Z
1574798220000,0.2181,0.2181,0.218,0.2181,2164.97,2019-11-26T19:57:00.000000Z
1574798280000,0.2182,0.2182,0.2181,0.2181,225.18,2019-11-26T19:58:00.000000Z
1574798340000,0.2182,0.2182,0.2182,0.2182,10.0,2019-11-26T19:59:00.000000Z
1574798400000,0.2182,0.2183,0.2182,0.2183,187.8,2019-11-26T20:00:00.000000Z
1574798460000,0.2183,0.2184,0.2183,0.2184,1291.61,2019-11-26T20:01:00.000000Z
1574798520000,0.2183,0.2183,0.2182,0.2183,217.66,2019-11-26T20:02:00.000000Z
1574798580000,0.2183,0.2183,0.2183,0.2183,1204.02,2019-11-26T20:03:00.000000Z
1574798640000,0.2184,0.2186,0.2184,0.2185,2040.28,2019-11-26T20:04:00.000000Z
1574798700000,0.2185,0.2185,0.2184,0.2184,1198.76,2019-11-26T20:05:00.000000Z
1574798760000,0.2184,0.2184,0.2184,0.2184,259.15,2019-11-26T20:06:00.000000Z
1574798820000,0.2183,0.2183,0.2182,0.2182,35.38,2019-11-26T20:07:00.000000Z
1574798880000,0.2182,0.2183,0.2179,0.218,1231.76,2019-11-26T20:08:00.000000Z
1574798940000,0.218,0.218,0.2179,0.2179,2262.02,2019-11-26T20:09:00.000000Z
1574799000000,0.2179,0.2179,0.2177,0.2177,2523.5,2019-11-26T20:10:00.000000Z
1574799060000,0.2177,0.2177,0.2177,0.2177,1507.39,2019-11-26T20:11:00.000000Z
1574799120000,0.2176,0.2176,0.2176,0.2176,703.35,2019-11-26T20:12:00.000000Z
1574799180000,0.2176,0.2177,0.2176,0.2177,104.12,2019-11-26T20:13:00.000000Z
1574799240000,0.2176,0.2176,0.2175,0.2175,80.2,2019-11-26T20:14:00.000000Z
1574799300000,0.2174,0.2176,0.2174,0.2176,1833.43,2019-11-26T20:15:00.000000Z
1574799360000,0.2175,0.2176,0.2175,0.2176,62.71,2019-11-26T20:16:00.000000Z
1574799420000,0.2176,0.2176,0.2176,0.2176,10.0,2019-11-26T20:17:00.000000Z
1574799480000,0.2176,0.2178,0.2176,0.2178,1729.62,2019-11-26T20:18:00.000000Z
1574799540000,0.2178,0.2178,0.2176,0.2177,1420.47,2019-11-26T20:19:00.000000Z
1574799600000,0.2176,0.2181,0.2176,0.2181,2335.28,2019-11-26T20:20:00.000000Z
1574799660000,0.2182,0.2185,0.2181,0.2184,714.37,2019-11-26T20:21:00.000000Z
1574799720000,0.2184,0.2184,0.2182,0.2182,96.18,2019-11-26T20:22:00.000000Z
1574799780000,0.2182,0.2182,0.2182,0.2182,1214.02,2019-11-26T20:23:00.000000Z
1574799840000,0.2183,0.2185,0.2183,0.2184,5031.0,2019-11-26T20:24:00.000000Z
1574799900000,0.2185,0.2185,0.2183,0.2184,100.2,2019-11-26T20:25:00.000000Z
1574799960000,0.2183,0.2183,0.2183,0.2183,164.75,2019-11-26T20:26:00.000000Z
1574800020000,0.2183,0.2183,0.2183,0.2183,1279.32,2019-11-26T20:27:00.000000Z
1574800080000,0.2183,0.2183,0.2183,0.2183,2498.14,2019-11-26T20:28:00.000000Z
1574800140000,0.2183,0.2183,0.2183,0.2183,114.03,2019-11-26T20:29:00.000000Z
1574800200000,0.2183,0.2183,0.218,0.218,1377.72,2019-11-26T20:30:00.000000Z
1574800260000,0.218,0.2181,0.218,0.2181,31.3,2019-11-26T20:31:00.000000Z
1574800320000,0.2181,0.2181,0.218,0.218,39.6,2019-11-26T20:32:00.000000Z
1574800380000,0.2181,0.2181,0.2181,0.2181,1197.63,2019-11-26T20:33:00.000000Z
1574800440000,0.218,0.218,0.218,0.218,26.5,2019-11-26T20:34:00.000000Z
1574800500000,0.2179,0.218,0.2179,0.218,1789.29,2019-11-26T20:35:00.000000Z
1574800560000,0.218,0.2182,0.2178,0.2179,574.71,2019-11-26T20:36:00.000000Z
1574800620000,0.2179,0.218,0.2179,0.218,1986.34,2019-11-26T20:37:00.000000Z
1574800680000,0.2179,0.218,0.2178,0.2178,554.46,2019-11-26T20:38:00.000000Z
1574800740000,0.2178,0.218,0.2178,0.218,1254.12,2019-11-26T20:39:00.000000Z
1574800800000,0.218,0.2182,0.2179,0.218,1458.49,2019-11-26T20:40:00.000000Z
1574800860000,0.218,0.218,0.218,0.218,78.6,2019-11-26T20:41:00.000000Z
1574800920000,0.218,0.218,0.218,0.218,1234.02,2019-11-26T20:42:00.000000Z
1574800980000,0.218,0.218,0.218,0.218,1204.02,2019-11-26T20:43:00.000000Z
1574801040000,0.218,0.218,0.2179,0.2179,1264.02,2019-11-26T20:44:00.000000Z
1574801100000,0.218,0.218,0.218,0.218,70.1,2019-11-26T20:45:00.000000Z
1574801160000,0.218,0.218,0.218,0.218,30.0,2019-11-26T20:46:00.000000Z
1574801220000,0.218,0.2181,0.218,0.2181,1890.66,2019-11-26T20:47:00.000000Z
1574801280000,0.2181,0.2182,0.2181,0.2182,1340.11,2019-11-26T20:48:00.000000Z
1574801340000,0.2182,0.2182,0.2182,0.2182,20.0,2019-11-26T20:49:00.000000Z
1574801400000,0.2182,0.2183,0.2182,0.2183,1264.13,2019-11-26T20:50:00.000000Z
1574801460000,0.2182,0.2182,0.2181,0.2181,636.1,2019-11-26T20:51:00.000000Z
1574801520000,0.2182,0.2183,0.2182,0.2183,31.3,2019-11-26T20:52:00.000000Z
1574801580000,0.2183,0.2184,0.2183,0.2184,708.39,2019-11-26T20:53:00.000000Z
1574801640000,0.2184,0.2184,0.2184,0.2184,98.49,2019-11-26T20:54:00.000000Z
1574801700000,0.2184,0.2185,0.2183,0.2183,1528.37,2019-11-26T20:55:00.000000Z
1574801760000,0.2183,0.2183,0.2183,0.2183,2397.86,2019-11-26T20:56:00.000000Z
1574801820000,0.2184,0.2185,0.2183,0.2183,2361.01,2019-11-26T20:57:00.000000Z
1574801880000,0.2183,0.2183,0.2183,0.2183,10.0,2019-11-26T20:58:00.000000Z
1574801940000,0.2184,0.2184,0.2184,0.2184,10.0,2019-11-26T20:59:00.000000Z
1574802000000,0.2183,0.2185,0.2183,0.2184,2126.32,2019-11-26T21:00:00.000000Z
1574802060000,0.2184,0.2185,0.2183,0.2183,580.21,2019-11-26T21:01:00.000000Z
1574802120000,0.2184,0.2186,0.2184,0.2186,2580.81,2019-11-26T21:02:00.000000Z
1574802180000,0.2186,0.2194,0.2186,0.2187,1621.81,2019-11-26T21:03:00.000000Z
1574802240000,0.2188,0.2188,0.2187,0.2187,1481.23,2019-11-26T21:04:00.000000Z
1574802300000,0.2187,0.2187,0.2183,0.2184,1634.02,2019-11-26T21:05:00.000000Z
1574802360000,0.2184,0.2186,0.2184,0.2186,1324.03,2019-11-26T21:06:00.000000Z
1574802420000,0.2186,0.2196,0.2186,0.2195,8641.28,2019-11-26T21:07:00.000000Z
1574802480000,0.2194,0.2195,0.2192,0.2194,2576.31,2019-11-26T21:08:00.000000Z
1574802540000,0.2194,0.2195,0.2193,0.2194,1239.13,2019-11-26T21:09:00.000000Z
1574802600000,0.2194,0.2194,0.2192,0.2193,210.84,2019-11-26T21:10:00.000000Z
1574802660000,0.2194,0.2195,0.2194,0.2195,276.06,2019-11-26T21:11:00.000000Z
1574802720000,0.2196,0.2197,0.2196,0.2196,438.68,2019-11-26T21:12:00.000000Z
1574802780000,0.2196,0.2198,0.2195,0.2196,904.12,2019-11-26T21:13:00.000000Z
1574802840000,0.2194,0.2195,0.2193,0.2195,581.8,2019-11-26T21:14:00.000000Z
1574802900000,0.2196,0.2196,0.2194,0.2194,1899.05,2019-11-26T21:15:00.000000Z
1574802960000,0.2193,0.2193,0.2189,0.2191,3522.25,2019-11-26T21:16:00.000000Z
1574803020000,0.2191,0.2191,0.219,0.219,110.5,2019-11-26T21:17:00.000000Z
1574803080000,0.219,0.219,0.219,0.219,1223.93,2019-11-26T21:18:00.000000Z
1574803140000,0.219,0.219,0.2189,0.2189,76.68,2019-11-26T21:19:00.000000Z
1574803200000,0.219,0.2192,0.219,0.2191,1234.13,2019-11-26T21:20:00.000000Z
1574803260000,0.2191,0.2192,0.2191,0.2192,40.0,2019-11-26T21:21:00.000000Z
1574803320000,0.2191,0.2192,0.2191,0.2192,597.38,2019-11-26T21:22:00.000000Z
1574803380000,0.2193,0.2193,0.2192,0.2192,310.08,2019-11-26T21:23:00.000000Z
1574803440000,0.2191,0.2191,0.219,0.219,76.78,2019-11-26T21:24:00.000000Z
1574803500000,0.2191,0.2192,0.2191,0.2192,203.16,2019-11-26T21:25:00.000000Z
1574803560000,0.2193,0.2203,0.219,0.2191,20945.51,2019-11-26T21:26:00.000000Z
1574803620000,0.2191,0.2192,0.2191,0.2192,347.7,2019-11-26T21:27:00.000000Z
1574803680000,0.2191,0.2204,0.219,0.2198,17753.21,2019-11-26T21:28:00.000000Z
1574803740000,0.2198,0.2203,0.2193,0.2194,22601.04,2019-11-26T21:29:00.000000Z
1574803800000,0.2195,0.2198,0.2192,0.2195,14853.24,2019-11-26T21:30:00.000000Z
1574803860000,0.2195,0.2196,0.2195,0.2195,961.17,2019-11-26T21:31:00.000000Z
1574803920000,0.2195,0.2195,0.2195,0.2195,1243.92,2019-11-26T21:32:00.000000Z
1574803980000,0.2196,0.2197,0.2196,0.2197,120.7,2019-11-26T21:33:00.000000Z
1574804040000,0.2197,0.2197,0.2193,0.2194,1750.35,2019-11-26T21:34:00.000000Z
1574804100000,0.2193,0.2194,0.2193,0.2193,1335.93,2019-11-26T21:35:00.000000Z
1574804160000,0.2193,0.2193,0.2192,0.2192,256.42,2019-11-26T21:36:00.000000Z
1574804220000,0.2191,0.2191,0.219,0.2191,78.2,2019-11-26T21:37:00.000000Z
1574804280000,0.219,0.2193,0.2186,0.219,1638.56,2019-11-26T21:38:00.000000Z
1574804340000,0.219,0.2192,0.2189,0.219,1023.48,2019-11-26T21:39:00.000000Z
1574804400000,0.2191,0.2191,0.2189,0.2189,1442.04,2019-11-26T21:40:00.000000Z
1574804460000,0.219,0.219,0.219,0.219,1231.23,2019-11-26T21:41:00.000000Z
1574804520000,0.2189,0.2189,0.2188,0.2189,1337.0,2019-11-26T21:42:00.000000Z
1574804580000,0.2189,0.2189,0.2188,0.2189,244.32,2019-11-26T21:43:00.000000Z
1574804640000,0.2189,0.2189,0.2189,0.2189,10.0,2019-11-26T21:44:00.000000Z
1574804700000,0.219,0.219,0.2189,0.2189,162.99,2019-11-26T21:45:00.000000Z
1574804760000,0.219,0.2191,0.219,0.2191,84.32,2019-11-26T21:46:00.000000Z
1574804820000,0.2191,0.2191,0.2191,0.2191,1213.93,2019-11-26T21:47:00.000000Z
1574804880000,0.2191,0.2191,0.2191,0.2191,44.37,2019-11-26T21:48:00.000000Z
1574804940000,0.2191,0.2191,0.2191,0.2191,0.0,2019-11-26T21:49:00.000000Z
1574805000000,0.2192,0.2193,0.2192,0.2192,1134.99,2019-11-26T21:50:00.000000Z
1574805060000,0.2192,0.2192,0.2192,0.2192,1193.93,2019-11-26T21:51:00.000000Z
1574805120000,0.2191,0.2191,0.2191,0.2191,10.0,2019-11-26T21:52:00.000000Z
1574805180000,0.2191,0.2193,0.2191,0.2193,370.81,2019-11-26T21:53:00.000000Z
1574805240000,0.2193,0.2193,0.2193,0.2193,1225.13,2019-11-26T21:54:00.000000Z
1574805300000,0.2194,0.2195,0.2194,0.2195,137.3,2019-11-26T21:55:00.000000Z
1574805360000,0.2196,0.2196,0.2195,0.2195,1574.05,2019-11-26T21:56:00.000000Z
1574805420000,0.2194,0.2194,0.2194,0.2194,1507.23,2019-11-26T21:57:00.000000Z
1574805480000,0.2194,0.2194,0.2194,0.2194,1193.93,2019-11-26T21:58:00.000000Z
1574805540000,0.2194,0.2194,0.2194,0.2194,30.0,2019-11-26T21:59:00.000000Z
1574805600000,0.2194,0.2194,0.2194,0.2194,1352.94,2019-11-26T22:00:00.000000Z
1574805660000,0.2193,0.2194,0.219,0.219,4040.93,2019-11-26T22:01:00.000000Z
1574805720000,0.219,0.219,0.219,0.219,10.0,2019-11-26T22:02:00.000000Z
1574805780000,0.2191,0.2192,0.219,0.219,2557.96,2019-11-26T22:03:00.000000Z
1574805840000,0.2191,0.2191,0.2187,0.2187,2342.93,2019-11-26T22:04:00.000000Z
1574805900000,0.2189,0.219,0.2189,0.2189,2124.06,2019-11-26T22:05:00.000000Z
1574805960000,0.2188,0.2189,0.2188,0.2189,1541.08,2019-11-26T22:06:00.000000Z
1574806020000,0.2188,0.2188,0.2188,0.2188,49.98,2019-11-26T22:07:00.000000Z
1574806080000,0.2188,0.2188,0.2188,0.2188,1193.93,2019-11-26T22:08:00.000000Z
1574806140000,0.2188,0.2188,0.2188,0.2188,10.0,2019-11-26T22:09:00.000000Z
1574806200000,0.2187,0.2187,0.2187,0.2187,1294.03,2019-11-26T22:10:00.000000Z
1574806260000,0.2188,0.2189,0.2187,0.2189,640.2,2019-11-26T22:11:00.000000Z
1574806320000,0.219,0.2191,0.219,0.219,296.75,2019-11-26T22:12:00.000000Z
1574806380000,0.2189,0.2189,0.2189,0.2189,1244.03,2019-11-26T22:13:00.000000Z
1574806440000,0.2189,0.2189,0.2189,0.2189,30.0,2019-11-26T22:14:00.000000Z
1574806500000,0.219,0.219,0.219,0.219,1271.85,2019-11-26T22:15:00.000000Z
1574806560000,0.219,0.219,0.219,0.219,10.0,2019-11-26T22:16:00.000000Z
1574806620000,0.2189,0.2189,0.2189,0.2189,10.0,2019-11-26T22:17:00.000000Z
1574806680000,0.219,0.219,0.219,0.219,10.0,2019-11-26T22:18:00.000000Z
1574806740000,0.2189,0.2189,0.2189,0.2189,10.0,2019-11-26T22:19:00.000000Z
1574806800000,0.2189,0.219,0.2189,0.219,70.71,2019-11-26T22:20:00.000000Z
1574806860000,0.2189,0.2189,0.2189,0.2189,10.0,2019-11-26T22:21:00.000000Z
1574806920000,0.219,0.2191,0.219,0.2191,1949.97,2019-11-26T22:22:00.000000Z
1574806980000,0.2191,0.2191,0.2191,0.2191,10.0,2019-11-26T22:23:00.000000Z
1574807040000,0.219,0.219,0.219,0.219,10.0,2019-11-26T22:24:00.000000Z
1574807100000,0.219,0.2191,0.219,0.2191,62.61,2019-11-26T22:25:00.000000Z
1574807160000,0.2191,0.2191,0.2191,0.2191,0.0,2019-11-26T22:26:00.000000Z
1574807220000,0.219,0.219,0.2189,0.2189,1233.93,2019-11-26T22:27:00.000000Z
1574807280000,0.219,0.219,0.219,0.219,110.1,2019-11-26T22:28:00.000000Z
1574807340000,0.219,0.219,0.2189,0.2189,51.0,2019-11-26T22:29:00.000000Z
1574807400000,0.2189,0.2189,0.2189,0.2189,70.06,2019-11-26T22:30:00.000000Z
1574807460000,0.219,0.219,0.219,0.219,10.0,2019-11-26T22:31:00.000000Z
1574807520000,0.2189,0.2189,0.2189,0.2189,10.0,2019-11-26T22:32:00.000000Z
1574807580000,0.219,0.219,0.219,0.219,10.0,2019-11-26T22:33:00.000000Z
1574807640000,0.219,0.219,0.219,0.219,97.73,2019-11-26T22:34:00.000000Z
1574807700000,0.219,0.2195,0.219,0.2195,2919.95,2019-11-26T22:35:00.000000Z
1574807760000,0.2195,0.2195,0.2195,0.2195,1193.93,2019-11-26T22:36:00.000000Z
1574807820000,0.2195,0.2195,0.2194,0.2194,31.3,2019-11-26T22:37:00.000000Z
1574807880000,0.2195,0.2196,0.2195,0.2196,80.2,2019-11-26T22:38:00.000000Z
1574807940000,0.2197,0.2199,0.2197,0.2199,335.69,2019-11-26T22:39:00.000000Z
1574808000000,0.2199,0.2199,0.2199,0.2199,771.49,2019-11-26T22:40:00.000000Z
1574808060000,0.2199,0.22,0.2199,0.22,2330.34,2019-11-26T22:41:00.000000Z
1574808120000,0.22,0.22,0.22,0.22,81.0,2019-11-26T22:42:00.000000Z
1574808180000,0.22,0.22,0.2199,0.22,2439.86,2019-11-26T22:43:00.000000Z
1574808240000,0.2199,0.2199,0.2199,0.2199,170.3,2019-11-26T22:44:00.000000Z
1574808300000,0.22,0.2201,0.22,0.2201,76.78,2019-11-26T22:45:00.000000Z
1574808360000,0.2201,0.2201,0.2201,0.2201,854.99,2019-11-26T22:46:00.000000Z
1574808420000,0.2201,0.2201,0.22,0.22,293.5,2019-11-26T22:47:00.000000Z
1574808480000,0.22,0.22,0.22,0.22,0.0,2019-11-26T22:48:00.000000Z
1574808540000,0.2201,0.2201,0.2201,0.2201,406.37,2019-11-26T22:49:00.000000Z
1574808600000,0.22,0.22,0.22,0.22,10.0,2019-11-26T22:50:00.000000Z
1574808660000,0.2201,0.2201,0.2201,0.2201,10.0,2019-11-26T22:51:00.000000Z
1574808720000,0.22,0.22,0.2199,0.2199,76.78,2019-11-26T22:52:00.000000Z
1574808780000,0.2199,0.22,0.2199,0.22,1204.51,2019-11-26T22:53:00.000000Z
1574808840000,0.22,0.22,0.22,0.22,0.0,2019-11-26T22:54:00.000000Z
1574808900000,0.22,0.2202,0.22,0.2201,374.96,2019-11-26T22:55:00.000000Z
1574808960000,0.22,0.2201,0.22,0.2201,1244.03,2019-11-26T22:56:00.000000Z
1574809020000,0.2201,0.2201,0.2201,0.2201,8153.38,2019-11-26T22:57:00.000000Z
1574809080000,0.2201,0.2201,0.22,0.2201,670.09,2019-11-26T22:58:00.000000Z
1574809140000,0.2201,0.2201,0.2199,0.2199,2097.18,2019-11-26T22:59:00.000000Z
1574809200000,0.22,0.2201,0.22,0.2201,105.99,2019-11-26T23:00:00.000000Z
1574809260000,0.2201,0.2202,0.2201,0.2202,1468.63,2019-11-26T23:01:00.000000Z
1574809320000,0.2202,0.2204,0.2202,0.2204,405.28,2019-11-26T23:02:00.000000Z
1574809380000,0.2203,0.2203,0.2201,0.2203,2351.53,2019-11-26T23:03:00.000000Z
1574809440000,0.2203,0.2203,0.2203,0.2203,30.0,2019-11-26T23:04:00.000000Z
1574809500000,0.2204,0.2204,0.2203,0.2204,83.36,2019-11-26T23:05:00.000000Z
1574809560000,0.2203,0.2203,0.2203,0.2203,82.97,2019-11-26T23:06:00.000000Z
1574809620000,0.2203,0.2204,0.2203,0.2204,2195.76,2019-11-26T23:07:00.000000Z
1574809680000,0.2204,0.2204,0.2204,0.2204,129.62,2019-11-26T23:08:00.000000Z
1574809740000,0.2203,0.2203,0.2203,0.2203,10.0,2019-11-26T23:09:00.000000Z
1574809800000,0.2203,0.2203,0.2203,0.2203,120.1,2019-11-26T23:10:00.000000Z
1574809860000,0.2202,0.2202,0.2199,0.22,2836.41,2019-11-26T23:11:00.000000Z
1574809920000,0.22,0.22,0.2198,0.2199,1351.06,2019-11-26T23:12:00.000000Z
1574809980000,0.2198,0.2198,0.2196,0.2198,176.46,2019-11-26T23:13:00.000000Z
1574810040000,0.2198,0.2198,0.2198,0.2198,1304.03,2019-11-26T23:14:00.000000Z
1574810100000,0.2198,0.2198,0.2198,0.2198,1287.6,2019-11-26T23:15:00.000000Z
1574810160000,0.2198,0.2199,0.2198,0.2199,698.22,2019-11-26T23:16:00.000000Z
1574810220000,0.2198,0.2198,0.2196,0.2197,427.48,2019-11-26T23:17:00.000000Z
1574810280000,0.2197,0.2197,0.2196,0.2197,805.19,2019-11-26T23:18:00.000000Z
1574810340000,0.2197,0.2198,0.2195,0.2197,2460.97,2019-11-26T23:19:00.000000Z
1574810400000,0.2197,0.2197,0.2196,0.2197,1254.03,2019-11-26T23:20:00.000000Z
1574810460000,0.2197,0.2198,0.2197,0.2198,1494.03,2019-11-26T23:21:00.000000Z
1574810520000,0.2199,0.2199,0.2198,0.2199,2437.86,2019-11-26T23:22:00.000000Z
1574810580000,0.2199,0.22,0.2199,0.22,1233.93,2019-11-26T23:23:00.000000Z
1574810640000,0.22,0.22,0.22,0.22,10.0,2019-11-26T23:24:00.000000Z
1574810700000,0.22,0.2201,0.22,0.22,225.8,2019-11-26T23:25:00.000000Z
1574810760000,0.22,0.22,0.22,0.22,44.21,2019-11-26T23:26:00.000000Z
1574810820000,0.2201,0.2201,0.22,0.2201,110.2,2019-11-26T23:27:00.000000Z
1574810880000,0.2201,0.2201,0.2201,0.2201,1217.93,2019-11-26T23:28:00.000000Z
1574810940000,0.2201,0.2203,0.2201,0.2201,1330.2,2019-11-26T23:29:00.000000Z
1574811000000,0.2201,0.2205,0.2201,0.2204,1633.21,2019-11-26T23:30:00.000000Z
1574811060000,0.2203,0.2205,0.2203,0.2203,1240.94,2019-11-26T23:31:00.000000Z
1574811120000,0.2202,0.2202,0.2202,0.2202,83.72,2019-11-26T23:32:00.000000Z
1574811180000,0.2203,0.2203,0.2202,0.2203,1743.5,2019-11-26T23:33:00.000000Z
1574811240000,0.2203,0.2203,0.2199,0.22,3600.49,2019-11-26T23:34:00.000000Z
1574811300000,0.22,0.22,0.22,0.22,1193.93,2019-11-26T23:35:00.000000Z
1574811360000,0.22,0.2201,0.22,0.2201,82.83,2019-11-26T23:36:00.000000Z
1574811420000,0.2201,0.2201,0.2201,0.2201,1955.25,2019-11-26T23:37:00.000000Z
1574811480000,0.2201,0.2201,0.2201,0.2201,1218.0,2019-11-26T23:38:00.000000Z
1574811540000,0.22,0.22,0.22,0.22,10.0,2019-11-26T23:39:00.000000Z
1574811600000,0.22,0.2201,0.22,0.2201,1844.7,2019-11-26T23:40:00.000000Z
1574811660000,0.2201,0.2203,0.2201,0.2203,3295.65,2019-11-26T23:41:00.000000Z
1574811720000,0.2203,0.2205,0.2203,0.2205,2808.47,2019-11-26T23:42:00.000000Z
1574811780000,0.2205,0.2205,0.2205,0.2205,259.99,2019-11-26T23:43:00.000000Z
1574811840000,0.2206,0.2206,0.2204,0.2205,2610.3,2019-11-26T23:44:00.000000Z
1574811900000,0.2205,0.2205,0.2204,0.2204,1409.35,2019-11-26T23:45:00.000000Z
1574811960000,0.2204,0.2204,0.2204,0.2204,1193.93,2019-11-26T23:46:00.000000Z
1574812020000,0.2205,0.2207,0.2204,0.2206,300.58,2019-11-26T23:47:00.000000Z
1574812080000,0.2207,0.2207,0.2205,0.2206,1539.89,2019-11-26T23:48:00.000000Z
1574812140000,0.2205,0.2205,0.2204,0.2205,1583.72,2019-11-26T23:49:00.000000Z
1574812200000,0.2205,0.2207,0.2204,0.2207,1738.73,2019-11-26T23:50:00.000000Z
1574812260000,0.2207,0.2208,0.2206,0.2208,1491.29,2019-11-26T23:51:00.000000Z
1574812320000,0.2208,0.2208,0.2208,0.2208,10.0,2019-11-26T23:52:00.000000Z
1574812380000,0.2207,0.2207,0.2207,0.2207,10.0,2019-11-26T23:53:00.000000Z
1574812440000,0.2208,0.2208,0.2208,0.2208,79.2,2019-11-26T23:54:00.000000Z
1574812500000,0.2209,0.2209,0.2209,0.2209,1203.93,2019-11-26T23:55:00.000000Z
1574812560000,0.2208,0.2208,0.2207,0.2207,1434.13,2019-11-26T23:56:00.000000Z
1574812620000,0.2207,0.2207,0.2205,0.2206,700.2,2019-11-26T23:57:00.000000Z
1574812680000,0.2205,0.2205,0.2205,0.2205,1243.93,2019-11-26T23:58:00.000000Z
1574812740000,0.2206,0.2207,0.2205,0.2205,870.3,2019-11-26T23:59:00.000000Z
1574812800000,0.2205,0.2205,0.22,0.2202,1265.52,2019-11-27T00:00:00.000000Z
1574812860000,0.2201,0.2202,0.22,0.22,2336.41,2019-11-27T00:01:00.000000Z
1574812920000,0.22,0.2201,0.22,0.22,1820.48,2019-11-27T00:02:00.000000Z
1574812980000,0.2199,0.22,0.2198,0.2199,1021.96,2019-11-27T00:03:00.000000Z
1574813040000,0.2199,0.2201,0.2199,0.22,619.65,2019-11-27T00:04:00.000000Z
1574813100000,0.22,0.2201,0.22,0.22,407.45,2019-11-27T00:05:00.000000Z
1574813160000,0.2199,0.2199,0.2199,0.2199,10.0,2019-11-27T00:06:00.000000Z
1574813220000,0.2199,0.2199,0.2199,0.2199,473.42,2019-11-27T00:07:00.000000Z
1574813280000,0.2199,0.2199,0.2199,0.2199,10.0,2019-11-27T00:08:00.000000Z
1574813340000,0.2199,0.2199,0.2199,0.2199,328.24,2019-11-27T00:09:00.000000Z
1574813400000,0.2199,0.22,0.2198,0.2198,1532.14,2019-11-27T00:10:00.000000Z
1574813460000,0.2199,0.22,0.2199,0.2199,1323.93,2019-11-27T00:11:00.000000Z
1574813520000,0.2199,0.22,0.2199,0.2199,118.09,2019-11-27T00:12:00.000000Z
1574813580000,0.22,0.22,0.2199,0.2199,44.27,2019-11-27T00:13:00.000000Z
1574813640000,0.22,0.22,0.22,0.22,10.0,2019-11-27T00:14:00.000000Z
1574813700000,0.2199,0.2199,0.2198,0.2198,160.1,2019-11-27T00:15:00.000000Z
1574813760000,0.2197,0.2197,0.2196,0.2196,70.1,2019-11-27T00:16:00.000000Z
1574813820000,0.2196,0.2197,0.2196,0.2197,31.3,2019-11-27T00:17:00.000000Z
1574813880000,0.2196,0.2196,0.2193,0.2193,453.11,2019-11-27T00:18:00.000000Z
1574813940000,0.2194,0.2194,0.219,0.219,5315.7,2019-11-27T00:19:00.000000Z
1574814000000,0.2189,0.2189,0.2188,0.2189,1627.14,2019-11-27T00:20:00.000000Z
1574814060000,0.2189,0.2189,0.2188,0.2189,119.7,2019-11-27T00:21:00.000000Z
1574814120000,0.219,0.2195,0.219,0.2193,4596.96,2019-11-27T00:22:00.000000Z
1574814180000,0.2192,0.2193,0.219,0.2193,196.3,2019-11-27T00:23:00.000000Z
1574814240000,0.2193,0.2193,0.2191,0.2191,120.6,2019-11-27T00:24:00.000000Z
1574814300000,0.219,0.219,0.219,0.219,130.64,2019-11-27T00:25:00.000000Z
1574814360000,0.219,0.2192,0.219,0.2192,1254.23,2019-11-27T00:26:00.000000Z
1574814420000,0.219,0.219,0.219,0.219,1234.23,2019-11-27T00:27:00.000000Z
1574814480000,0.2189,0.2189,0.2187,0.2187,70.3,2019-11-27T00:28:00.000000Z
1574814540000,0.2187,0.2188,0.2186,0.2186,206.84,2019-11-27T00:29:00.000000Z
1574814600000,0.2186,0.2187,0.2186,0.2187,2487.96,2019-11-27T00:30:00.000000Z
1574814660000,0.2186,0.2186,0.2183,0.2183,4039.14,2019-11-27T00:31:00.000000Z
1574814720000,0.2183,0.2186,0.2183,0.2186,1302.53,2019-11-27T00:32:00.000000Z
1574814780000,0.2186,0.2189,0.2186,0.2188,1692.68,2019-11-27T00:33:00.000000Z
1574814840000,0.2187,0.2188,0.2187,0.2188,207.28,2019-11-27T00:34:00.000000Z
1574814900000,0.2188,0.219,0.2188,0.219,100.2,2019-11-27T00:35:00.000000Z
1574814960000,0.219,0.2192,0.219,0.2192,1336.18,2019-11-27T00:36:00.000000Z
1574815020000,0.2192,0.2193,0.2192,0.2193,257.4,2019-11-27T00:37:00.000000Z
1574815080000,0.2193,0.2194,0.2191,0.2193,2488.46,2019-11-27T00:38:00.000000Z
1574815140000,0.2194,0.2194,0.2194,0.2194,10.0,2019-11-27T00:39:00.000000Z
1574815200000,0.2193,0.2193,0.2193,0.2193,10.0,2019-11-27T00:40:00.000000Z
1574815260000,0.2194,0.2194,0.2194,0.2194,10.0,2019-11-27T00:41:00.000000Z
1574815320000,0.2195,0.2195,0.2195,0.2195,30.0,2019-11-27T00:42:00.000000Z
1574815380000,0.2195,0.2195,0.2195,0.2195,10.0,2019-11-27T00:43:00.000000Z
1574815440000,0.2195,0.2195,0.2195,0.2195,1193.93,2019-11-27T00:44:00.000000Z
1574815500000,0.2194,0.2194,0.2193,0.2193,82.93,2019-11-27T00:45:00.000000Z
1574815560000,0.2193,0.2194,0.2193,0.2194,31.3,2019-11-27T00:46:00.000000Z
1574815620000,0.2194,0.2195,0.2194,0.2194,110.1,2019-11-27T00:47:00.000000Z
1574815680000,0.2194,0.2194,0.2194,0.2194,200.0,2019-11-27T00:48:00.000000Z
1574815740000,0.2195,0.2196,0.2195,0.2195,283.1,2019-11-27T00:49:00.000000Z
1574815800000,0.2194,0.2194,0.2194,0.2194,1215.01,2019-11-27T00:50:00.000000Z
1574815860000,0.2195,0.2196,0.2194,0.2194,159.12,2019-11-27T00:51:00.000000Z
1574815920000,0.2195,0.2195,0.2195,0.2195,1193.93,2019-11-27T00:52:00.000000Z
1574815980000,0.2195,0.2195,0.2194,0.2195,258.01,2019-11-27T00:53:00.000000Z
1574816040000,0.2195,0.2196,0.2195,0.2195,1448.44,2019-11-27T00:54:00.000000Z
1574816100000,0.2196,0.2197,0.2196,0.2196,277.97,2019-11-27T00:55:00.000000Z
1574816160000,0.2196,0.2196,0.2194,0.2195,1482.91,2019-11-27T00:56:00.000000Z
1574816220000,0.2195,0.2197,0.2195,0.2197,1397.89,2019-11-27T00:57:00.000000Z
1574816280000,0.2197,0.2197,0.2196,0.2196,80.1,2019-11-27T00:58:00.000000Z
1574816340000,0.2197,0.2198,0.2197,0.2197,231.29,2019-11-27T00:59:00.000000Z
1574816400000,0.2198,0.2199,0.2198,0.2198,172.99,2019-11-27T01:00:00.000000Z
1574816460000,0.2199,0.22,0.2198,0.2199,1616.8,2019-11-27T01:01:00.000000Z
1574816520000,0.22,0.2201,0.22,0.2201,1237.4,2019-11-27T01:02:00.000000Z
1574816580000,0.22,0.2201,0.22,0.22,162.14,2019-11-27T01:03:00.000000Z
1574816640000,0.22,0.2202,0.22,0.2201,301.1,2019-11-27T01:04:00.000000Z
1574816700000,0.2201,0.2202,0.2201,0.2202,170.99,2019-11-27T01:05:00.000000Z
1574816760000,0.2202,0.2202,0.2201,0.2201,284.55,2019-11-27T01:06:00.000000Z
1574816820000,0.2202,0.2202,0.2201,0.2201,44.27,2019-11-27T01:07:00.000000Z
1574816880000,0.2202,0.2202,0.22,0.22,100.2,2019-11-27T01:08:00.000000Z
1574816940000,0.2201,0.2201,0.22,0.2201,76.78,2019-11-27T01:09:00.000000Z
1574817000000,0.2201,0.2201,0.2201,0.2201,1203.93,2019-11-27T01:10:00.000000Z
1574817060000,0.22,0.2201,0.2199,0.2199,54.22,2019-11-27T01:11:00.000000Z
1574817120000,0.22,0.22,0.2198,0.2198,140.1,2019-11-27T01:12:00.000000Z
1574817180000,0.2198,0.2198,0.2197,0.2198,980.23,2019-11-27T01:13:00.000000Z
1574817240000,0.2197,0.2197,0.2196,0.2196,1112.84,2019-11-27T01:14:00.000000Z
1574817300000,0.2195,0.2196,0.2195,0.2195,251.09,2019-11-27T01:15:00.000000Z
1574817360000,0.2196,0.2198,0.2196,0.2198,1304.13,2019-11-27T01:16:00.000000Z
1574817420000,0.2197,0.2198,0.2197,0.2197,62.61,2019-11-27T01:17:00.000000Z
1574817480000,0.2198,0.2199,0.2198,0.2199,1117.52,2019-11-27T01:18:00.000000Z
1574817540000,0.22,0.22,0.2199,0.22,1710.62,2019-11-27T01:19:00.000000Z
1574817600000,0.2201,0.2201,0.2201,0.2201,1454.45,2019-11-27T01:20:00.000000Z
1574817660000,0.2201,0.2201,0.22,0.22,280.0,2019-11-27T01:21:00.000000Z
1574817720000,0.2201,0.2202,0.2201,0.2202,70.0,2019-11-27T01:22:00.000000Z
1574817780000,0.2201,0.2201,0.2201,0.2201,1193.93,2019-11-27T01:23:00.000000Z
1574817840000,0.2202,0.2202,0.2201,0.2201,20.0,2019-11-27T01:24:00.000000Z
1574817900000,0.2202,0.2202,0.2201,0.2201,210.54,2019-11-27T01:25:00.000000Z
1574817960000,0.2202,0.2202,0.2201,0.2202,44.27,2019-11-27T01:26:00.000000Z
1574818020000,0.2202,0.2202,0.2201,0.2201,44.27,2019-11-27T01:27:00.000000Z
1574818080000,0.2202,0.2202,0.2201,0.2202,44.27,2019-11-27T01:28:00.000000Z
1574818140000,0.2202,0.2202,0.2201,0.2201,44.27,2019-11-27T01:29:00.000000Z
1574818200000,0.2202,0.2202,0.2202,0.2202,1275.2,2019-11-27T01:30:00.000000Z
1574818260000,0.2202,0.2202,0.2201,0.2201,30.0,2019-11-27T01:31:00.000000Z
1574818320000,0.2202,0.2202,0.2201,0.2201,20.0,2019-11-27T01:32:00.000000Z
1574818380000,0.2202,0.2202,0.2201,0.2201,20.0,2019-11-27T01:33:00.000000Z
1574818440000,0.2201,0.2201,0.22,0.22,227.66,2019-11-27T01:34:00.000000Z
1574818500000,0.2201,0.2201,0.2199,0.22,2341.52,2019-11-27T01:35:00.000000Z
1574818560000,0.2198,0.2198,0.2195,0.2195,294.97,2019-11-27T01:36:00.000000Z
1574818620000,0.2196,0.2196,0.2194,0.2196,1923.8,2019-11-27T01:37:00.000000Z
1574818680000,0.2196,0.2199,0.2196,0.2199,330.79,2019-11-27T01:38:00.000000Z
1574818740000,0.2198,0.2202,0.2198,0.2201,1217.67,2019-11-27T01:39:00.000000Z
1574818800000,0.2202,0.2208,0.2202,0.2206,4633.54,2019-11-27T01:40:00.000000Z
1574818860000,0.2206,0.2207,0.2205,0.2206,3049.43,2019-11-27T01:41:00.000000Z
1574818920000,0.2206,0.2206,0.2205,0.2205,20.0,2019-11-27T01:42:00.000000Z
1574818980000,0.2206,0.2208,0.2206,0.2207,3151.87,2019-11-27T01:43:00.000000Z
1574819040000,0.2208,0.2209,0.2206,0.2206,693.24,2019-11-27T01:44:00.000000Z
1574819100000,0.2206,0.2206,0.2206,0.2206,1270.93,2019-11-27T01:45:00.000000Z
1574819160000,0.2207,0.2208,0.2207,0.2208,1267.13,2019-11-27T01:46:00.000000Z
1574819220000,0.2209,0.2209,0.2209,0.2209,1824.01,2019-11-27T01:47:00.000000Z
1574819280000,0.2209,0.221,0.2208,0.2209,190.2,2019-11-27T01:48:00.000000Z
1574819340000,0.2209,0.221,0.2209,0.2209,470.19,2019-11-27T01:49:00.000000Z
1574819400000,0.2209,0.2211,0.2203,0.2209,12864.42,2019-11-27T01:50:00.000000Z
1574819460000,0.2209,0.2212,0.2205,0.2212,4251.48,2019-11-27T01:51:00.000000Z
1574819520000,0.2213,0.2216,0.2211,0.2214,5049.45,2019-11-27T01:52:00.000000Z
1574819580000,0.2215,0.2225,0.2215,0.2225,2924.67,2019-11-27T01:53:00.000000Z
1574819640000,0.2226,0.223,0.2224,0.223,17760.81,2019-11-27T01:54:00.000000Z
1574819700000,0.223,0.2232,0.2227,0.2227,10405.97,2019-11-27T01:55:00.000000Z
1574819760000,0.2227,0.2227,0.2222,0.2227,4161.64,2019-11-27T01:56:00.000000Z
1574819820000,0.2225,0.223,0.2225,0.223,767.01,2019-11-27T01:57:00.000000Z
1574819880000,0.2229,0.2232,0.2228,0.223,9101.89,2019-11-27T01:58:00.000000Z
1574819940000,0.2232,0.2235,0.2229,0.223,3790.66,2019-11-27T01:59:00.000000Z
1574820000000,0.2231,0.2233,0.2229,0.2229,2290.55,2019-11-27T02:00:00.000000Z
1574820060000,0.2229,0.2233,0.2229,0.2232,286.55,2019-11-27T02:01:00.000000Z
1574820120000,0.2231,0.2231,0.2228,0.2228,510.14,2019-11-27T02:02:00.000000Z
1574820180000,0.2228,0.2229,0.2227,0.2228,4271.51,2019-11-27T02:03:00.000000Z
1574820240000,0.2227,0.2227,0.2224,0.2225,8188.1,2019-11-27T02:04:00.000000Z
1574820300000,0.2224,0.2225,0.2222,0.2225,1927.91,2019-11-27T02:05:00.000000Z
1574820360000,0.2225,0.2225,0.222,0.2222,5173.62,2019-11-27T02:06:00.000000Z
1574820420000,0.2222,0.2223,0.2222,0.2222,339.13,2019-11-27T02:07:00.000000Z
1574820480000,0.2222,0.2222,0.2218,0.2218,4224.73,2019-11-27T02:08:00.000000Z
1574820540000,0.2219,0.222,0.2219,0.222,62.71,2019-11-27T02:09:00.000000Z
1574820600000,0.2219,0.222,0.2219,0.222,1501.47,2019-11-27T02:10:00.000000Z
1574820660000,0.2221,0.2221,0.222,0.222,44.27,2019-11-27T02:11:00.000000Z
1574820720000,0.222,0.2226,0.222,0.2224,2013.09,2019-11-27T02:12:00.000000Z
1574820780000,0.2224,0.2226,0.2224,0.2225,90.1,2019-11-27T02:13:00.000000Z
1574820840000,0.2225,0.2225,0.2225,0.2225,1343.93,2019-11-27T02:14:00.000000Z
1574820900000,0.2226,0.2227,0.2226,0.2226,1834.03,2019-11-27T02:15:00.000000Z
1574820960000,0.2226,0.2228,0.2226,0.2228,728.19,2019-11-27T02:16:00.000000Z
1574821020000,0.2229,0.2232,0.2229,0.2229,2180.49,2019-11-27T02:17:00.000000Z
1574821080000,0.223,0.2231,0.223,0.2231,500.19,2019-11-27T02:18:00.000000Z
1574821140000,0.2231,0.2235,0.2229,0.2235,2864.43,2019-11-27T02:19:00.000000Z
1574821200000,0.2234,0.2238,0.2233,0.2234,5714.43,2019-11-27T02:20:00.000000Z
1574821260000,0.2234,0.2236,0.2234,0.2236,843.99,2019-11-27T02:21:00.000000Z
1574821320000,0.2236,0.2236,0.2225,0.2226,8939.12,2019-11-27T02:22:00.000000Z
1574821380000,0.2225,0.223,0.2225,0.223,2270.52,2019-11-27T02:23:00.000000Z
1574821440000,0.223,0.223,0.223,0.223,1193.93,2019-11-27T02:24:00.000000Z
1574821500000,0.2229,0.223,0.2229,0.2229,1306.03,2019-11-27T02:25:00.000000Z
1574821560000,0.223,0.223,0.2229,0.223,44.27,2019-11-27T02:26:00.000000Z
1574821620000,0.223,0.223,0.2229,0.2229,44.27,2019-11-27T02:27:00.000000Z
1574821680000,0.223,0.223,0.2229,0.2229,20.0,2019-11-27T02:28:00.000000Z
1574821740000,0.223,0.223,0.2229,0.2229,20.0,2019-11-27T02:29:00.000000Z
1574821800000,0.2229,0.223,0.2229,0.2229,1474.5,2019-11-27T02:30:00.000000Z
1574821860000,0.2229,0.223,0.2229,0.2229,30.0,2019-11-27T02:31:00.000000Z
1574821920000,0.2229,0.2229,0.2228,0.2228,435.13,2019-11-27T02:32:00.000000Z
1574821980000,0.2228,0.2228,0.2226,0.2227,1273.97,2019-11-27T02:33:00.000000Z
1574822040000,0.2226,0.2226,0.2226,0.2226,1223.93,2019-11-27T02:34:00.000000Z
1574822100000,0.2225,0.2225,0.2221,0.2222,6465.17,2019-11-27T02:35:00.000000Z
1574822160000,0.2221,0.2221,0.2221,0.2221,789.9,2019-11-27T02:36:00.000000Z
1574822220000,0.2222,0.2222,0.222,0.222,318.6,2019-11-27T02:37:00.000000Z
1574822280000,0.222,0.222,0.2218,0.2219,161.45,2019-11-27T02:38:00.000000Z
1574822340000,0.222,0.2222,0.222,0.2221,360.1,2019-11-27T02:39:00.000000Z
1574822400000,0.2221,0.2224,0.2221,0.2222,5457.27,2019-11-27T02:40:00.000000Z
1574822460000,0.2223,0.2223,0.2222,0.2222,2396.83,2019-11-27T02:41:00.000000Z
1574822520000,0.2222,0.2223,0.2221,0.2223,6883.95,2019-11-27T02:42:00.000000Z
1574822580000,0.2222,0.2224,0.2222,0.2222,11273.5,2019-11-27T02:43:00.000000Z
1574822640000,0.2222,0.2223,0.2222,0.2222,1946.79,2019-11-27T02:44:00.000000Z
1574822700000,0.2222,0.2222,0.2221,0.2221,220.0,2019-11-27T02:45:00.000000Z
1574822760000,0.2222,0.2222,0.2221,0.2222,880.6,2019-11-27T02:46:00.000000Z
1574822820000,0.2222,0.2222,0.2221,0.2221,20.0,2019-11-27T02:47:00.000000Z
1574822880000,0.2222,0.2222,0.2221,0.2221,20.0,2019-11-27T02:48:00.000000Z
1574822940000,0.2221,0.2221,0.222,0.222,290.88,2019-11-27T02:49:00.000000Z
1574823000000,0.222,0.222,0.2218,0.2218,2282.2,2019-11-27T02:50:00.000000Z
1574823060000,0.2219,0.2222,0.2219,0.222,1663.12,2019-11-27T02:51:00.000000Z
1574823120000,0.2219,0.2221,0.2219,0.222,155.14,2019-11-27T02:52:00.000000Z
1574823180000,0.222,0.2221,0.2219,0.2219,294.84,2019-11-27T02:53:00.000000Z
1574823240000,0.222,0.2221,0.2219,0.2219,295.03,2019-11-27T02:54:00.000000Z
1574823300000,0.2219,0.222,0.2218,0.2218,80.6,2019-11-27T02:55:00.000000Z
1574823360000,0.222,0.222,0.2218,0.2218,20.0,2019-11-27T02:56:00.000000Z
1574823420000,0.222,0.2221,0.222,0.2221,1204.13,2019-11-27T02:57:00.000000Z
1574823480000,0.2221,0.2222,0.222,0.222,218.04,2019-11-27T02:58:00.000000Z
1574823540000,0.2222,0.2222,0.2222,0.2222,792.08,2019-11-27T02:59:00.000000Z
1574823600000,0.2221,0.2221,0.2219,0.2219,50.1,2019-11-27T03:00:00.000000Z
1574823660000,0.2221,0.2221,0.2219,0.2219,20.0,2019-11-27T03:01:00.000000Z
1574823720000,0.222,0.2221,0.222,0.2221,1245.48,2019-11-27T03:02:00.000000Z
1574823780000,0.2221,0.2222,0.222,0.222,30.0,2019-11-27T03:03:00.000000Z
1574823840000,0.2222,0.2222,0.2221,0.2221,2763.56,2019-11-27T03:04:00.000000Z
1574823900000,0.2221,0.2222,0.222,0.2222,797.94,2019-11-27T03:05:00.000000Z
1574823960000,0.2222,0.2224,0.2222,0.2224,8907.93,2019-11-27T03:06:00.000000Z
1574824020000,0.2223,0.2223,0.2221,0.2221,90.2,2019-11-27T03:07:00.000000Z
1574824080000,0.2221,0.2221,0.2221,0.2221,1193.93,2019-11-27T03:08:00.000000Z
1574824140000,0.2221,0.2221,0.222,0.2221,549.88,2019-11-27T03:09:00.000000Z
1574824200000,0.222,0.222,0.2219,0.2219,557.31,2019-11-27T03:10:00.000000Z
1574824260000,0.2218,0.222,0.2217,0.2219,1710.11,2019-11-27T03:11:00.000000Z
1574824320000,0.2218,0.2219,0.2217,0.2219,5310.2,2019-11-27T03:12:00.000000Z
1574824380000,0.222,0.222,0.2218,0.2218,2263.45,2019-11-27T03:13:00.000000Z
1574824440000,0.2217,0.2217,0.2214,0.2215,3727.34,2019-11-27T03:14:00.000000Z
1574824500000,0.2213,0.2215,0.2211,0.2212,2032.41,2019-11-27T03:15:00.000000Z
1574824560000,0.2213,0.2213,0.221,0.221,62.71,2019-11-27T03:16:00.000000Z
1574824620000,0.221,0.221,0.2209,0.2209,372.59,2019-11-27T03:17:00.000000Z
1574824680000,0.221,0.2212,0.221,0.221,1650.36,2019-11-27T03:18:00.000000Z
1574824740000,0.221,0.221,0.2208,0.2209,1659.96,2019-11-27T03:19:00.000000Z
1574824800000,0.2208,0.221,0.2208,0.2209,346.86,2019-11-27T03:20:00.000000Z
1574824860000,0.221,0.221,0.2209,0.221,1214.13,2019-11-27T03:21:00.000000Z
1574824920000,0.221,0.221,0.2209,0.221,30.1,2019-11-27T03:22:00.000000Z
1574824980000,0.221,0.2211,0.2209,0.2209,82.51,2019-11-27T03:23:00.000000Z
1574825040000,0.2209,0.221,0.2208,0.2208,79.98,2019-11-27T03:24:00.000000Z
1574825100000,0.2208,0.2209,0.2208,0.2209,1348.92,2019-11-27T03:25:00.000000Z
1574825160000,0.2208,0.221,0.2208,0.2208,1297.39,2019-11-27T03:26:00.000000Z
1574825220000,0.2209,0.221,0.2209,0.221,1229.17,2019-11-27T03:27:00.000000Z
1574825280000,0.2209,0.2209,0.2204,0.2207,1350.67,2019-11-27T03:28:00.000000Z
1574825340000,0.2207,0.2208,0.2206,0.2208,101.56,2019-11-27T03:29:00.000000Z
1574825400000,0.2209,0.221,0.2208,0.2208,269.52,2019-11-27T03:30:00.000000Z
1574825460000,0.221,0.221,0.221,0.221,1193.93,2019-11-27T03:31:00.000000Z
1574825520000,0.221,0.221,0.2209,0.2209,670.78,2019-11-27T03:32:00.000000Z
1574825580000,0.2208,0.221,0.2208,0.2209,135.86,2019-11-27T03:33:00.000000Z
1574825640000,0.2209,0.2209,0.2207,0.2209,3233.22,2019-11-27T03:34:00.000000Z
1574825700000,0.2209,0.2209,0.2207,0.2207,1952.2,2019-11-27T03:35:00.000000Z
1574825760000,0.2209,0.2209,0.2206,0.2206,1383.48,2019-11-27T03:36:00.000000Z
1574825820000,0.2207,0.2208,0.2202,0.2202,2057.31,2019-11-27T03:37:00.000000Z
1574825880000,0.2203,0.2205,0.2203,0.2203,1918.35,2019-11-27T03:38:00.000000Z
1574825940000,0.2204,0.2208,0.22,0.2204,17257.04,2019-11-27T03:39:00.000000Z
1574826000000,0.2206,0.2208,0.2204,0.2205,1308.45,2019-11-27T03:40:00.000000Z
1574826060000,0.2205,0.2207,0.2204,0.2204,7708.01,2019-11-27T03:41:00.000000Z
1574826120000,0.2205,0.2207,0.2203,0.2203,4596.96,2019-11-27T03:42:00.000000Z
1574826180000,0.2204,0.2206,0.2197,0.2201,7635.15,2019-11-27T03:43:00.000000Z
1574826240000,0.2202,0.2204,0.22,0.2201,4797.04,2019-11-27T03:44:00.000000Z
1574826300000,0.2202,0.2203,0.22,0.2201,3893.75,2019-11-27T03:45:00.000000Z
1574826360000,0.2201,0.2201,0.2198,0.2198,2074.99,2019-11-27T03:46:00.000000Z
1574826420000,0.2197,0.2198,0.219,0.2197,4453.54,2019-11-27T03:47:00.000000Z
1574826480000,0.2197,0.2198,0.2195,0.2195,1469.12,2019-11-27T03:48:00.000000Z
1574826540000,0.2196,0.2197,0.2195,0.2195,1344.83,2019-11-27T03:49:00.000000Z
1574826600000,0.2195,0.2196,0.2194,0.2194,382.75,2019-11-27T03:50:00.000000Z
1574826660000,0.2196,0.2196,0.2194,0.2194,2162.88,2019-11-27T03:51:00.000000Z
1574826720000,0.2195,0.2195,0.2193,0.2193,44.27,2019-11-27T03:52:00.000000Z
1574826780000,0.2194,0.2194,0.2194,0.2194,1203.93,2019-11-27T03:53:00.000000Z
1574826840000,0.2193,0.2193,0.2192,0.2192,405.59,2019-11-27T03:54:00.000000Z
1574826900000,0.2191,0.2191,0.2188,0.219,2553.67,2019-11-27T03:55:00.000000Z
1574826960000,0.2192,0.2194,0.2192,0.2193,3258.72,2019-11-27T03:56:00.000000Z
1574827020000,0.2193,0.2193,0.2192,0.2193,90.2,2019-11-27T03:57:00.000000Z
1574827080000,0.2193,0.2193,0.2188,0.2189,1751.54,2019-11-27T03:58:00.000000Z
1574827140000,0.219,0.2191,0.219,0.2191,1254.41,2019-11-27T03:59:00.000000Z
