1574755440000,211.31,211.5,211.3,211.5,24.42027,2019-11-26T08:04:00.000000Z
1574755500000,211.58,211.61,211.32,211.39,7.30954,2019-11-26T08:05:00.000000Z
1574755560000,211.36,211.36,211.22,211.22,12.94723,2019-11-26T08:06:00.000000Z
1574755620000,211.19,211.5,211.19,211.5,87.23558,2019-11-26T08:07:00.000000Z
1574755680000,211.66,211.66,211.36,211.39,23.77975,2019-11-26T08:08:00.000000Z
1574755740000,211.33,211.33,211.21,211.22,11.03389,2019-11-26T08:09:00.000000Z
1574755800000,211.16,211.16,210.88,210.88,45.54147,2019-11-26T08:10:00.000000Z
1574755860000,210.89,210.99,210.82,210.82,12.89755,2019-11-26T08:11:00.000000Z
1574755920000,210.97,210.97,210.94,210.94,1.13778,2019-11-26T08:12:00.000000Z
1574755980000,210.77,210.77,210.45,210.5,26.15013,2019-11-26T08:13:00.000000Z
1574756040000,210.48,210.56,210.26,210.56,97.21841,2019-11-26T08:14:00.000000Z
1574756100000,210.63,210.76,210.55,210.6,75.55279,2019-11-26T08:15:00.000000Z
1574756160000,210.69,210.83,210.69,210.72,11.81109,2019-11-26T08:16:00.000000Z
1574756220000,210.7,210.85,210.7,210.84,16.10907,2019-11-26T08:17:00.000000Z
1574756280000,210.71,210.85,210.61,210.61,14.72605,2019-11-26T08:18:00.000000Z
1574756340000,210.53,210.8,210.38,210.38,29.65096,2019-11-26T08:19:00.000000Z
1574756400000,210.29,210.36,210.24,210.24,10.47537,2019-11-26T08:20:00.000000Z
1574756460000,210.24,210.61,210.2,210.52,29.07709,2019-11-26T08:21:00.000000Z
1574756520000,210.42,210.42,210.0,210.15,166.83191,2019-11-26T08:22:00.000000Z
1574756580000,210.18,210.28,210.18,210.28,5.60167,2019-11-26T08:23:00.000000Z
1574756640000,210.17,210.17,210.09,210.09,9.21293,2019-11-26T08:24:00.000000Z
1574756700000,210.03,210.07,210.0,210.03,9.46485,2019-11-26T08:25:00.000000Z
1574756760000,210.0,210.38,209.86,210.38,84.43518,2019-11-26T08:26:00.000000Z
1574756820000,210.31,210.76,210.31,210.73,119.33528,2019-11-26T08:27:00.000000Z
1574756880000,210.76,211.13,210.76,211.13,56.77,2019-11-26T08:28:00.000000Z
1574756940000,211.06,211.06,210.87,210.88,25.23854,2019-11-26T08:29:00.000000Z
1574757000000,211.04,211.48,211.0,211.48,47.9593,2019-11-26T08:30:00.000000Z
1574757060000,211.54,212.24,211.54,211.77,321.09092,2019-11-26T08:31:00.000000Z
1574757120000,211.76,212.17,211.55,212.0,130.43662,2019-11-26T08:32:00.000000Z
1574757180000,212.03,212.88,212.02,212.43,654.02936,2019-11-26T08:33:00.000000Z
1574757240000,212.44,212.45,212.01,212.36,172.34259,2019-11-26T08:34:00.000000Z
1574757300000,212.36,212.77,212.31,212.47,98.22106,2019-11-26T08:35:00.000000Z
1574757360000,212.4,212.4,211.86,212.23,155.82983,2019-11-26T08:36:00.000000Z
1574757420000,212.13,212.14,212.02,212.02,3.20068,2019-11-26T08:37:00.000000Z
1574757480000,212.0,212.22,211.94,212.12,22.83707,2019-11-26T08:38:00.000000Z
1574757540000,211.88,211.91,211.88,211.91,0.188,2019-11-26T08:39:00.000000Z
1574757600000,211.79,211.98,211.79,211.86,29.90378,2019-11-26T08:40:00.000000Z
1574757660000,211.95,211.96,211.8,211.84,50.21065,2019-11-26T08:41:00.000000Z
1574757720000,211.86,211.86,211.56,211.62,84.99466,2019-11-26T08:42:00.000000Z
1574757780000,211.55,211.64,211.39,211.43,65.96317,2019-11-26T08:43:00.000000Z
1574757840000,211.4,211.44,211.36,211.44,27.31951,2019-11-26T08:44:00.000000Z
1574757900000,211.32,211.32,211.32,211.32,0.51,2019-11-26T08:45:00.000000Z
1574757960000,211.26,211.86,211.24,211.62,35.81788,2019-11-26T08:46:00.000000Z
1574758020000,211.65,211.67,211.44,211.44,13.9276,2019-11-26T08:47:00.000000Z
1574758080000,211.43,211.58,211.4,211.55,26.02919,2019-11-26T08:48:00.000000Z
1574758140000,211.73,212.06,211.73,212.06,7.75329,2019-11-26T08:49:00.000000Z
1574758200000,212.14,212.14,212.14,212.14,0.06,2019-11-26T08:50:00.000000Z
1574758260000,212.21,212.25,211.75,211.8,117.51096,2019-11-26T08:51:00.000000Z
1574758320000,211.74,211.74,210.42,210.97,480.76522,2019-11-26T08:52:00.000000Z
1574758380000,210.87,211.2,210.41,211.05,281.97387,2019-11-26T08:53:00.000000Z
1574758440000,211.14,211.53,210.8,211.14,156.78963,2019-11-26T08:54:00.000000Z
1574758500000,211.17,211.17,210.83,211.13,74.45539,2019-11-26T08:55:00.000000Z
1574758560000,211.13,211.3,210.72,210.78,49.88924,2019-11-26T08:56:00.000000Z
1574758620000,210.84,211.15,210.62,210.74,148.30803,2019-11-26T08:57:00.000000Z
1574758680000,210.73,210.89,210.47,210.58,207.91923,2019-11-26T08:58:00.000000Z
1574758740000,210.58,211.09,210.5,210.94,122.87148,2019-11-26T08:59:00.000000Z
1574758800000,211.04,211.13,210.69,211.01,65.99523,2019-11-26T09:00:00.000000Z
1574758860000,211.04,211.49,211.04,211.41,41.29626,2019-11-26T09:01:00.000000Z
1574758920000,211.56,211.65,211.46,211.49,10.29977,2019-11-26T09:02:00.000000Z
1574758980000,211.45,211.45,211.39,211.39,12.708,2019-11-26T09:03:00.000000Z
1574759040000,211.31,211.5,211.31,211.41,39.14665,2019-11-26T09:04:00.000000Z
1574759100000,211.42,211.5,211.42,211.43,88.56036,2019-11-26T09:05:00.000000Z
1574759160000,211.34,211.34,211.01,211.05,117.23161,2019-11-26T09:06:00.000000Z
1574759220000,211.0,211.0,211.0,211.0,0.10779,2019-11-26T09:07:00.000000Z
1574759280000,211.0,211.24,211.0,211.22,112.28779,2019-11-26T09:08:00.000000Z
1574759340000,211.21,211.42,211.2,211.41,21.0855,2019-11-26T09:09:00.000000Z
1574759400000,211.41,211.41,211.41,211.41,0.0,2019-11-26T09:10:00.000000Z
1574759460000,210.97,211.02,210.85,210.9,7.81669,2019-11-26T09:11:00.000000Z
1574759520000,210.71,210.71,210.71,210.71,0.06,2019-11-26T09:12:00.000000Z
1574759580000,210.63,210.85,210.62,210.72,37.79932,2019-11-26T09:13:00.000000Z
1574759640000,210.69,210.69,210.5,210.5,28.24052,2019-11-26T09:14:00.000000Z
1574759700000,210.49,210.56,210.47,210.56,15.72068,2019-11-26T09:15:00.000000Z
1574759760000,210.58,210.7,210.46,210.58,18.73384,2019-11-26T09:16:00.000000Z
1574759820000,210.5,210.51,210.4,210.45,34.04441,2019-11-26T09:17:00.000000Z
1574759880000,210.4,210.52,210.4,210.52,1.3897,2019-11-26T09:18:00.000000Z
1574759940000,210.52,210.92,210.52,210.92,3.30765,2019-11-26T09:19:00.000000Z
1574760000000,210.91,211.02,210.88,211.02,13.36848,2019-11-26T09:20:00.000000Z
1574760060000,210.92,211.06,210.92,210.94,20.50706,2019-11-26T09:21:00.000000Z
1574760120000,210.85,210.85,210.85,210.85,0.56896,2019-11-26T09:22:00.000000Z
1574760180000,210.86,210.86,210.86,210.86,0.4748,2019-11-26T09:23:00.000000Z
1574760240000,210.88,211.08,210.87,211.08,4.47098,2019-11-26T09:24:00.000000Z
1574760300000,211.06,211.06,210.82,210.82,16.31471,2019-11-26T09:25:00.000000Z
1574760360000,210.86,210.92,210.44,210.44,95.14526,2019-11-26T09:26:00.000000Z
1574760420000,210.4,210.63,210.25,210.61,80.81728,2019-11-26T09:27:00.000000Z
1574760480000,210.68,210.91,210.62,210.76,34.3867,2019-11-26T09:28:00.000000Z
1574760540000,210.72,210.72,210.3,210.5,33.53554,2019-11-26T09:29:00.000000Z
1574760600000,210.47,210.54,210.41,210.51,5.6972,2019-11-26T09:30:00.000000Z
1574760660000,210.64,210.78,210.64,210.78,2.47655,2019-11-26T09:31:00.000000Z
1574760720000,210.81,211.01,210.81,211.01,14.18946,2019-11-26T09:32:00.000000Z
1574760780000,210.95,210.95,210.84,210.93,7.59171,2019-11-26T09:33:00.000000Z
1574760840000,211.05,211.4,211.05,211.11,19.04882,2019-11-26T09:34:00.000000Z
1574760900000,211.03,211.03,210.79,210.87,17.52788,2019-11-26T09:35:00.000000Z
1574760960000,210.73,210.99,210.72,210.92,32.623,2019-11-26T09:36:00.000000Z
1574761020000,210.82,210.89,210.65,210.65,16.246,2019-11-26T09:37:00.000000Z
1574761080000,210.82,210.82,210.82,210.82,4.0,2019-11-26T09:38:00.000000Z
1574761140000,210.82,210.94,210.82,210.94,2.56551,2019-11-26T09:39:00.000000Z
1574761200000,211.0,211.14,210.97,210.99,15.27269,2019-11-26T09:40:00.000000Z
1574761260000,210.92,211.02,210.88,211.02,12.14232,2019-11-26T09:41:00.000000Z
1574761320000,211.25,211.54,211.25,211.44,97.22391,2019-11-26T09:42:00.000000Z
1574761380000,211.5,211.5,211.33,211.38,15.43033,2019-11-26T09:43:00.000000Z
1574761440000,211.44,211.79,211.44,211.55,70.93984,2019-11-26T09:44:00.000000Z
1574761500000,211.71,211.89,211.57,211.87,19.89461,2019-11-26T09:45:00.000000Z
1574761560000,211.87,212.21,211.85,212.07,132.28415,2019-11-26T09:46:00.000000Z
1574761620000,212.04,212.08,211.86,211.86,2.44651,2019-11-26T09:47:00.000000Z
1574761680000,211.86,212.01,211.86,212.01,6.67082,2019-11-26T09:48:00.000000Z
1574761740000,211.84,211.84,211.63,211.64,14.83952,2019-11-26T09:49:00.000000Z
1574761800000,211.73,211.75,211.47,211.49,182.41527,2019-11-26T09:50:00.000000Z
1574761860000,211.49,211.58,211.33,211.38,10.63847,2019-11-26T09:51:00.000000Z
1574761920000,211.09,211.31,211.09,211.25,14.03329,2019-11-26T09:52:00.000000Z
1574761980000,211.42,211.5,211.42,211.5,3.58595,2019-11-26T09:53:00.000000Z
1574762040000,211.29,211.39,211.19,211.39,20.28022,2019-11-26T09:54:00.000000Z
1574762100000,211.36,211.46,211.36,211.46,4.01134,2019-11-26T09:55:00.000000Z
1574762160000,211.18,211.25,211.15,211.25,8.23553,2019-11-26T09:56:00.000000Z
1574762220000,211.25,211.25,211.25,211.25,0.0,2019-11-26T09:57:00.000000Z
1574762280000,211.36,211.44,211.34,211.36,17.0637,2019-11-26T09:58:00.000000Z
1574762340000,211.21,211.49,211.21,211.49,5.5796,2019-11-26T09:59:00.000000Z
1574762400000,211.61,211.61,211.61,211.61,0.18896,2019-11-26T10:00:00.000000Z
1574762460000,211.48,211.75,211.48,211.64,24.06375,2019-11-26T10:01:00.000000Z
1574762520000,211.94,212.01,211.8,212.01,33.02433,2019-11-26T10:02:00.000000Z
1574762580000,211.98,211.98,211.65,211.76,112.41181,2019-11-26T10:03:00.000000Z
1574762640000,211.83,212.17,211.74,212.15,41.80315,2019-11-26T10:04:00.000000Z
1574762700000,212.02,212.02,211.88,211.88,2.8147,2019-11-26T10:05:00.000000Z
1574762760000,211.96,211.96,211.56,211.56,54.46498,2019-11-26T10:06:00.000000Z
1574762820000,211.62,211.78,211.62,211.78,12.7286,2019-11-26T10:07:00.000000Z
1574762880000,211.9,211.91,211.89,211.9,9.28378,2019-11-26T10:08:00.000000Z
1574762940000,211.9,211.9,211.81,211.81,18.19425,2019-11-26T10:09:00.000000Z
1574763000000,211.67,211.73,211.49,211.54,9.021,2019-11-26T10:10:00.000000Z
1574763060000,211.61,211.88,211.61,211.71,14.6703,2019-11-26T10:11:00.000000Z
1574763120000,211.8,211.8,211.77,211.77,2.05698,2019-11-26T10:12:00.000000Z
1574763180000,211.71,211.71,211.71,211.71,4.044,2019-11-26T10:13:00.000000Z
1574763240000,211.77,211.77,211.64,211.65,13.33518,2019-11-26T10:14:00.000000Z
1574763300000,211.65,211.65,211.65,211.65,0.0,2019-11-26T10:15:00.000000Z
1574763360000,211.64,211.64,211.25,211.25,12.35567,2019-11-26T10:16:00.000000Z
1574763420000,211.24,211.43,211.24,211.43,14.38255,2019-11-26T10:17:00.000000Z
1574763480000,211.36,211.46,211.36,211.42,10.01419,2019-11-26T10:18:00.000000Z
1574763540000,211.42,211.42,211.42,211.42,0.0,2019-11-26T10:19:00.000000Z
1574763600000,211.33,211.33,211.33,211.33,1.09473,2019-11-26T10:20:00.000000Z
1574763660000,211.25,211.25,211.24,211.24,12.75862,2019-11-26T10:21:00.000000Z
1574763720000,211.47,211.47,211.47,211.47,2.1,2019-11-26T10:22:00.000000Z
1574763780000,211.53,211.53,211.39,211.5,12.90808,2019-11-26T10:23:00.000000Z
1574763840000,211.65,211.88,211.65,211.66,10.84021,2019-11-26T10:24:00.000000Z
1574763900000,211.66,211.75,211.66,211.75,0.72562,2019-11-26T10:25:00.000000Z
1574763960000,211.89,211.94,211.82,211.82,4.9746,2019-11-26T10:26:00.000000Z
1574764020000,211.82,211.83,211.79,211.83,3.06371,2019-11-26T10:27:00.000000Z
1574764080000,211.88,212.0,211.88,212.0,46.66939,2019-11-26T10:28:00.000000Z
1574764140000,212.13,212.17,211.91,211.91,90.4602,2019-11-26T10:29:00.000000Z
1574764200000,211.98,212.26,210.91,210.93,942.97662,2019-11-26T10:30:00.000000Z
1574764260000,210.93,211.16,210.71,210.81,122.28992,2019-11-26T10:31:00.000000Z
1574764320000,210.82,210.99,210.63,210.71,72.22479,2019-11-26T10:32:00.000000Z
1574764380000,210.71,210.83,210.66,210.66,21.33182,2019-11-26T10:33:00.000000Z
1574764440000,210.65,210.83,210.62,210.83,38.44079,2019-11-26T10:34:00.000000Z
1574764500000,210.79,211.03,210.78,211.03,57.27069,2019-11-26T10:35:00.000000Z
1574764560000,211.03,211.03,210.86,210.86,4.47397,2019-11-26T10:36:00.000000Z
1574764620000,210.72,210.72,210.53,210.53,73.91879,2019-11-26T10:37:00.000000Z
1574764680000,210.5,210.6,210.31,210.6,54.91713,2019-11-26T10:38:00.000000Z
1574764740000,210.68,210.68,210.62,210.62,3.25931,2019-11-26T10:39:00.000000Z
1574764800000,210.59,211.01,210.59,210.86,16.15334,2019-11-26T10:40:00.000000Z
1574764860000,210.94,210.94,210.4,210.42,31.90422,2019-11-26T10:41:00.000000Z
1574764920000,210.31,210.46,210.3,210.46,16.70982,2019-11-26T10:42:00.000000Z
1574764980000,210.35,210.39,210.06,210.36,27.86726,2019-11-26T10:43:00.000000Z
1574765040000,210.42,210.45,210.05,210.05,23.77982,2019-11-26T10:44:00.000000Z
1574765100000,210.05,210.41,210.05,210.34,41.2356,2019-11-26T10:45:00.000000Z
1574765160000,210.37,210.54,210.3,210.41,7.71697,2019-11-26T10:46:00.000000Z
1574765220000,210.44,210.61,210.33,210.54,24.70494,2019-11-26T10:47:00.000000Z
1574765280000,210.4,210.4,210.27,210.3,9.54396,2019-11-26T10:48:00.000000Z
1574765340000,210.38,210.43,209.25,209.33,915.84472,2019-11-26T10:49:00.000000Z
1574765400000,209.33,209.78,209.33,209.66,228.00803,2019-11-26T10:50:00.000000Z
1574765460000,209.66,209.66,209.47,209.47,7.6167,2019-11-26T10:51:00.000000Z
1574765520000,209.69,209.9,209.69,209.86,116.75593,2019-11-26T10:52:00.000000Z
1574765580000,209.82,210.17,209.82,210.17,211.251,2019-11-26T10:53:00.000000Z
1574765640000,209.99,210.21,209.99,210.21,17.92119,2019-11-26T10:54:00.000000Z
1574765700000,210.18,210.36,209.98,210.06,50.64124,2019-11-26T10:55:00.000000Z
1574765760000,209.86,209.86,209.75,209.75,10.68303,2019-11-26T10:56:00.000000Z
1574765820000,209.85,209.85,209.51,209.51,12.58657,2019-11-26T10:57:00.000000Z
1574765880000,209.51,209.67,209.4,209.67,13.49643,2019-11-26T10:58:00.000000Z
1574765940000,209.64,210.07,209.64,210.01,40.46556,2019-11-26T10:59:00.000000Z
1574766000000,209.68,209.68,209.52,209.54,15.80192,2019-11-26T11:00:00.000000Z
1574766060000,209.6,209.67,209.5,209.58,11.00627,2019-11-26T11:01:00.000000Z
1574766120000,209.5,209.52,209.41,209.42,15.87665,2019-11-26T11:02:00.000000Z
1574766180000,209.42,209.42,208.8,209.06,429.67269,2019-11-26T11:03:00.000000Z
1574766240000,209.06,209.18,209.06,209.11,32.85642,2019-11-26T11:04:00.000000Z
1574766300000,209.12,209.14,208.84,208.92,138.85963,2019-11-26T11:05:00.000000Z
1574766360000,208.99,208.99,208.27,208.76,202.1878,2019-11-26T11:06:00.000000Z
1574766420000,208.58,208.96,208.24,208.61,267.18525,2019-11-26T11:07:00.000000Z
1574766480000,208.61,208.69,208.15,208.66,337.04245,2019-11-26T11:08:00.000000Z
1574766540000,208.69,209.11,208.66,208.78,221.64826,2019-11-26T11:09:00.000000Z
1574766600000,208.68,208.94,208.46,208.91,135.20212,2019-11-26T11:10:00.000000Z
1574766660000,208.89,209.07,208.62,208.99,22.86584,2019-11-26T11:11:00.000000Z
1574766720000,208.9,208.92,208.57,208.8,83.5222,2019-11-26T11:12:00.000000Z
1574766780000,208.8,209.14,208.76,209.11,14.996,2019-11-26T11:13:00.000000Z
1574766840000,209.21,209.61,209.21,209.33,68.04155,2019-11-26T11:14:00.000000Z
1574766900000,209.42,209.43,209.0,209.13,11.71659,2019-11-26T11:15:00.000000Z
1574766960000,209.17,209.17,208.9,208.91,220.29049,2019-11-26T11:16:00.000000Z
1574767020000,208.91,209.03,208.6,208.84,190.49691,2019-11-26T11:17:00.000000Z
1574767080000,208.89,208.94,208.87,208.87,40.82761,2019-11-26T11:18:00.000000Z
1574767140000,208.85,208.85,208.51,208.72,45.87644,2019-11-26T11:19:00.000000Z
1574767200000,208.66,208.72,208.52,208.7,42.65712,2019-11-26T11:20:00.000000Z
1574767260000,208.61,208.63,208.06,208.25,290.41554,2019-11-26T11:21:00.000000Z
1574767320000,208.15,208.59,208.06,208.56,749.03281,2019-11-26T11:22:00.000000Z
1574767380000,208.47,208.56,208.41,208.52,105.50774,2019-11-26T11:23:00.000000Z
1574767440000,208.56,208.72,208.16,208.51,175.2026,2019-11-26T11:24:00.000000Z
1574767500000,208.66,208.94,208.64,208.91,23.29111,2019-11-26T11:25:00.000000Z
1574767560000,208.93,208.94,208.78,208.8,16.86609,2019-11-26T11:26:00.000000Z
1574767620000,208.73,208.74,208.64,208.66,56.1024,2019-11-26T11:27:00.000000Z
1574767680000,208.66,208.94,208.66,208.81,32.71548,2019-11-26T11:28:00.000000Z
1574767740000,208.82,209.2,208.78,208.84,33.38278,2019-11-26T11:29:00.000000Z
1574767800000,208.81,208.88,208.62,208.62,88.67453,2019-11-26T11:30:00.000000Z
1574767860000,208.56,208.74,208.22,208.34,463.52682,2019-11-26T11:31:00.000000Z
1574767920000,208.34,208.47,207.65,208.47,359.42709,2019-11-26T11:32:00.000000Z
1574767980000,208.24,208.24,207.81,208.22,210.1638,2019-11-26T11:33:00.000000Z
1574768040000,208.31,208.93,208.14,208.75,256.22919,2019-11-26T11:34:00.000000Z
1574768100000,208.65,208.93,208.34,208.93,64.515,2019-11-26T11:35:00.000000Z
1574768160000,208.95,209.34,208.61,208.72,650.10372,2019-11-26T11:36:00.000000Z
1574768220000,208.79,209.22,208.79,209.07,49.40045,2019-11-26T11:37:00.000000Z
1574768280000,209.1,209.43,209.07,209.18,113.78678,2019-11-26T11:38:00.000000Z
1574768340000,209.09,209.2,209.09,209.17,6.3906,2019-11-26T11:39:00.000000Z
1574768400000,209.04,209.1,208.82,209.05,78.09714,2019-11-26T11:40:00.000000Z
1574768460000,209.0,209.1,208.98,209.1,38.68325,2019-11-26T11:41:00.000000Z
1574768520000,209.18,209.5,209.18,209.43,63.226,2019-11-26T11:42:00.000000Z
1574768580000,209.42,209.5,209.07,209.07,18.26986,2019-11-26T11:43:00.000000Z
1574768640000,209.06,209.31,209.03,209.31,8.68587,2019-11-26T11:44:00.000000Z
1574768700000,209.22,209.22,209.0,209.01,22.37117,2019-11-26T11:45:00.000000Z
1574768760000,209.02,209.47,209.02,209.36,42.21306,2019-11-26T11:46:00.000000Z
1574768820000,209.34,209.4,209.26,209.33,36.27626,2019-11-26T11:47:00.000000Z
1574768880000,209.33,209.46,209.33,209.38,13.09969,2019-11-26T11:48:00.000000Z
1574768940000,209.46,209.81,209.46,209.74,59.98845,2019-11-26T11:49:00.000000Z
1574769000000,209.79,210.0,209.79,210.0,6.092,2019-11-26T11:50:00.000000Z
1574769060000,210.0,210.48,209.86,209.95,205.10858,2019-11-26T11:51:00.000000Z
1574769120000,209.88,209.88,209.68,209.77,88.63404,2019-11-26T11:52:00.000000Z
1574769180000,209.92,210.62,209.87,210.34,719.05395,2019-11-26T11:53:00.000000Z
1574769240000,210.23,210.78,210.17,210.21,155.49904,2019-11-26T11:54:00.000000Z
1574769300000,210.39,210.52,210.17,210.42,89.26995,2019-11-26T11:55:00.000000Z
1574769360000,210.51,211.21,210.51,210.95,70.8951,2019-11-26T11:56:00.000000Z
1574769420000,210.73,211.04,210.49,210.57,97.00739,2019-11-26T11:57:00.000000Z
1574769480000,210.31,210.78,210.21,210.57,43.98283,2019-11-26T11:58:00.000000Z
1574769540000,210.62,210.62,210.21,210.23,10.66639,2019-11-26T11:59:00.000000Z
1574769600000,210.31,210.61,210.31,210.57,7.28384,2019-11-26T12:00:00.000000Z
1574769660000,210.61,210.87,210.48,210.87,45.02546,2019-11-26T12:01:00.000000Z
1574769720000,210.86,211.34,210.86,211.34,97.15117,2019-11-26T12:02:00.000000Z
1574769780000,211.27,211.27,210.79,210.91,55.52545,2019-11-26T12:03:00.000000Z
1574769840000,210.87,210.87,210.67,210.67,118.75306,2019-11-26T12:04:00.000000Z
1574769900000,210.62,210.73,210.55,210.69,50.55142,2019-11-26T12:05:00.000000Z
1574769960000,210.73,210.82,210.56,210.56,120.71363,2019-11-26T12:06:00.000000Z
1574770020000,210.57,210.58,210.36,210.47,65.41373,2019-11-26T12:07:00.000000Z
1574770080000,210.67,210.67,210.43,210.43,23.59185,2019-11-26T12:08:00.000000Z
1574770140000,210.38,210.38,210.18,210.2,81.86082,2019-11-26T12:09:00.000000Z
1574770200000,210.18,210.18,210.0,210.05,119.99834,2019-11-26T12:10:00.000000Z
1574770260000,210.02,210.17,209.92,210.17,55.86608,2019-11-26T12:11:00.000000Z
1574770320000,210.21,210.21,210.07,210.08,3.67972,2019-11-26T12:12:00.000000Z
1574770380000,210.0,210.08,209.98,210.08,6.23999,2019-11-26T12:13:00.000000Z
1574770440000,210.18,210.7,210.18,210.44,217.33761,2019-11-26T12:14:00.000000Z
1574770500000,210.49,210.53,210.46,210.53,2.42429,2019-11-26T12:15:00.000000Z
1574770560000,210.37,210.37,210.19,210.29,10.21499,2019-11-26T12:16:00.000000Z
1574770620000,210.31,210.31,210.06,210.17,20.06471,2019-11-26T12:17:00.000000Z
1574770680000,210.21,210.24,209.86,209.87,80.28626,2019-11-26T12:18:00.000000Z
1574770740000,209.98,209.98,209.98,209.98,0.89,2019-11-26T12:19:00.000000Z
1574770800000,209.98,209.98,209.98,209.98,0.0,2019-11-26T12:20:00.000000Z
1574770860000,209.9,209.92,209.75,209.75,25.70194,2019-11-26T12:21:00.000000Z
1574770920000,209.8,209.83,209.47,209.56,71.20727,2019-11-26T12:22:00.000000Z
1574770980000,209.67,209.98,209.67,209.98,10.79463,2019-11-26T12:23:00.000000Z
1574771040000,209.97,209.97,209.71,209.71,5.20862,2019-11-26T12:24:00.000000Z
1574771100000,209.8,209.8,209.8,209.8,1.177,2019-11-26T12:25:00.000000Z
1574771160000,209.58,209.86,209.58,209.86,14.00566,2019-11-26T12:26:00.000000Z
1574771220000,209.97,210.04,209.88,210.03,51.90137,2019-11-26T12:27:00.000000Z
1574771280000,210.18,210.18,209.98,209.98,0.38068,2019-11-26T12:28:00.000000Z
1574771340000,210.21,210.35,210.13,210.15,29.9934,2019-11-26T12:29:00.000000Z
1574771400000,210.21,210.42,210.21,210.33,21.61598,2019-11-26T12:30:00.000000Z
1574771460000,210.58,210.59,210.3,210.36,32.66099,2019-11-26T12:31:00.000000Z
1574771520000,210.3,210.49,210.25,210.27,23.55004,2019-11-26T12:32:00.000000Z
1574771580000,210.27,210.27,209.89,210.07,107.36306,2019-11-26T12:33:00.000000Z
1574771640000,210.07,210.07,209.77,209.77,6.62777,2019-11-26T12:34:00.000000Z
1574771700000,209.75,210.02,209.73,210.02,150.85323,2019-11-26T12:35:00.000000Z
1574771760000,209.87,210.19,209.87,210.03,24.52113,2019-11-26T12:36:00.000000Z
1574771820000,210.03,210.03,209.99,209.99,1.14349,2019-11-26T12:37:00.000000Z
1574771880000,209.99,209.99,209.86,209.86,3.10175,2019-11-26T12:38:00.000000Z
1574771940000,209.86,210.01,209.86,210.01,0.56414,2019-11-26T12:39:00.000000Z
1574772000000,210.08,210.13,210.08,210.13,1.03089,2019-11-26T12:40:00.000000Z
1574772060000,210.13,210.55,210.13,210.5,59.19323,2019-11-26T12:41:00.000000Z
1574772120000,210.5,210.5,210.0,210.02,48.83801,2019-11-26T12:42:00.000000Z
1574772180000,210.17,210.17,210.17,210.17,1.032,2019-11-26T12:43:00.000000Z
1574772240000,210.31,210.39,210.31,210.33,47.28698,2019-11-26T12:44:00.000000Z
1574772300000,210.2,210.44,210.2,210.44,10.57589,2019-11-26T12:45:00.000000Z
1574772360000,210.53,210.62,210.53,210.61,0.93693,2019-11-26T12:46:00.000000Z
1574772420000,210.48,210.5,210.3,210.45,16.3837,2019-11-26T12:47:00.000000Z
1574772480000,210.45,210.5,210.32,210.5,26.06326,2019-11-26T12:48:00.000000Z
1574772540000,210.45,210.45,210.31,210.31,8.28039,2019-11-26T12:49:00.000000Z
1574772600000,210.37,210.42,210.18,210.18,11.10819,2019-11-26T12:50:00.000000Z
1574772660000,210.18,210.18,209.84,210.0,77.17912,2019-11-26T12:51:00.000000Z
1574772720000,210.05,210.44,210.03,210.3,41.00896,2019-11-26T12:52:00.000000Z
1574772780000,210.35,210.35,209.9,209.99,34.35373,2019-11-26T12:53:00.000000Z
1574772840000,210.09,210.31,210.02,210.02,36.76255,2019-11-26T12:54:00.000000Z
1574772900000,209.89,210.01,209.63,209.64,89.96807,2019-11-26T12:55:00.000000Z
1574772960000,209.67,209.82,209.64,209.7,114.0014,2019-11-26T12:56:00.000000Z
1574773020000,209.7,210.03,209.58,209.8,59.72776,2019-11-26T12:57:00.000000Z
1574773080000,209.86,209.86,209.78,209.78,16.74136,2019-11-26T12:58:00.000000Z
1574773140000,209.85,209.94,209.85,209.92,5.4715,2019-11-26T12:59:00.000000Z
1574773200000,209.94,209.94,209.53,209.6,89.0643,2019-11-26T13:00:00.000000Z
1574773260000,209.5,209.5,209.13,209.33,173.42171,2019-11-26T13:01:00.000000Z
1574773320000,209.31,209.32,209.09,209.31,40.34258,2019-11-26T13:02:00.000000Z
1574773380000,209.49,209.65,209.32,209.41,25.0745,2019-11-26T13:03:00.000000Z
1574773440000,209.31,209.31,209.24,209.3,13.93054,2019-11-26T13:04:00.000000Z
1574773500000,209.2,209.7,209.2,209.57,36.20957,2019-11-26T13:05:00.000000Z
1574773560000,209.61,209.66,209.48,209.56,30.49338,2019-11-26T13:06:00.000000Z
1574773620000,209.52,209.52,209.52,209.52,0.19125,2019-11-26T13:07:00.000000Z
1574773680000,209.52,209.68,209.49,209.68,28.06094,2019-11-26T13:08:00.000000Z
1574773740000,209.51,209.54,209.51,209.54,3.9374,2019-11-26T13:09:00.000000Z
1574773800000,209.53,209.53,209.33,209.36,2.55516,2019-11-26T13:10:00.000000Z
1574773860000,209.39,209.57,209.1,209.24,64.27941,2019-11-26T13:11:00.000000Z
1574773920000,209.16,209.16,208.87,208.95,108.32771,2019-11-26T13:12:00.000000Z
1574773980000,209.14,209.27,208.87,208.87,16.30155,2019-11-26T13:13:00.000000Z
1574774040000,208.88,208.96,208.62,208.73,83.30136,2019-11-26T13:14:00.000000Z
1574774100000,208.64,209.2,208.5,209.2,226.22939,2019-11-26T13:15:00.000000Z
1574774160000,208.93,209.36,208.93,209.25,28.36668,2019-11-26T13:16:00.000000Z
1574774220000,209.0,209.2,208.91,209.05,18.60914,2019-11-26T13:17:00.000000Z
1574774280000,209.04,209.17,209.01,209.01,13.58509,2019-11-26T13:18:00.000000Z
1574774340000,209.0,209.0,208.62,208.81,204.43135,2019-11-26T13:19:00.000000Z
1574774400000,208.57,208.91,208.49,208.91,23.08712,2019-11-26T13:20:00.000000Z
1574774460000,209.01,209.01,208.59,208.62,18.54565,2019-11-26T13:21:00.000000Z
1574774520000,208.57,208.82,208.57,208.8,17.75924,2019-11-26T13:22:00.000000Z
1574774580000,208.79,208.98,208.79,208.81,35.45091,2019-11-26T13:23:00.000000Z
1574774640000,208.79,208.91,208.52,208.91,253.29445,2019-11-26T13:24:00.000000Z
1574774700000,208.92,209.05,208.92,208.96,8.73506,2019-11-26T13:25:00.000000Z
1574774760000,208.87,209.05,208.87,209.05,6.98082,2019-11-26T13:26:00.000000Z
1574774820000,209.05,209.27,209.05,209.27,1.10379,2019-11-26T13:27:00.000000Z
1574774880000,209.23,209.26,208.87,208.87,9.99943,2019-11-26T13:28:00.000000Z
1574774940000,208.91,208.97,208.86,208.86,7.33055,2019-11-26T13:29:00.000000Z
1574775000000,208.7,208.87,208.7,208.87,5.74316,2019-11-26T13:30:00.000000Z
1574775060000,209.02,209.15,209.02,209.15,1.34757,2019-11-26T13:31:00.000000Z
1574775120000,209.08,209.26,209.08,209.26,12.54611,2019-11-26T13:32:00.000000Z
1574775180000,209.28,209.41,209.12,209.33,29.23856,2019-11-26T13:33:00.000000Z
1574775240000,209.31,209.31,209.31,209.31,4.26978,2019-11-26T13:34:00.000000Z
1574775300000,209.25,209.27,209.15,209.15,7.31931,2019-11-26T13:35:00.000000Z
1574775360000,209.26,209.26,209.26,209.26,1.0,2019-11-26T13:36:00.000000Z
1574775420000,209.09,209.09,208.75,208.9,36.81092,2019-11-26T13:37:00.000000Z
1574775480000,208.9,208.9,208.63,208.64,4.81808,2019-11-26T13:38:00.000000Z
1574775540000,208.65,208.65,208.47,208.65,12.42957,2019-11-26T13:39:00.000000Z
1574775600000,208.65,208.65,208.65,208.65,0.0,2019-11-26T13:40:00.000000Z
1574775660000,208.56,208.56,208.14,208.14,19.19467,2019-11-26T13:41:00.000000Z
1574775720000,208.15,208.16,207.76,208.09,574.2657,2019-11-26T13:42:00.000000Z
1574775780000,208.0,208.4,208.0,208.19,42.20818,2019-11-26T13:43:00.000000Z
1574775840000,208.14,208.2,207.58,207.58,95.29173,2019-11-26T13:44:00.000000Z
1574775900000,207.69,208.21,207.57,207.83,262.66073,2019-11-26T13:45:00.000000Z
1574775960000,208.04,208.06,207.71,207.92,97.03851,2019-11-26T13:46:00.000000Z
1574776020000,207.87,207.9,207.84,207.89,15.8954,2019-11-26T13:47:00.000000Z
1574776080000,207.89,208.01,207.62,207.63,175.61365,2019-11-26T13:48:00.000000Z
1574776140000,207.71,207.77,207.48,207.63,138.61271,2019-11-26T13:49:00.000000Z
1574776200000,207.93,208.39,207.81,208.29,221.977,2019-11-26T13:50:00.000000Z
1574776260000,208.26,208.26,207.94,208.11,82.43035,2019-11-26T13:51:00.000000Z
1574776320000,207.99,208.12,207.76,208.12,109.72384,2019-11-26T13:52:00.000000Z
1574776380000,208.17,208.54,208.17,208.39,129.49859,2019-11-26T13:53:00.000000Z
1574776440000,208.4,208.59,208.22,208.57,122.62989,2019-11-26T13:54:00.000000Z
1574776500000,208.63,208.8,208.61,208.63,43.9251,2019-11-26T13:55:00.000000Z
1574776560000,208.52,208.52,208.28,208.34,13.41588,2019-11-26T13:56:00.000000Z
1574776620000,208.46,208.57,208.46,208.53,5.432,2019-11-26T13:57:00.000000Z
1574776680000,208.38,208.43,208.38,208.43,5.89894,2019-11-26T13:58:00.000000Z
1574776740000,208.21,208.21,208.21,208.21,1.15044,2019-11-26T13:59:00.000000Z
1574776800000,208.2,208.23,207.67,207.9,110.7308,2019-11-26T14:00:00.000000Z
1574776860000,208.0,208.12,207.52,208.05,81.26806,2019-11-26T14:01:00.000000Z
1574776920000,208.04,208.18,207.87,207.87,49.96797,2019-11-26T14:02:00.000000Z
1574776980000,207.89,208.3,207.89,208.18,59.45941,2019-11-26T14:03:00.000000Z
1574777040000,208.35,209.33,208.26,209.23,350.03448,2019-11-26T14:04:00.000000Z
1574777100000,209.14,209.61,209.05,209.43,197.64105,2019-11-26T14:05:00.000000Z
1574777160000,209.32,209.75,209.32,209.75,56.93127,2019-11-26T14:06:00.000000Z
1574777220000,209.71,209.71,209.36,209.39,100.43964,2019-11-26T14:07:00.000000Z
1574777280000,209.41,209.46,209.34,209.45,3.49273,2019-11-26T14:08:00.000000Z
1574777340000,209.42,209.52,209.37,209.51,219.38753,2019-11-26T14:09:00.000000Z
1574777400000,209.42,209.42,209.18,209.18,152.71498,2019-11-26T14:10:00.000000Z
1574777460000,209.16,209.22,209.06,209.15,42.6104,2019-11-26T14:11:00.000000Z
1574777520000,209.2,209.63,209.2,209.58,83.58177,2019-11-26T14:12:00.000000Z
1574777580000,209.64,209.9,209.49,209.57,302.4382,2019-11-26T14:13:00.000000Z
1574777640000,209.52,209.62,209.38,209.51,38.51295,2019-11-26T14:14:00.000000Z
1574777700000,209.5,209.86,209.43,209.79,100.91195,2019-11-26T14:15:00.000000Z
1574777760000,209.84,209.86,209.61,209.67,10.35321,2019-11-26T14:16:00.000000Z
1574777820000,209.66,209.92,209.66,209.85,13.82353,2019-11-26T14:17:00.000000Z
1574777880000,209.88,210.26,209.61,210.2,88.38093,2019-11-26T14:18:00.000000Z
1574777940000,210.33,210.52,209.96,210.13,131.63231,2019-11-26T14:19:00.000000Z
1574778000000,210.04,210.21,210.0,210.21,169.27021,2019-11-26T14:20:00.000000Z
1574778060000,209.95,210.21,209.95,209.96,67.34815,2019-11-26T14:21:00.000000Z
1574778120000,209.96,210.09,209.96,210.0,47.84304,2019-11-26T14:22:00.000000Z
1574778180000,209.99,210.0,209.65,209.65,40.06487,2019-11-26T14:23:00.000000Z
1574778240000,209.67,209.72,209.5,209.54,33.88871,2019-11-26T14:24:00.000000Z
1574778300000,209.56,209.86,209.35,209.43,35.87482,2019-11-26T14:25:00.000000Z
1574778360000,209.46,209.99,209.46,209.86,127.31567,2019-11-26T14:26:00.000000Z
1574778420000,209.99,210.3,209.89,210.3,96.8048,2019-11-26T14:27:00.000000Z
1574778480000,210.22,210.4,210.0,210.31,177.01142,2019-11-26T14:28:00.000000Z
1574778540000,210.36,210.62,210.22,210.51,49.89912,2019-11-26T14:29:00.000000Z
1574778600000,210.49,210.51,210.13,210.24,121.18912,2019-11-26T14:30:00.000000Z
1574778660000,210.19,210.26,210.15,210.18,14.08541,2019-11-26T14:31:00.000000Z
1574778720000,210.24,210.4,210.24,210.38,21.16625,2019-11-26T14:32:00.000000Z
1574778780000,210.32,210.32,210.07,210.07,106.56637,2019-11-26T14:33:00.000000Z
1574778840000,209.94,209.94,209.88,209.94,14.52813,2019-11-26T14:34:00.000000Z
1574778900000,210.0,210.0,209.69,209.69,38.15858,2019-11-26T14:35:00.000000Z
1574778960000,209.72,209.72,209.28,209.29,82.5355,2019-11-26T14:36:00.000000Z
1574779020000,209.23,209.33,209.23,209.33,47.28302,2019-11-26T14:37:00.000000Z
1574779080000,209.33,209.33,209.07,209.33,27.07129,2019-11-26T14:38:00.000000Z
1574779140000,209.29,209.54,209.29,209.54,64.35045,2019-11-26T14:39:00.000000Z
1574779200000,209.58,209.7,209.58,209.7,35.80225,2019-11-26T14:40:00.000000Z
1574779260000,209.54,209.54,209.51,209.51,3.02253,2019-11-26T14:41:00.000000Z
1574779320000,209.65,209.65,209.65,209.65,1.005,2019-11-26T14:42:00.000000Z
1574779380000,209.5,209.5,209.39,209.39,11.52049,2019-11-26T14:43:00.000000Z
1574779440000,209.38,209.38,209.33,209.33,3.62249,2019-11-26T14:44:00.000000Z
1574779500000,209.28,209.28,209.27,209.27,4.20321,2019-11-26T14:45:00.000000Z
1574779560000,209.31,209.4,209.31,209.4,10.30209,2019-11-26T14:46:00.000000Z
1574779620000,209.51,209.85,209.51,209.85,188.91322,2019-11-26T14:47:00.000000Z
1574779680000,209.85,210.18,209.85,210.07,26.81869,2019-11-26T14:48:00.000000Z
1574779740000,210.07,210.08,209.61,209.67,46.20067,2019-11-26T14:49:00.000000Z
1574779800000,209.63,209.79,209.51,209.68,55.78819,2019-11-26T14:50:00.000000Z
1574779860000,209.65,209.81,209.64,209.64,20.28967,2019-11-26T14:51:00.000000Z
1574779920000,209.62,209.71,209.62,209.63,18.29108,2019-11-26T14:52:00.000000Z
1574779980000,209.65,209.65,209.5,209.5,18.1652,2019-11-26T14:53:00.000000Z
1574780040000,209.5,209.53,209.32,209.39,26.58381,2019-11-26T14:54:00.000000Z
1574780100000,209.55,209.55,209.25,209.25,43.59322,2019-11-26T14:55:00.000000Z
1574780160000,209.21,209.21,209.01,209.02,22.65456,2019-11-26T14:56:00.000000Z
1574780220000,209.1,209.2,209.08,209.15,87.11991,2019-11-26T14:57:00.000000Z
1574780280000,209.1,209.1,209.04,209.05,30.9474,2019-11-26T14:58:00.000000Z
1574780340000,209.05,209.05,208.79,208.9,11.29945,2019-11-26T14:59:00.000000Z
1574780400000,208.91,209.44,208.89,209.44,36.9961,2019-11-26T15:00:00.000000Z
1574780460000,209.44,209.44,209.18,209.42,32.41348,2019-11-26T15:01:00.000000Z
1574780520000,209.49,209.75,209.49,209.7,24.168,2019-11-26T15:02:00.000000Z
1574780580000,209.73,209.73,209.6,209.64,10.62422,2019-11-26T15:03:00.000000Z
1574780640000,209.56,209.73,209.56,209.64,16.83995,2019-11-26T15:04:00.000000Z
1574780700000,209.64,209.72,209.64,209.72,6.384,2019-11-26T15:05:00.000000Z
1574780760000,209.78,209.78,209.78,209.78,0.19099,2019-11-26T15:06:00.000000Z
1574780820000,209.67,209.67,209.53,209.61,12.29862,2019-11-26T15:07:00.000000Z
1574780880000,209.69,209.75,209.53,209.53,9.43008,2019-11-26T15:08:00.000000Z
1574780940000,209.45,209.51,209.45,209.51,7.30707,2019-11-26T15:09:00.000000Z
1574781000000,209.45,209.51,209.42,209.51,42.6101,2019-11-26T15:10:00.000000Z
1574781060000,209.58,209.58,209.37,209.4,30.50047,2019-11-26T15:11:00.000000Z
1574781120000,209.35,209.36,209.2,209.2,1.67603,2019-11-26T15:12:00.000000Z
1574781180000,209.17,209.26,209.17,209.24,60.47103,2019-11-26T15:13:00.000000Z
1574781240000,209.1,209.1,209.0,209.07,35.56,2019-11-26T15:14:00.000000Z
1574781300000,209.0,209.0,208.75,208.75,37.6208,2019-11-26T15:15:00.000000Z
1574781360000,208.61,208.63,208.42,208.49,39.17829,2019-11-26T15:16:00.000000Z
1574781420000,208.41,208.76,208.38,208.64,52.52654,2019-11-26T15:17:00.000000Z
1574781480000,208.69,209.07,208.69,209.07,63.66235,2019-11-26T15:18:00.000000Z
1574781540000,209.11,209.19,208.8,208.88,93.81941,2019-11-26T15:19:00.000000Z
1574781600000,208.88,209.05,208.88,209.05,10.1235,2019-11-26T15:20:00.000000Z
1574781660000,209.22,209.22,208.79,208.82,43.7847,2019-11-26T15:21:00.000000Z
1574781720000,208.86,208.95,208.85,208.95,8.29819,2019-11-26T15:22:00.000000Z
1574781780000,209.09,209.24,209.09,209.24,6.22199,2019-11-26T15:23:00.000000Z
1574781840000,209.23,209.46,209.23,209.39,65.39693,2019-11-26T15:24:00.000000Z
1574781900000,209.53,209.53,208.95,209.18,223.44731,2019-11-26T15:25:00.000000Z
1574781960000,209.14,209.21,209.14,209.21,53.05168,2019-11-26T15:26:00.000000Z
1574782020000,209.04,209.04,208.72,208.72,44.11238,2019-11-26T15:27:00.000000Z
1574782080000,208.62,208.84,208.62,208.84,14.47194,2019-11-26T15:28:00.000000Z
1574782140000,208.81,208.9,208.77,208.9,17.51173,2019-11-26T15:29:00.000000Z
1574782200000,208.9,208.98,208.72,208.72,39.1261,2019-11-26T15:30:00.000000Z
1574782260000,208.7,208.7,208.58,208.58,9.00765,2019-11-26T15:31:00.000000Z
1574782320000,208.57,208.74,208.57,208.74,18.04369,2019-11-26T15:32:00.000000Z
1574782380000,208.55,208.67,208.55,208.63,15.80112,2019-11-26T15:33:00.000000Z
1574782440000,208.79,208.96,208.79,208.81,8.12749,2019-11-26T15:34:00.000000Z
1574782500000,208.91,208.99,208.8,208.93,43.0938,2019-11-26T15:35:00.000000Z
1574782560000,208.96,208.96,208.94,208.94,14.55486,2019-11-26T15:36:00.000000Z
1574782620000,208.95,209.0,208.89,209.0,42.68899,2019-11-26T15:37:00.000000Z
1574782680000,209.01,209.01,209.01,209.01,0.813,2019-11-26T15:38:00.000000Z
1574782740000,209.07,209.1,209.07,209.1,30.41188,2019-11-26T15:39:00.000000Z
1574782800000,209.16,209.33,209.16,209.28,10.45221,2019-11-26T15:40:00.000000Z
1574782860000,209.3,209.42,209.3,209.35,84.77129,2019-11-26T15:41:00.000000Z
1574782920000,209.37,209.63,209.37,209.6,76.16545,2019-11-26T15:42:00.000000Z
1574782980000,209.68,209.91,209.64,209.86,84.89912,2019-11-26T15:43:00.000000Z
1574783040000,209.98,210.4,209.98,210.23,185.4451,2019-11-26T15:44:00.000000Z
1574783100000,210.3,210.75,210.13,210.72,206.09118,2019-11-26T15:45:00.000000Z
1574783160000,210.71,210.85,210.4,210.4,494.52865,2019-11-26T15:46:00.000000Z
1574783220000,210.25,210.36,209.81,209.81,137.45799,2019-11-26T15:47:00.000000Z
1574783280000,209.88,210.08,209.82,209.82,44.98134,2019-11-26T15:48:00.000000Z
1574783340000,209.8,209.8,209.68,209.7,14.5982,2019-11-26T15:49:00.000000Z
1574783400000,209.79,210.01,209.79,209.96,28.20641,2019-11-26T15:50:00.000000Z
1574783460000,210.08,210.18,210.08,210.18,15.02816,2019-11-26T15:51:00.000000Z
1574783520000,210.14,210.26,210.04,210.19,80.56537,2019-11-26T15:52:00.000000Z
1574783580000,210.09,210.17,209.95,210.17,45.91048,2019-11-26T15:53:00.000000Z
1574783640000,210.16,210.5,210.09,210.5,28.76922,2019-11-26T15:54:00.000000Z
1574783700000,210.53,210.53,210.34,210.36,101.41455,2019-11-26T15:55:00.000000Z
1574783760000,210.44,210.62,210.44,210.58,200.27754,2019-11-26T15:56:00.000000Z
1574783820000,210.51,210.73,210.51,210.73,13.59569,2019-11-26T15:57:00.000000Z
1574783880000,210.73,211.48,210.73,211.48,327.27935,2019-11-26T15:58:00.000000Z
1574783940000,211.55,211.82,210.91,211.01,234.43411,2019-11-26T15:59:00.000000Z
1574784000000,210.94,211.6,210.94,211.43,59.88081,2019-11-26T16:00:00.000000Z
1574784060000,211.33,211.34,211.15,211.34,28.4394,2019-11-26T16:01:00.000000Z
1574784120000,211.3,211.3,210.82,210.82,29.67064,2019-11-26T16:02:00.000000Z
1574784180000,210.82,210.83,210.39,210.73,115.37591,2019-11-26T16:03:00.000000Z
1574784240000,210.78,211.33,210.78,211.33,61.69761,2019-11-26T16:04:00.000000Z
1574784300000,211.2,211.42,211.17,211.35,47.5235,2019-11-26T16:05:00.000000Z
1574784360000,211.5,211.56,211.46,211.46,5.50823,2019-11-26T16:06:00.000000Z
1574784420000,211.39,211.39,210.95,211.39,566.5375,2019-11-26T16:07:00.000000Z
1574784480000,211.35,211.35,210.66,210.88,86.56148,2019-11-26T16:08:00.000000Z
1574784540000,210.68,210.81,210.63,210.81,14.9984,2019-11-26T16:09:00.000000Z
1574784600000,210.83,211.05,210.79,210.82,235.48727,2019-11-26T16:10:00.000000Z
1574784660000,210.98,211.31,210.93,211.2,153.7522,2019-11-26T16:11:00.000000Z
1574784720000,211.23,211.36,211.07,211.07,36.48896,2019-11-26T16:12:00.000000Z
1574784780000,210.94,211.17,210.81,211.02,50.54957,2019-11-26T16:13:00.000000Z
1574784840000,210.93,211.0,210.9,210.91,11.39244,2019-11-26T16:14:00.000000Z
1574784900000,211.07,211.42,211.07,211.39,89.70639,2019-11-26T16:15:00.000000Z
1574784960000,211.38,211.44,211.25,211.35,48.46152,2019-11-26T16:16:00.000000Z
1574785020000,211.37,211.39,210.88,211.01,84.87148,2019-11-26T16:17:00.000000Z
1574785080000,210.95,211.22,210.71,210.71,35.31377,2019-11-26T16:18:00.000000Z
1574785140000,210.7,210.8,210.7,210.8,1.19009,2019-11-26T16:19:00.000000Z
1574785200000,210.82,210.82,210.82,210.82,1.87828,2019-11-26T16:20:00.000000Z
1574785260000,210.62,210.62,210.4,210.54,14.53292,2019-11-26T16:21:00.000000Z
1574785320000,210.6,210.6,210.44,210.45,2.51648,2019-11-26T16:22:00.000000Z
1574785380000,210.37,210.41,210.19,210.19,53.53501,2019-11-26T16:23:00.000000Z
1574785440000,210.3,210.38,210.3,210.38,4.51254,2019-11-26T16:24:00.000000Z
1574785500000,210.38,210.38,210.38,210.38,0.0,2019-11-26T16:25:00.000000Z
1574785560000,210.17,210.38,210.17,210.38,63.8609,2019-11-26T16:26:00.000000Z
1574785620000,210.41,210.73,210.41,210.68,90.29437,2019-11-26T16:27:00.000000Z
1574785680000,210.68,210.68,210.65,210.65,24.41309,2019-11-26T16:28:00.000000Z
1574785740000,210.73,210.77,210.72,210.77,13.62796,2019-11-26T16:29:00.000000Z
1574785800000,210.74,210.83,210.74,210.83,0.42243,2019-11-26T16:30:00.000000Z
1574785860000,210.99,210.99,210.99,210.99,6.33677,2019-11-26T16:31:00.000000Z
1574785920000,211.0,211.0,210.85,210.85,4.9265,2019-11-26T16:32:00.000000Z
1574785980000,210.84,210.85,210.84,210.84,4.27818,2019-11-26T16:33:00.000000Z
1574786040000,210.76,210.81,210.71,210.8,65.96836,2019-11-26T16:34:00.000000Z
1574786100000,210.7,210.7,210.7,210.7,9.50435,2019-11-26T16:35:00.000000Z
1574786160000,210.6,210.6,210.48,210.54,21.67125,2019-11-26T16:36:00.000000Z
1574786220000,210.6,210.67,210.53,210.67,12.39233,2019-11-26T16:37:00.000000Z
1574786280000,210.67,210.67,210.48,210.48,3.01555,2019-11-26T16:38:00.000000Z
1574786340000,210.52,210.52,210.52,210.52,0.1902,2019-11-26T16:39:00.000000Z
1574786400000,210.37,210.37,210.35,210.35,2.0207,2019-11-26T16:40:00.000000Z
1574786460000,210.31,210.31,210.0,210.1,65.46866,2019-11-26T16:41:00.000000Z
1574786520000,209.99,209.99,209.85,209.89,14.1429,2019-11-26T16:42:00.000000Z
1574786580000,209.87,209.87,209.87,209.87,0.19059,2019-11-26T16:43:00.000000Z
1574786640000,209.7,209.94,209.67,209.88,22.58486,2019-11-26T16:44:00.000000Z
1574786700000,210.05,210.05,209.92,209.92,0.53724,2019-11-26T16:45:00.000000Z
1574786760000,209.88,209.88,209.88,209.88,14.36483,2019-11-26T16:46:00.000000Z
1574786820000,209.9,209.93,209.83,209.89,64.71638,2019-11-26T16:47:00.000000Z
1574786880000,210.09,210.09,210.09,210.09,2.8,2019-11-26T16:48:00.000000Z
1574786940000,209.97,209.97,209.97,209.97,1.10067,2019-11-26T16:49:00.000000Z
1574787000000,209.84,209.94,209.84,209.91,11.98264,2019-11-26T16:50:00.000000Z
1574787060000,209.79,209.89,209.79,209.88,4.4932,2019-11-26T16:51:00.000000Z
1574787120000,209.88,210.02,209.88,210.02,12.31339,2019-11-26T16:52:00.000000Z
1574787180000,210.25,210.54,210.25,210.37,18.33452,2019-11-26T16:53:00.000000Z
1574787240000,210.24,210.24,210.23,210.24,9.5761,2019-11-26T16:54:00.000000Z
1574787300000,210.34,210.34,210.34,210.34,1.23821,2019-11-26T16:55:00.000000Z
1574787360000,210.5,210.51,210.5,210.5,11.72128,2019-11-26T16:56:00.000000Z
1574787420000,210.4,210.51,210.4,210.51,4.98091,2019-11-26T16:57:00.000000Z
1574787480000,210.62,210.98,210.62,210.9,76.5986,2019-11-26T16:58:00.000000Z
1574787540000,210.98,211.34,210.96,211.14,127.11402,2019-11-26T16:59:00.000000Z
1574787600000,211.14,211.25,211.0,211.0,46.84417,2019-11-26T17:00:00.000000Z
1574787660000,210.98,210.98,210.73,210.73,42.85429,2019-11-26T17:01:00.000000Z
1574787720000,210.88,210.88,210.73,210.73,26.74435,2019-11-26T17:02:00.000000Z
1574787780000,210.71,210.71,210.32,210.32,48.83161,2019-11-26T17:03:00.000000Z
1574787840000,210.31,210.36,209.74,210.31,147.69084,2019-11-26T17:04:00.000000Z
1574787900000,210.2,210.2,209.81,209.81,48.42916,2019-11-26T17:05:00.000000Z
1574787960000,209.85,210.28,209.85,209.98,38.80547,2019-11-26T17:06:00.000000Z
1574788020000,209.98,209.98,209.98,209.98,0.0,2019-11-26T17:07:00.000000Z
1574788080000,209.98,210.14,209.98,210.13,32.65537,2019-11-26T17:08:00.000000Z
1574788140000,210.0,210.04,209.88,209.88,504.98991,2019-11-26T17:09:00.000000Z
1574788200000,209.76,209.76,209.51,209.51,159.68763,2019-11-26T17:10:00.000000Z
1574788260000,209.51,209.57,209.36,209.57,58.40447,2019-11-26T17:11:00.000000Z
1574788320000,209.56,209.77,209.45,209.66,54.72872,2019-11-26T17:12:00.000000Z
1574788380000,209.55,209.69,209.55,209.63,2.76022,2019-11-26T17:13:00.000000Z
1574788440000,209.62,209.62,209.57,209.57,3.12425,2019-11-26T17:14:00.000000Z
1574788500000,209.53,209.54,209.53,209.54,5.05458,2019-11-26T17:15:00.000000Z
1574788560000,209.29,209.33,209.02,209.33,62.45624,2019-11-26T17:16:00.000000Z
1574788620000,209.49,209.57,209.49,209.51,33.70819,2019-11-26T17:17:00.000000Z
1574788680000,209.5,209.68,209.31,209.68,36.11013,2019-11-26T17:18:00.000000Z
1574788740000,209.68,209.7,209.64,209.64,5.96079,2019-11-26T17:19:00.000000Z
1574788800000,209.5,209.5,209.37,209.45,13.57122,2019-11-26T17:20:00.000000Z
1574788860000,209.26,209.26,209.17,209.26,8.56576,2019-11-26T17:21:00.000000Z
1574788920000,209.33,209.35,209.32,209.35,1.87425,2019-11-26T17:22:00.000000Z
1574788980000,209.34,209.34,209.34,209.34,0.66455,2019-11-26T17:23:00.000000Z
1574789040000,209.49,209.57,209.39,209.39,7.14775,2019-11-26T17:24:00.000000Z
1574789100000,209.43,209.7,209.42,209.7,10.55146,2019-11-26T17:25:00.000000Z
1574789160000,209.78,210.14,209.78,210.05,48.64957,2019-11-26T17:26:00.000000Z
1574789220000,209.95,209.95,209.85,209.92,11.17583,2019-11-26T17:27:00.000000Z
1574789280000,210.05,210.08,210.05,210.08,10.0,2019-11-26T17:28:00.000000Z
1574789340000,210.05,210.06,209.9,209.9,8.22141,2019-11-26T17:29:00.000000Z
1574789400000,209.92,209.97,209.73,209.73,33.6783,2019-11-26T17:30:00.000000Z
1574789460000,209.73,209.73,209.51,209.51,2.80929,2019-11-26T17:31:00.000000Z
1574789520000,209.52,209.64,209.52,209.64,13.48358,2019-11-26T17:32:00.000000Z
1574789580000,209.7,210.08,209.7,210.06,83.68184,2019-11-26T17:33:00.000000Z
1574789640000,210.07,210.1,210.07,210.1,3.649,2019-11-26T17:34:00.000000Z
1574789700000,210.14,210.25,210.14,210.25,26.88905,2019-11-26T17:35:00.000000Z
1574789760000,210.25,210.25,209.82,209.82,27.94135,2019-11-26T17:36:00.000000Z
1574789820000,209.85,210.19,209.83,210.19,20.30542,2019-11-26T17:37:00.000000Z
1574789880000,210.01,210.01,210.01,210.01,0.56281,2019-11-26T17:38:00.000000Z
1574789940000,210.01,210.01,210.01,210.01,0.0,2019-11-26T17:39:00.000000Z
1574790000000,209.87,210.25,209.87,210.05,59.2113,2019-11-26T17:40:00.000000Z
1574790060000,209.92,209.92,209.92,209.92,7.9,2019-11-26T17:41:00.000000Z
1574790120000,210.12,210.12,210.06,210.07,3.17278,2019-11-26T17:42:00.000000Z
1574790180000,209.98,210.04,209.98,210.04,2.38102,2019-11-26T17:43:00.000000Z
1574790240000,210.04,210.13,210.01,210.01,2.80726,2019-11-26T17:44:00.000000Z
1574790300000,210.09,210.19,210.0,210.0,7.99662,2019-11-26T17:45:00.000000Z
1574790360000,210.05,210.16,209.98,210.15,13.06996,2019-11-26T17:46:00.000000Z
1574790420000,210.14,210.14,209.94,209.94,53.45398,2019-11-26T17:47:00.000000Z
1574790480000,209.92,209.94,209.85,209.92,9.1257,2019-11-26T17:48:00.000000Z
1574790540000,209.85,209.85,209.72,209.82,32.86455,2019-11-26T17:49:00.000000Z
1574790600000,209.73,209.73,209.7,209.7,18.34246,2019-11-26T17:50:00.000000Z
1574790660000,209.9,209.9,209.9,209.9,0.19083,2019-11-26T17:51:00.000000Z
1574790720000,209.9,209.93,209.88,209.88,13.9884,2019-11-26T17:52:00.000000Z
1574790780000,209.95,210.05,209.95,210.05,10.32214,2019-11-26T17:53:00.000000Z
1574790840000,210.05,210.06,209.97,210.06,29.47125,2019-11-26T17:54:00.000000Z
1574790900000,210.11,210.2,210.11,210.11,11.23453,2019-11-26T17:55:00.000000Z
1574790960000,210.25,210.33,210.2,210.2,3.51247,2019-11-26T17:56:00.000000Z
1574791020000,210.17,210.17,210.11,210.14,10.65513,2019-11-26T17:57:00.000000Z
1574791080000,210.18,210.18,210.1,210.1,8.90602,2019-11-26T17:58:00.000000Z
1574791140000,210.08,210.14,210.07,210.14,5.60949,2019-11-26T17:59:00.000000Z
1574791200000,210.12,210.38,210.12,210.17,65.07243,2019-11-26T18:00:00.000000Z
1574791260000,210.18,210.18,210.13,210.14,5.05809,2019-11-26T18:01:00.000000Z
1574791320000,210.36,210.36,210.13,210.13,4.34933,2019-11-26T18:02:00.000000Z
1574791380000,210.25,210.33,210.25,210.27,5.08587,2019-11-26T18:03:00.000000Z
1574791440000,210.24,210.25,210.17,210.25,1.63983,2019-11-26T18:04:00.000000Z
1574791500000,210.25,210.25,210.25,210.25,0.0,2019-11-26T18:05:00.000000Z
1574791560000,210.08,210.11,209.96,210.08,22.0813,2019-11-26T18:06:00.000000Z
1574791620000,210.11,210.13,209.92,209.92,19.00739,2019-11-26T18:07:00.000000Z
1574791680000,209.89,209.91,209.76,209.76,12.2817,2019-11-26T18:08:00.000000Z
1574791740000,209.75,209.84,209.67,209.77,23.99264,2019-11-26T18:09:00.000000Z
1574791800000,209.73,209.73,209.17,209.27,133.73131,2019-11-26T18:10:00.000000Z
1574791860000,209.56,209.56,209.56,209.56,2.67676,2019-11-26T18:11:00.000000Z
1574791920000,209.29,209.35,209.03,209.21,74.4255,2019-11-26T18:12:00.000000Z
1574791980000,209.42,209.62,209.42,209.56,102.71188,2019-11-26T18:13:00.000000Z
1574792040000,209.56,209.69,209.55,209.69,4.85524,2019-11-26T18:14:00.000000Z
1574792100000,209.6,209.72,209.6,209.72,4.19087,2019-11-26T18:15:00.000000Z
1574792160000,209.83,209.98,209.83,209.98,8.28765,2019-11-26T18:16:00.000000Z
1574792220000,209.87,209.87,209.87,209.87,0.925,2019-11-26T18:17:00.000000Z
1574792280000,209.77,209.87,209.77,209.85,1.05009,2019-11-26T18:18:00.000000Z
1574792340000,209.85,209.85,209.85,209.85,0.0,2019-11-26T18:19:00.000000Z
1574792400000,209.89,209.89,209.89,209.89,0.6288,2019-11-26T18:20:00.000000Z
1574792460000,209.99,210.06,209.99,210.06,0.22645,2019-11-26T18:21:00.000000Z
1574792520000,210.32,210.34,209.86,209.86,36.87383,2019-11-26T18:22:00.000000Z
1574792580000,210.06,210.41,210.06,210.33,86.63412,2019-11-26T18:23:00.000000Z
1574792640000,210.33,210.33,210.33,210.33,0.0,2019-11-26T18:24:00.000000Z
1574792700000,210.42,210.43,210.42,210.43,1.13026,2019-11-26T18:25:00.000000Z
1574792760000,210.44,210.47,210.44,210.47,1.19288,2019-11-26T18:26:00.000000Z
1574792820000,210.48,210.48,210.3,210.32,1.4899,2019-11-26T18:27:00.000000Z
1574792880000,210.23,210.32,210.08,210.16,31.9849,2019-11-26T18:28:00.000000Z
1574792940000,210.24,210.24,210.24,210.24,4.0,2019-11-26T18:29:00.000000Z
1574793000000,210.24,210.24,210.24,210.24,0.0,2019-11-26T18:30:00.000000Z
1574793060000,210.24,210.24,210.24,210.24,0.0,2019-11-26T18:31:00.000000Z
1574793120000,210.24,210.24,210.24,210.24,0.0,2019-11-26T18:32:00.000000Z
1574793180000,210.35,210.49,210.35,210.49,10.21142,2019-11-26T18:33:00.000000Z
1574793240000,210.5,210.55,210.5,210.55,5.03421,2019-11-26T18:34:00.000000Z
1574793300000,210.49,210.55,210.43,210.43,11.26242,2019-11-26T18:35:00.000000Z
1574793360000,210.56,210.56,210.56,210.56,0.19009,2019-11-26T18:36:00.000000Z
1574793420000,210.5,210.5,210.36,210.36,11.08726,2019-11-26T18:37:00.000000Z
1574793480000,210.31,210.31,210.3,210.3,2.16392,2019-11-26T18:38:00.000000Z
1574793540000,210.31,210.31,210.31,210.31,1.19183,2019-11-26T18:39:00.000000Z
1574793600000,210.24,210.24,209.99,209.99,7.01593,2019-11-26T18:40:00.000000Z
1574793660000,210.14,210.14,209.85,209.86,8.38221,2019-11-26T18:41:00.000000Z
1574793720000,210.02,210.02,210.01,210.01,6.51686,2019-11-26T18:42:00.000000Z
1574793780000,210.08,210.08,209.8,209.8,0.76405,2019-11-26T18:43:00.000000Z
1574793840000,209.8,209.8,209.6,209.6,9.33574,2019-11-26T18:44:00.000000Z
1574793900000,209.67,210.17,209.67,210.17,30.96964,2019-11-26T18:45:00.000000Z
1574793960000,210.24,210.34,210.24,210.25,16.1504,2019-11-26T18:46:00.000000Z
1574794020000,210.29,210.35,210.29,210.35,0.4201,2019-11-26T18:47:00.000000Z
1574794080000,210.47,210.5,210.31,210.31,16.77053,2019-11-26T18:48:00.000000Z
1574794140000,210.36,210.38,210.36,210.36,8.52362,2019-11-26T18:49:00.000000Z
1574794200000,210.43,210.43,210.43,210.43,0.12782,2019-11-26T18:50:00.000000Z
1574794260000,210.27,210.29,210.27,210.29,10.89993,2019-11-26T18:51:00.000000Z
1574794320000,210.29,210.29,210.29,210.29,0.0,2019-11-26T18:52:00.000000Z
1574794380000,210.27,210.27,210.08,210.08,1.51924,2019-11-26T18:53:00.000000Z
1574794440000,210.08,210.08,210.08,210.08,0.0,2019-11-26T18:54:00.000000Z
1574794500000,210.08,210.08,210.08,210.08,0.0,2019-11-26T18:55:00.000000Z
1574794560000,210.27,210.27,210.21,210.21,4.06543,2019-11-26T18:56:00.000000Z
1574794620000,210.38,210.48,210.36,210.36,4.05763,2019-11-26T18:57:00.000000Z
1574794680000,210.52,210.57,210.36,210.36,113.79341,2019-11-26T18:58:00.000000Z
1574794740000,210.27,210.33,210.27,210.33,8.89823,2019-11-26T18:59:00.000000Z
1574794800000,210.37,210.41,210.29,210.41,1.27635,2019-11-26T19:00:00.000000Z
1574794860000,210.41,210.41,210.41,210.41,0.0,2019-11-26T19:01:00.000000Z
1574794920000,210.41,210.45,210.36,210.45,28.78755,2019-11-26T19:02:00.000000Z
1574794980000,210.4,210.43,210.39,210.39,3.38016,2019-11-26T19:03:00.000000Z
1574795040000,210.34,210.42,210.34,210.36,6.28051,2019-11-26T19:04:00.000000Z
1574795100000,210.38,210.38,210.38,210.38,2.76014,2019-11-26T19:05:00.000000Z
1574795160000,210.38,210.38,210.38,210.38,0.37976,2019-11-26T19:06:00.000000Z
1574795220000,210.38,210.38,210.3,210.3,3.80722,2019-11-26T19:07:00.000000Z
1574795280000,210.3,210.3,210.3,210.3,0.98867,2019-11-26T19:08:00.000000Z
1574795340000,210.3,210.34,210.2,210.2,3.53911,2019-11-26T19:09:00.000000Z
1574795400000,210.2,210.2,210.14,210.16,1.31513,2019-11-26T19:10:00.000000Z
1574795460000,210.04,210.04,209.98,209.98,1.99685,2019-11-26T19:11:00.000000Z
1574795520000,209.95,209.95,209.89,209.89,1.25335,2019-11-26T19:12:00.000000Z
1574795580000,209.87,210.16,209.87,210.03,15.36023,2019-11-26T19:13:00.000000Z
1574795640000,210.03,210.03,210.03,210.03,0.0,2019-11-26T19:14:00.000000Z
1574795700000,210.08,210.24,210.08,210.23,20.74148,2019-11-26T19:15:00.000000Z
1574795760000,210.21,210.21,210.12,210.12,0.38064,2019-11-26T19:16:00.000000Z
1574795820000,210.14,210.14,210.14,210.14,1.32358,2019-11-26T19:17:00.000000Z
1574795880000,210.24,210.24,210.21,210.21,7.70918,2019-11-26T19:18:00.000000Z
1574795940000,210.28,210.28,210.28,210.28,0.76673,2019-11-26T19:19:00.000000Z
1574796000000,210.47,210.8,210.47,210.8,217.28327,2019-11-26T19:20:00.000000Z
1574796060000,210.72,210.75,210.48,210.57,38.47396,2019-11-26T19:21:00.000000Z
1574796120000,210.59,210.59,210.59,210.59,0.60261,2019-11-26T19:22:00.000000Z
1574796180000,210.59,210.59,210.59,210.59,0.55565,2019-11-26T19:23:00.000000Z
1574796240000,210.6,210.76,210.59,210.7,7.2124,2019-11-26T19:24:00.000000Z
1574796300000,210.7,210.75,210.68,210.68,4.13591,2019-11-26T19:25:00.000000Z
1574796360000,210.62,210.62,210.59,210.59,9.06563,2019-11-26T19:26:00.000000Z
1574796420000,210.63,210.65,210.55,210.55,19.08827,2019-11-26T19:27:00.000000Z
1574796480000,210.55,210.55,210.27,210.27,7.84356,2019-11-26T19:28:00.000000Z
1574796540000,210.27,210.33,210.27,210.33,8.03697,2019-11-26T19:29:00.000000Z
1574796600000,210.19,210.3,210.19,210.3,1.30368,2019-11-26T19:30:00.000000Z
1574796660000,210.29,210.29,210.29,210.29,1.0,2019-11-26T19:31:00.000000Z
1574796720000,210.3,210.38,210.24,210.24,16.19744,2019-11-26T19:32:00.000000Z
1574796780000,210.24,210.24,210.24,210.24,0.0,2019-11-26T19:33:00.000000Z
1574796840000,210.41,210.49,210.41,210.49,65.81426,2019-11-26T19:34:00.000000Z
1574796900000,210.61,210.86,210.61,210.76,10.39788,2019-11-26T19:35:00.000000Z
1574796960000,210.89,211.2,210.74,211.05,97.59896,2019-11-26T19:36:00.000000Z
1574797020000,211.07,211.09,210.08,210.42,387.15385,2019-11-26T19:37:00.000000Z
1574797080000,210.43,210.5,210.33,210.41,31.47267,2019-11-26T19:38:00.000000Z
1574797140000,210.54,210.59,210.25,210.34,36.61979,2019-11-26T19:39:00.000000Z
1574797200000,210.23,210.23,210.22,210.22,1.97693,2019-11-26T19:40:00.000000Z
1574797260000,210.14,210.26,209.97,210.17,69.27551,2019-11-26T19:41:00.000000Z
1574797320000,210.31,210.37,210.31,210.37,58.01856,2019-11-26T19:42:00.000000Z
1574797380000,210.21,210.21,210.21,210.21,3.905,2019-11-26T19:43:00.000000Z
1574797440000,210.15,210.15,210.15,210.15,0.71604,2019-11-26T19:44:00.000000Z
1574797500000,210.14,210.27,210.13,210.27,8.43492,2019-11-26T19:45:00.000000Z
1574797560000,210.27,210.27,210.27,210.27,0.0,2019-11-26T19:46:00.000000Z
1574797620000,210.27,210.27,210.27,210.27,0.89937,2019-11-26T19:47:00.000000Z
1574797680000,210.1,210.16,210.08,210.08,7.75706,2019-11-26T19:48:00.000000Z
1574797740000,210.08,210.08,210.0,210.01,22.96269,2019-11-26T19:49:00.000000Z
1574797800000,210.01,210.01,210.01,210.01,0.0,2019-11-26T19:50:00.000000Z
1574797860000,210.01,210.01,210.01,210.01,0.0,2019-11-26T19:51:00.000000Z
1574797920000,210.31,210.41,210.31,210.41,5.96962,2019-11-26T19:52:00.000000Z
1574797980000,210.41,210.41,210.31,210.31,11.41,2019-11-26T19:53:00.000000Z
1574798040000,210.18,210.29,210.18,210.28,7.93544,2019-11-26T19:54:00.000000Z
1574798100000,210.28,210.28,210.28,210.28,0.0,2019-11-26T19:55:00.000000Z
1574798160000,210.1,210.16,209.92,210.16,8.83635,2019-11-26T19:56:00.000000Z
1574798220000,210.0,210.14,210.0,210.14,6.78693,2019-11-26T19:57:00.000000Z
1574798280000,210.08,210.08,210.08,210.08,0.05285,2019-11-26T19:58:00.000000Z
1574798340000,210.08,210.08,210.08,210.08,0.0,2019-11-26T19:59:00.000000Z
1574798400000,210.0,210.18,209.91,210.18,22.25244,2019-11-26T20:00:00.000000Z
1574798460000,210.17,210.19,209.95,210.19,13.96682,2019-11-26T20:01:00.000000Z
1574798520000,210.28,210.28,210.28,210.28,1.86141,2019-11-26T20:02:00.000000Z
1574798580000,210.28,210.28,210.28,210.28,0.08349,2019-11-26T20:03:00.000000Z
1574798640000,210.28,210.28,210.28,210.28,0.0,2019-11-26T20:04:00.000000Z
1574798700000,210.28,210.37,210.24,210.37,12.1988,2019-11-26T20:05:00.000000Z
1574798760000,210.39,210.39,210.37,210.37,7.48348,2019-11-26T20:06:00.000000Z
1574798820000,210.47,210.47,210.34,210.34,5.65099,2019-11-26T20:07:00.000000Z
1574798880000,210.34,210.34,210.34,210.34,0.0,2019-11-26T20:08:00.000000Z
1574798940000,210.34,210.34,210.34,210.34,0.0,2019-11-26T20:09:00.000000Z
1574799000000,210.38,210.41,210.36,210.38,11.9674,2019-11-26T20:10:00.000000Z
1574799060000,210.46,210.46,210.46,210.46,0.19028,2019-11-26T20:11:00.000000Z
1574799120000,210.47,210.56,210.45,210.45,11.98869,2019-11-26T20:12:00.000000Z
1574799180000,210.44,210.44,210.44,210.44,0.1489,2019-11-26T20:13:00.000000Z
1574799240000,210.43,210.43,210.35,210.35,10.15128,2019-11-26T20:14:00.000000Z
1574799300000,210.35,210.35,210.35,210.35,0.0,2019-11-26T20:15:00.000000Z
1574799360000,210.41,210.41,210.41,210.41,0.20919,2019-11-26T20:16:00.000000Z
1574799420000,210.35,210.35,210.35,210.35,0.05229,2019-11-26T20:17:00.000000Z
1574799480000,210.35,210.35,210.33,210.33,13.59768,2019-11-26T20:18:00.000000Z
1574799540000,210.23,210.33,210.23,210.33,3.29338,2019-11-26T20:19:00.000000Z
1574799600000,210.41,210.46,210.37,210.46,12.59831,2019-11-26T20:20:00.000000Z
1574799660000,210.62,210.62,210.45,210.45,57.31195,2019-11-26T20:21:00.000000Z
1574799720000,210.52,210.53,210.46,210.47,55.32411,2019-11-26T20:22:00.000000Z
1574799780000,210.47,210.47,210.47,210.47,0.0,2019-11-26T20:23:00.000000Z
1574799840000,210.52,210.62,210.47,210.48,41.06213,2019-11-26T20:24:00.000000Z
1574799900000,210.58,210.62,210.31,210.4,96.94533,2019-11-26T20:25:00.000000Z
1574799960000,210.37,210.39,210.29,210.29,10.01037,2019-11-26T20:26:00.000000Z
1574800020000,210.3,210.47,210.3,210.47,7.75134,2019-11-26T20:27:00.000000Z
1574800080000,210.38,210.46,210.38,210.46,5.907,2019-11-26T20:28:00.000000Z
1574800140000,210.46,210.46,210.33,210.33,5.79943,2019-11-26T20:29:00.000000Z
1574800200000,210.28,210.35,210.15,210.35,6.38584,2019-11-26T20:30:00.000000Z
1574800260000,210.23,210.32,210.18,210.32,11.27294,2019-11-26T20:31:00.000000Z
1574800320000,210.26,210.28,210.14,210.28,3.55229,2019-11-26T20:32:00.000000Z
1574800380000,210.14,210.14,210.14,210.14,28.16914,2019-11-26T20:33:00.000000Z
1574800440000,210.1,210.22,210.09,210.09,9.00934,2019-11-26T20:34:00.000000Z
1574800500000,210.08,210.24,210.07,210.24,32.70467,2019-11-26T20:35:00.000000Z
1574800560000,210.31,210.45,210.26,210.44,97.15706,2019-11-26T20:36:00.000000Z
1574800620000,210.5,210.5,210.5,210.5,4.0,2019-11-26T20:37:00.000000Z
1574800680000,210.48,210.5,210.48,210.5,1.17094,2019-11-26T20:38:00.000000Z
1574800740000,210.61,210.66,210.61,210.66,5.77754,2019-11-26T20:39:00.000000Z
1574800800000,210.62,210.62,210.49,210.51,14.42866,2019-11-26T20:40:00.000000Z
1574800860000,210.61,210.62,210.59,210.62,2.83286,2019-11-26T20:41:00.000000Z
1574800920000,210.62,210.62,210.62,210.62,0.0,2019-11-26T20:42:00.000000Z
1574800980000,210.62,210.62,210.62,210.62,0.0,2019-11-26T20:43:00.000000Z
1574801040000,210.53,210.55,210.53,210.55,1.127,2019-11-26T20:44:00.000000Z
1574801100000,210.62,210.62,210.62,210.62,2.65023,2019-11-26T20:45:00.000000Z
1574801160000,210.65,210.65,210.65,210.65,0.162,2019-11-26T20:46:00.000000Z
1574801220000,210.71,210.97,210.62,210.91,164.26903,2019-11-26T20:47:00.000000Z
1574801280000,210.91,210.97,210.88,210.88,2.27198,2019-11-26T20:48:00.000000Z
1574801340000,211.06,211.27,211.01,211.04,22.18289,2019-11-26T20:49:00.000000Z
1574801400000,211.23,211.23,211.22,211.22,0.379,2019-11-26T20:50:00.000000Z
1574801460000,211.28,211.31,211.05,211.08,28.58591,2019-11-26T20:51:00.000000Z
1574801520000,211.08,211.19,211.08,211.19,1.11439,2019-11-26T20:52:00.000000Z
1574801580000,211.15,211.32,211.15,211.18,2.37725,2019-11-26T20:53:00.000000Z
1574801640000,211.33,211.4,211.2,211.26,38.72271,2019-11-26T20:54:00.000000Z
1574801700000,211.33,211.42,211.22,211.22,13.40892,2019-11-26T20:55:00.000000Z
1574801760000,211.14,211.28,211.14,211.28,0.53831,2019-11-26T20:56:00.000000Z
1574801820000,211.31,211.31,211.31,211.31,2.039,2019-11-26T20:57:00.000000Z
1574801880000,211.19,211.27,211.19,211.27,2.31206,2019-11-26T20:58:00.000000Z
1574801940000,211.27,211.27,211.27,211.27,0.0,2019-11-26T20:59:00.000000Z
1574802000000,211.45,211.51,211.39,211.39,11.97767,2019-11-26T21:00:00.000000Z
1574802060000,211.5,211.68,211.42,211.5,26.1234,2019-11-26T21:01:00.000000Z
1574802120000,211.58,211.89,211.58,211.86,61.42315,2019-11-26T21:02:00.000000Z
1574802180000,211.89,212.08,211.77,211.83,113.29586,2019-11-26T21:03:00.000000Z
1574802240000,211.99,212.0,211.51,211.51,174.85781,2019-11-26T21:04:00.000000Z
1574802300000,211.52,211.61,211.52,211.59,8.99296,2019-11-26T21:05:00.000000Z
1574802360000,211.55,211.71,211.55,211.67,11.53862,2019-11-26T21:06:00.000000Z
1574802420000,211.82,212.46,211.82,212.02,238.78622,2019-11-26T21:07:00.000000Z
1574802480000,212.18,212.19,211.76,211.96,37.35395,2019-11-26T21:08:00.000000Z
1574802540000,211.83,211.83,211.83,211.83,0.5,2019-11-26T21:09:00.000000Z
1574802600000,211.87,211.9,211.51,211.74,140.76854,2019-11-26T21:10:00.000000Z
1574802660000,211.86,212.08,211.86,212.05,15.47828,2019-11-26T21:11:00.000000Z
1574802720000,212.18,212.3,212.01,212.3,7.17158,2019-11-26T21:12:00.000000Z
1574802780000,212.4,213.0,212.4,212.45,797.35039,2019-11-26T21:13:00.000000Z
1574802840000,212.51,212.79,212.25,212.61,117.8226,2019-11-26T21:14:00.000000Z
1574802900000,212.67,213.27,212.67,212.9,309.6456,2019-11-26T21:15:00.000000Z
1574802960000,212.8,212.8,212.18,212.2,252.02423,2019-11-26T21:16:00.000000Z
1574803020000,212.14,212.42,212.14,212.15,28.05924,2019-11-26T21:17:00.000000Z
1574803080000,212.04,212.26,212.0,212.2,21.00887,2019-11-26T21:18:00.000000Z
1574803140000,212.14,212.3,212.14,212.3,9.13012,2019-11-26T21:19:00.000000Z
1574803200000,212.54,212.64,212.52,212.52,5.23536,2019-11-26T21:20:00.000000Z
1574803260000,212.78,212.78,212.3,212.3,14.64493,2019-11-26T21:21:00.000000Z
1574803320000,212.27,212.51,212.27,212.51,11.86285,2019-11-26T21:22:00.000000Z
1574803380000,212.61,212.81,212.61,212.71,21.30447,2019-11-26T21:23:00.000000Z
1574803440000,212.69,212.69,212.47,212.47,0.83221,2019-11-26T21:24:00.000000Z
1574803500000,212.46,212.7,212.46,212.6,22.31962,2019-11-26T21:25:00.000000Z
1574803560000,212.71,212.75,212.61,212.62,33.40047,2019-11-26T21:26:00.000000Z
1574803620000,212.61,212.61,212.61,212.61,2.4998,2019-11-26T21:27:00.000000Z
1574803680000,212.61,212.61,212.6,212.61,4.33777,2019-11-26T21:28:00.000000Z
1574803740000,212.51,212.53,212.25,212.28,51.57485,2019-11-26T21:29:00.000000Z
1574803800000,212.32,212.32,212.26,212.26,0.40274,2019-11-26T21:30:00.000000Z
1574803860000,212.35,212.35,212.35,212.35,0.52073,2019-11-26T21:31:00.000000Z
1574803920000,212.36,212.37,212.36,212.37,9.23322,2019-11-26T21:32:00.000000Z
1574803980000,212.32,212.37,212.11,212.11,50.38435,2019-11-26T21:33:00.000000Z
1574804040000,212.18,212.18,212.07,212.07,0.24386,2019-11-26T21:34:00.000000Z
1574804100000,212.07,212.07,212.03,212.03,0.52169,2019-11-26T21:35:00.000000Z
1574804160000,212.07,212.08,212.07,212.08,4.75462,2019-11-26T21:36:00.000000Z
1574804220000,212.07,212.11,212.0,212.0,14.62484,2019-11-26T21:37:00.000000Z
1574804280000,212.0,212.0,211.43,211.71,189.28459,2019-11-26T21:38:00.000000Z
1574804340000,211.66,211.78,211.58,211.58,7.94189,2019-11-26T21:39:00.000000Z
1574804400000,211.52,211.52,211.31,211.31,8.32239,2019-11-26T21:40:00.000000Z
1574804460000,211.27,211.27,211.03,211.17,51.66936,2019-11-26T21:41:00.000000Z
1574804520000,211.0,211.07,210.94,210.94,9.95362,2019-11-26T21:42:00.000000Z
1574804580000,210.94,211.08,210.8,211.08,8.14292,2019-11-26T21:43:00.000000Z
1574804640000,211.08,211.08,211.08,211.08,0.0,2019-11-26T21:44:00.000000Z
1574804700000,211.08,211.08,211.08,211.08,0.14293,2019-11-26T21:45:00.000000Z
1574804760000,211.09,211.17,211.09,211.17,2.86056,2019-11-26T21:46:00.000000Z
1574804820000,211.17,211.17,211.17,211.17,0.0,2019-11-26T21:47:00.000000Z
1574804880000,211.27,211.36,211.27,211.36,5.37628,2019-11-26T21:48:00.000000Z
1574804940000,211.45,211.55,211.45,211.53,4.46059,2019-11-26T21:49:00.000000Z
1574805000000,211.58,211.58,211.42,211.42,0.58909,2019-11-26T21:50:00.000000Z
1574805060000,211.37,211.37,211.26,211.27,7.48397,2019-11-26T21:51:00.000000Z
1574805120000,211.23,211.23,211.13,211.18,20.84546,2019-11-26T21:52:00.000000Z
1574805180000,211.21,211.21,211.21,211.21,8.51652,2019-11-26T21:53:00.000000Z
1574805240000,211.23,211.23,211.18,211.18,8.65691,2019-11-26T21:54:00.000000Z
1574805300000,211.3,211.3,211.3,211.3,0.1892,2019-11-26T21:55:00.000000Z
1574805360000,211.3,211.44,211.3,211.44,8.79467,2019-11-26T21:56:00.000000Z
1574805420000,211.43,211.43,211.43,211.43,1.174,2019-11-26T21:57:00.000000Z
1574805480000,211.35,211.35,211.3,211.3,0.35022,2019-11-26T21:58:00.000000Z
1574805540000,211.3,211.3,211.3,211.3,0.41203,2019-11-26T21:59:00.000000Z
1574805600000,211.35,211.35,211.2,211.2,18.17556,2019-11-26T22:00:00.000000Z
1574805660000,211.04,211.04,210.74,210.88,34.32846,2019-11-26T22:01:00.000000Z
1574805720000,210.73,210.94,210.65,210.84,7.56235,2019-11-26T22:02:00.000000Z
1574805780000,210.84,211.03,210.84,210.85,2.68351,2019-11-26T22:03:00.000000Z
1574805840000,210.86,210.98,210.86,210.98,12.6998,2019-11-26T22:04:00.000000Z
1574805900000,210.85,210.85,210.85,210.85,0.02239,2019-11-26T22:05:00.000000Z
1574805960000,210.85,210.85,210.85,210.85,0.0,2019-11-26T22:06:00.000000Z
1574806020000,210.97,210.97,210.97,210.97,3.67995,2019-11-26T22:07:00.000000Z
1574806080000,211.01,211.13,211.01,211.05,19.4759,2019-11-26T22:08:00.000000Z
1574806140000,211.05,211.05,211.05,211.05,0.0,2019-11-26T22:09:00.000000Z
1574806200000,211.05,211.05,211.05,211.05,0.0,2019-11-26T22:10:00.000000Z
1574806260000,211.05,211.05,211.05,211.05,0.0,2019-11-26T22:11:00.000000Z
1574806320000,211.34,211.39,211.34,211.39,7.66392,2019-11-26T22:12:00.000000Z
1574806380000,211.4,211.42,211.4,211.42,3.06475,2019-11-26T22:13:00.000000Z
1574806440000,211.53,211.56,211.53,211.56,4.90869,2019-11-26T22:14:00.000000Z
1574806500000,211.62,211.62,211.53,211.53,13.07963,2019-11-26T22:15:00.000000Z
1574806560000,211.39,211.39,211.31,211.31,0.48651,2019-11-26T22:16:00.000000Z
1574806620000,211.46,211.46,211.46,211.46,0.06883,2019-11-26T22:17:00.000000Z
1574806680000,211.36,211.36,211.25,211.25,7.35753,2019-11-26T22:18:00.000000Z
1574806740000,211.39,211.39,211.39,211.39,0.1486,2019-11-26T22:19:00.000000Z
1574806800000,211.38,211.39,211.38,211.39,8.68564,2019-11-26T22:20:00.000000Z
1574806860000,211.56,211.56,211.56,211.56,10.96,2019-11-26T22:21:00.000000Z
1574806920000,211.56,211.56,211.56,211.56,0.0,2019-11-26T22:22:00.000000Z
1574806980000,211.81,211.83,211.81,211.83,0.40705,2019-11-26T22:23:00.000000Z
1574807040000,211.65,211.65,211.65,211.65,0.07359,2019-11-26T22:24:00.000000Z
1574807100000,211.65,211.75,211.65,211.75,2.68434,2019-11-26T22:25:00.000000Z
1574807160000,211.75,211.75,211.65,211.65,2.93373,2019-11-26T22:26:00.000000Z
1574807220000,211.87,211.87,211.75,211.75,0.1156,2019-11-26T22:27:00.000000Z
1574807280000,211.75,211.75,211.54,211.54,20.54421,2019-11-26T22:28:00.000000Z
1574807340000,211.55,211.74,211.48,211.5,55.33122,2019-11-26T22:29:00.000000Z
1574807400000,211.62,211.62,211.62,211.62,0.11717,2019-11-26T22:30:00.000000Z
1574807460000,211.62,211.62,211.62,211.62,0.0,2019-11-26T22:31:00.000000Z
1574807520000,211.71,211.74,211.69,211.69,24.15915,2019-11-26T22:32:00.000000Z
1574807580000,211.74,211.78,211.67,211.67,6.285,2019-11-26T22:33:00.000000Z
1574807640000,211.67,211.67,211.67,211.67,0.0,2019-11-26T22:34:00.000000Z
1574807700000,211.94,212.1,211.87,212.1,15.69991,2019-11-26T22:35:00.000000Z
1574807760000,212.1,212.1,212.1,212.1,0.0,2019-11-26T22:36:00.000000Z
1574807820000,211.97,212.13,211.97,212.13,17.49485,2019-11-26T22:37:00.000000Z
1574807880000,212.14,212.14,212.14,212.14,0.06,2019-11-26T22:38:00.000000Z
1574807940000,212.23,212.44,212.23,212.33,4.09265,2019-11-26T22:39:00.000000Z
1574808000000,212.48,212.5,212.33,212.33,1.58957,2019-11-26T22:40:00.000000Z
1574808060000,212.46,212.5,212.46,212.5,2.81532,2019-11-26T22:41:00.000000Z
1574808120000,212.38,212.47,212.38,212.39,16.84996,2019-11-26T22:42:00.000000Z
1574808180000,212.39,212.39,212.17,212.17,147.78496,2019-11-26T22:43:00.000000Z
1574808240000,212.2,212.2,212.2,212.2,5.02979,2019-11-26T22:44:00.000000Z
1574808300000,212.2,212.33,212.2,212.33,25.43,2019-11-26T22:45:00.000000Z
1574808360000,212.32,212.32,212.17,212.17,2.37305,2019-11-26T22:46:00.000000Z
1574808420000,212.2,212.2,212.2,212.2,0.05184,2019-11-26T22:47:00.000000Z
1574808480000,212.14,212.14,212.14,212.14,1.60271,2019-11-26T22:48:00.000000Z
1574808540000,212.31,212.31,212.31,212.31,0.18817,2019-11-26T22:49:00.000000Z
1574808600000,212.31,212.31,212.31,212.31,0.0,2019-11-26T22:50:00.000000Z
1574808660000,212.18,212.18,212.18,212.18,0.23034,2019-11-26T22:51:00.000000Z
1574808720000,212.29,212.31,212.15,212.15,10.72941,2019-11-26T22:52:00.000000Z
1574808780000,212.15,212.27,211.98,211.98,55.78631,2019-11-26T22:53:00.000000Z
1574808840000,211.97,211.97,211.97,211.97,0.18858,2019-11-26T22:54:00.000000Z
1574808900000,212.16,212.3,212.16,212.3,15.86682,2019-11-26T22:55:00.000000Z
1574808960000,212.17,212.17,212.17,212.17,1.2227,2019-11-26T22:56:00.000000Z
1574809020000,212.23,212.38,212.23,212.38,1.855,2019-11-26T22:57:00.000000Z
1574809080000,212.37,212.38,212.37,212.38,7.29268,2019-11-26T22:58:00.000000Z
1574809140000,212.17,212.17,212.09,212.09,2.96841,2019-11-26T22:59:00.000000Z
1574809200000,212.15,212.15,212.11,212.11,2.53122,2019-11-26T23:00:00.000000Z
1574809260000,212.2,212.55,212.2,212.39,110.15079,2019-11-26T23:01:00.000000Z
1574809320000,212.48,212.55,212.42,212.42,2.18242,2019-11-26T23:02:00.000000Z
1574809380000,212.47,212.47,212.42,212.42,1.252,2019-11-26T23:03:00.000000Z
1574809440000,212.54,212.54,212.43,212.43,3.175,2019-11-26T23:04:00.000000Z
1574809500000,212.45,212.45,212.45,212.45,0.5957,2019-11-26T23:05:00.000000Z
1574809560000,212.55,212.73,212.55,212.64,10.34697,2019-11-26T23:06:00.000000Z
1574809620000,212.75,212.9,212.74,212.74,11.83419,2019-11-26T23:07:00.000000Z
1574809680000,212.93,212.98,212.93,212.98,15.0,2019-11-26T23:08:00.000000Z
1574809740000,212.72,212.72,212.6,212.69,8.03542,2019-11-26T23:09:00.000000Z
1574809800000,212.73,212.74,212.35,212.42,98.757,2019-11-26T23:10:00.000000Z
1574809860000,212.34,212.6,212.22,212.45,48.98055,2019-11-26T23:11:00.000000Z
1574809920000,212.52,212.52,212.42,212.42,0.23999,2019-11-26T23:12:00.000000Z
1574809980000,212.23,212.36,212.04,212.36,35.75607,2019-11-26T23:13:00.000000Z
1574810040000,212.09,212.2,212.08,212.08,12.60691,2019-11-26T23:14:00.000000Z
1574810100000,212.15,212.15,211.87,211.87,54.18118,2019-11-26T23:15:00.000000Z
1574810160000,211.97,212.04,211.97,212.04,9.35041,2019-11-26T23:16:00.000000Z
1574810220000,211.8,211.8,211.8,211.8,5.6562,2019-11-26T23:17:00.000000Z
1574810280000,211.8,211.8,211.6,211.62,16.55948,2019-11-26T23:18:00.000000Z
1574810340000,211.67,211.67,211.49,211.49,36.42322,2019-11-26T23:19:00.000000Z
1574810400000,211.49,211.57,211.37,211.55,35.52273,2019-11-26T23:20:00.000000Z
1574810460000,211.55,211.55,211.55,211.55,0.0,2019-11-26T23:21:00.000000Z
1574810520000,211.8,211.99,211.63,211.99,18.2317,2019-11-26T23:22:00.000000Z
1574810580000,211.88,212.0,211.88,212.0,4.037,2019-11-26T23:23:00.000000Z
1574810640000,211.99,212.0,211.93,212.0,4.15159,2019-11-26T23:24:00.000000Z
1574810700000,212.0,212.0,212.0,212.0,2.07926,2019-11-26T23:25:00.000000Z
1574810760000,212.08,212.08,211.92,211.97,29.18163,2019-11-26T23:26:00.000000Z
1574810820000,212.11,212.14,212.03,212.07,14.19324,2019-11-26T23:27:00.000000Z
1574810880000,212.17,212.24,212.02,212.24,7.55694,2019-11-26T23:28:00.000000Z
1574810940000,212.35,212.36,212.35,212.36,7.50766,2019-11-26T23:29:00.000000Z
1574811000000,212.43,212.78,212.38,212.52,97.48002,2019-11-26T23:30:00.000000Z
1574811060000,212.67,212.75,212.33,212.35,12.59887,2019-11-26T23:31:00.000000Z
1574811120000,212.29,212.31,212.14,212.24,22.19035,2019-11-26T23:32:00.000000Z
1574811180000,212.01,212.01,212.01,212.01,2.02335,2019-11-26T23:33:00.000000Z
1574811240000,211.95,211.95,211.64,211.68,37.85522,2019-11-26T23:34:00.000000Z
1574811300000,211.8,211.8,211.8,211.8,2.97701,2019-11-26T23:35:00.000000Z
1574811360000,211.56,211.59,211.56,211.59,4.74412,2019-11-26T23:36:00.000000Z
1574811420000,211.79,211.79,211.78,211.78,0.612,2019-11-26T23:37:00.000000Z
1574811480000,211.8,211.85,211.79,211.85,15.98259,2019-11-26T23:38:00.000000Z
1574811540000,211.84,211.84,211.69,211.83,26.40675,2019-11-26T23:39:00.000000Z
1574811600000,211.72,211.72,211.41,211.43,38.34927,2019-11-26T23:40:00.000000Z
1574811660000,211.53,211.53,211.42,211.49,12.7529,2019-11-26T23:41:00.000000Z
1574811720000,211.42,211.68,211.42,211.65,71.15191,2019-11-26T23:42:00.000000Z
1574811780000,211.65,211.65,211.65,211.65,0.0,2019-11-26T23:43:00.000000Z
1574811840000,211.92,211.92,211.91,211.91,8.0,2019-11-26T23:44:00.000000Z
1574811900000,211.96,211.96,211.69,211.83,29.93551,2019-11-26T23:45:00.000000Z
1574811960000,211.83,211.83,211.69,211.82,8.32669,2019-11-26T23:46:00.000000Z
1574812020000,211.7,211.83,211.7,211.83,14.56956,2019-11-26T23:47:00.000000Z
1574812080000,211.75,211.91,211.6,211.6,17.22209,2019-11-26T23:48:00.000000Z
1574812140000,211.55,211.55,211.22,211.22,100.06817,2019-11-26T23:49:00.000000Z
1574812200000,211.29,211.29,211.01,211.24,71.41702,2019-11-26T23:50:00.000000Z
1574812260000,211.51,211.51,211.49,211.49,2.233,2019-11-26T23:51:00.000000Z
1574812320000,211.54,211.57,211.36,211.48,14.19705,2019-11-26T23:52:00.000000Z
1574812380000,211.41,211.47,211.33,211.47,3.3118,2019-11-26T23:53:00.000000Z
1574812440000,211.51,211.51,211.29,211.4,23.84236,2019-11-26T23:54:00.000000Z
1574812500000,211.39,211.41,211.24,211.24,5.75319,2019-11-26T23:55:00.000000Z
1574812560000,211.11,211.11,211.01,211.04,11.09856,2019-11-26T23:56:00.000000Z
1574812620000,211.01,211.02,210.68,210.83,49.86908,2019-11-26T23:57:00.000000Z
1574812680000,210.79,210.79,210.68,210.75,30.46642,2019-11-26T23:58:00.000000Z
1574812740000,210.81,210.81,210.81,210.81,4.7188,2019-11-26T23:59:00.000000Z
1574812800000,210.78,210.8,210.41,210.5,54.0811,2019-11-27T00:00:00.000000Z
1574812860000,210.51,210.77,210.51,210.55,149.31821,2019-11-27T00:01:00.000000Z
1574812920000,210.55,210.7,210.53,210.68,19.71166,2019-11-27T00:02:00.000000Z
1574812980000,210.71,210.91,210.71,210.91,2.10037,2019-11-27T00:03:00.000000Z
1574813040000,210.96,211.23,210.96,211.06,65.96443,2019-11-27T00:04:00.000000Z
1574813100000,211.06,211.06,211.06,211.06,0.0,2019-11-27T00:05:00.000000Z
1574813160000,211.06,211.06,211.06,211.06,0.0,2019-11-27T00:06:00.000000Z
1574813220000,211.07,211.07,210.88,210.88,79.41547,2019-11-27T00:07:00.000000Z
1574813280000,210.88,210.96,210.77,210.96,21.71168,2019-11-27T00:08:00.000000Z
1574813340000,210.96,210.96,210.96,210.96,0.0,2019-11-27T00:09:00.000000Z
1574813400000,210.88,210.96,210.88,210.96,0.7444,2019-11-27T00:10:00.000000Z
1574813460000,210.82,210.82,210.68,210.77,12.11687,2019-11-27T00:11:00.000000Z
1574813520000,210.77,210.77,210.77,210.77,0.0,2019-11-27T00:12:00.000000Z
1574813580000,210.56,210.6,210.5,210.6,8.78094,2019-11-27T00:13:00.000000Z
1574813640000,210.61,210.74,210.61,210.74,8.84257,2019-11-27T00:14:00.000000Z
1574813700000,210.69,210.75,210.5,210.5,2.20294,2019-11-27T00:15:00.000000Z
1574813760000,210.67,210.67,210.55,210.55,1.13,2019-11-27T00:16:00.000000Z
1574813820000,210.52,210.52,210.51,210.51,1.01614,2019-11-27T00:17:00.000000Z
1574813880000,210.53,210.53,210.3,210.37,43.09136,2019-11-27T00:18:00.000000Z
1574813940000,210.37,210.37,210.24,210.31,77.91999,2019-11-27T00:19:00.000000Z
1574814000000,210.31,210.32,210.24,210.31,22.60033,2019-11-27T00:20:00.000000Z
1574814060000,210.27,210.3,210.23,210.3,7.80272,2019-11-27T00:21:00.000000Z
1574814120000,210.3,210.44,210.3,210.44,20.41514,2019-11-27T00:22:00.000000Z
1574814180000,210.4,210.4,210.34,210.34,1.16,2019-11-27T00:23:00.000000Z
1574814240000,210.3,210.43,210.3,210.43,7.04298,2019-11-27T00:24:00.000000Z
1574814300000,210.4,210.46,210.31,210.31,10.83507,2019-11-27T00:25:00.000000Z
1574814360000,210.3,210.3,210.16,210.16,9.67161,2019-11-27T00:26:00.000000Z
1574814420000,210.16,210.24,210.09,210.24,3.61982,2019-11-27T00:27:00.000000Z
1574814480000,210.09,210.17,209.88,210.17,72.15736,2019-11-27T00:28:00.000000Z
1574814540000,210.1,210.15,209.91,209.99,17.40786,2019-11-27T00:29:00.000000Z
1574814600000,210.1,210.1,209.99,209.99,2.18778,2019-11-27T00:30:00.000000Z
1574814660000,209.97,210.02,209.8,209.81,32.84564,2019-11-27T00:31:00.000000Z
1574814720000,209.8,209.86,209.73,209.84,14.2795,2019-11-27T00:32:00.000000Z
1574814780000,209.96,210.12,209.96,210.08,13.55004,2019-11-27T00:33:00.000000Z
1574814840000,210.08,210.08,210.08,210.08,0.0,2019-11-27T00:34:00.000000Z
1574814900000,210.36,210.64,210.36,210.64,21.3912,2019-11-27T00:35:00.000000Z
1574814960000,210.64,211.0,210.64,210.97,36.65273,2019-11-27T00:36:00.000000Z
1574815020000,210.75,210.83,210.75,210.83,0.89098,2019-11-27T00:37:00.000000Z
1574815080000,210.87,210.89,210.81,210.81,6.18602,2019-11-27T00:38:00.000000Z
1574815140000,210.88,210.88,210.88,210.88,0.06624,2019-11-27T00:39:00.000000Z
1574815200000,210.88,210.88,210.88,210.88,0.0,2019-11-27T00:40:00.000000Z
1574815260000,211.02,211.11,211.02,211.11,10.23705,2019-11-27T00:41:00.000000Z
1574815320000,211.22,211.27,211.22,211.26,9.94023,2019-11-27T00:42:00.000000Z
1574815380000,211.25,211.27,211.25,211.27,2.20546,2019-11-27T00:43:00.000000Z
1574815440000,211.15,211.18,211.05,211.17,24.10701,2019-11-27T00:44:00.000000Z
1574815500000,211.17,211.17,210.92,210.98,13.2703,2019-11-27T00:45:00.000000Z
1574815560000,210.97,210.97,210.97,210.97,0.5796,2019-11-27T00:46:00.000000Z
1574815620000,211.05,211.05,210.98,211.04,10.41103,2019-11-27T00:47:00.000000Z
1574815680000,211.05,211.07,210.98,211.04,29.78597,2019-11-27T00:48:00.000000Z
1574815740000,211.19,211.2,211.19,211.2,3.40004,2019-11-27T00:49:00.000000Z
1574815800000,211.25,211.25,211.19,211.2,11.75342,2019-11-27T00:50:00.000000Z
1574815860000,211.19,211.3,211.18,211.3,40.90313,2019-11-27T00:51:00.000000Z
1574815920000,211.24,211.27,211.13,211.13,11.63346,2019-11-27T00:52:00.000000Z
1574815980000,211.2,211.2,211.2,211.2,1.85,2019-11-27T00:53:00.000000Z
1574816040000,211.17,211.33,211.17,211.33,9.73537,2019-11-27T00:54:00.000000Z
1574816100000,211.3,211.4,211.19,211.39,52.1578,2019-11-27T00:55:00.000000Z
1574816160000,211.23,211.35,211.09,211.09,14.7828,2019-11-27T00:56:00.000000Z
1574816220000,211.12,211.24,211.1,211.24,9.81552,2019-11-27T00:57:00.000000Z
1574816280000,211.26,211.26,211.26,211.26,13.35151,2019-11-27T00:58:00.000000Z
1574816340000,211.26,211.26,211.26,211.26,1.16273,2019-11-27T00:59:00.000000Z
1574816400000,211.19,211.41,211.19,211.39,59.26528,2019-11-27T01:00:00.000000Z
1574816460000,211.39,211.8,211.36,211.8,184.95321,2019-11-27T01:01:00.000000Z
1574816520000,211.77,212.0,211.68,211.95,29.65943,2019-11-27T01:02:00.000000Z
1574816580000,211.87,212.02,211.84,211.97,31.54564,2019-11-27T01:03:00.000000Z
1574816640000,211.93,211.93,211.59,211.72,57.30465,2019-11-27T01:04:00.000000Z
1574816700000,211.7,212.04,211.7,212.0,50.64067,2019-11-27T01:05:00.000000Z
1574816760000,211.94,211.94,211.66,211.66,154.52396,2019-11-27T01:06:00.000000Z
1574816820000,211.81,212.1,211.81,211.87,38.52076,2019-11-27T01:07:00.000000Z
1574816880000,212.03,212.03,211.89,211.89,6.54818,2019-11-27T01:08:00.000000Z
1574816940000,211.91,211.94,211.88,211.9,5.97737,2019-11-27T01:09:00.000000Z
1574817000000,211.84,212.0,211.84,211.9,0.70815,2019-11-27T01:10:00.000000Z
1574817060000,211.94,211.98,211.93,211.97,18.22955,2019-11-27T01:11:00.000000Z
1574817120000,211.95,211.96,211.81,211.86,12.7742,2019-11-27T01:12:00.000000Z
1574817180000,211.86,211.93,211.82,211.88,13.45918,2019-11-27T01:13:00.000000Z
1574817240000,211.79,211.8,211.63,211.66,11.33076,2019-11-27T01:14:00.000000Z
1574817300000,211.64,211.7,211.64,211.7,3.16785,2019-11-27T01:15:00.000000Z
1574817360000,211.7,211.7,211.7,211.7,0.0,2019-11-27T01:16:00.000000Z
1574817420000,211.68,211.68,211.44,211.44,11.85578,2019-11-27T01:17:00.000000Z
1574817480000,211.46,211.46,211.32,211.35,21.60187,2019-11-27T01:18:00.000000Z
1574817540000,211.38,211.41,211.37,211.41,9.87999,2019-11-27T01:19:00.000000Z
1574817600000,211.41,211.41,211.41,211.41,0.0,2019-11-27T01:20:00.000000Z
1574817660000,211.41,211.41,211.41,211.41,0.52103,2019-11-27T01:21:00.000000Z
1574817720000,211.4,211.57,211.31,211.38,26.2858,2019-11-27T01:22:00.000000Z
1574817780000,211.47,211.47,211.38,211.38,1.54641,2019-11-27T01:23:00.000000Z
1574817840000,211.38,211.51,211.38,211.46,23.06851,2019-11-27T01:24:00.000000Z
1574817900000,211.45,211.45,211.45,211.45,0.24904,2019-11-27T01:25:00.000000Z
1574817960000,211.41,211.46,211.4,211.4,6.45227,2019-11-27T01:26:00.000000Z
1574818020000,211.48,211.57,211.47,211.47,5.19995,2019-11-27T01:27:00.000000Z
1574818080000,211.53,211.58,211.37,211.47,119.26499,2019-11-27T01:28:00.000000Z
1574818140000,211.47,211.58,211.47,211.55,133.21503,2019-11-27T01:29:00.000000Z
1574818200000,211.45,211.56,211.45,211.54,8.5697,2019-11-27T01:30:00.000000Z
1574818260000,211.45,211.52,211.45,211.52,11.1,2019-11-27T01:31:00.000000Z
1574818320000,211.38,211.38,211.3,211.3,4.1345,2019-11-27T01:32:00.000000Z
1574818380000,211.28,211.35,211.28,211.31,17.11275,2019-11-27T01:33:00.000000Z
1574818440000,211.3,211.3,211.05,211.05,9.98878,2019-11-27T01:34:00.000000Z
1574818500000,211.03,211.04,210.92,210.99,16.04415,2019-11-27T01:35:00.000000Z
1574818560000,210.92,211.05,210.91,211.03,14.78901,2019-11-27T01:36:00.000000Z
1574818620000,211.04,211.04,210.88,210.88,22.7205,2019-11-27T01:37:00.000000Z
1574818680000,210.95,210.95,210.83,210.84,8.217,2019-11-27T01:38:00.000000Z
1574818740000,210.83,211.03,210.83,210.89,15.74557,2019-11-27T01:39:00.000000Z
1574818800000,211.02,211.05,210.9,210.9,12.81369,2019-11-27T01:40:00.000000Z
1574818860000,211.04,211.04,210.86,210.93,5.02351,2019-11-27T01:41:00.000000Z
1574818920000,210.97,211.04,210.93,210.93,16.44319,2019-11-27T01:42:00.000000Z
1574818980000,210.86,210.97,210.81,210.97,17.21476,2019-11-27T01:43:00.000000Z
1574819040000,211.06,211.12,211.06,211.08,4.59889,2019-11-27T01:44:00.000000Z
1574819100000,211.05,211.13,210.91,210.91,2.77226,2019-11-27T01:45:00.000000Z
1574819160000,210.91,211.06,210.91,211.06,2.37182,2019-11-27T01:46:00.000000Z
1574819220000,210.97,210.97,210.97,210.97,0.18986,2019-11-27T01:47:00.000000Z
1574819280000,210.9,210.92,210.73,210.76,23.5319,2019-11-27T01:48:00.000000Z
1574819340000,210.75,210.75,210.55,210.55,6.0099,2019-11-27T01:49:00.000000Z
1574819400000,210.5,210.58,210.39,210.39,20.44096,2019-11-27T01:50:00.000000Z
1574819460000,210.36,210.41,210.34,210.34,8.47264,2019-11-27T01:51:00.000000Z
1574819520000,210.41,210.61,210.28,210.41,31.90023,2019-11-27T01:52:00.000000Z
1574819580000,210.54,210.73,210.49,210.73,23.95844,2019-11-27T01:53:00.000000Z
1574819640000,210.86,210.99,210.86,210.98,34.47127,2019-11-27T01:54:00.000000Z
1574819700000,210.88,210.95,210.83,210.83,17.23624,2019-11-27T01:55:00.000000Z
1574819760000,210.81,210.81,210.81,210.81,5.0,2019-11-27T01:56:00.000000Z
1574819820000,210.82,210.9,210.68,210.82,15.60044,2019-11-27T01:57:00.000000Z
1574819880000,210.74,210.74,210.74,210.74,5.05249,2019-11-27T01:58:00.000000Z
1574819940000,210.99,211.35,210.99,211.17,25.99046,2019-11-27T01:59:00.000000Z
1574820000000,211.17,211.36,211.17,211.36,1.97481,2019-11-27T02:00:00.000000Z
1574820060000,211.32,211.37,211.2,211.2,17.67809,2019-11-27T02:01:00.000000Z
1574820120000,211.25,211.25,211.12,211.12,8.04588,2019-11-27T02:02:00.000000Z
1574820180000,211.05,211.18,211.0,211.17,17.08237,2019-11-27T02:03:00.000000Z
1574820240000,211.28,211.28,211.28,211.28,1.797,2019-11-27T02:04:00.000000Z
1574820300000,211.17,211.21,211.12,211.17,15.04706,2019-11-27T02:05:00.000000Z
1574820360000,211.07,211.07,210.89,211.01,395.14656,2019-11-27T02:06:00.000000Z
1574820420000,211.04,211.19,210.99,211.07,19.30706,2019-11-27T02:07:00.000000Z
1574820480000,211.02,211.05,210.91,210.91,4.84413,2019-11-27T02:08:00.000000Z
1574820540000,210.92,210.94,210.85,210.85,2.78868,2019-11-27T02:09:00.000000Z
1574820600000,210.86,210.96,210.86,210.93,6.2922,2019-11-27T02:10:00.000000Z
1574820660000,210.86,210.91,210.71,210.71,33.07611,2019-11-27T02:11:00.000000Z
1574820720000,210.78,210.87,210.7,210.79,12.27393,2019-11-27T02:12:00.000000Z
1574820780000,210.76,210.96,210.67,210.94,28.81158,2019-11-27T02:13:00.000000Z
1574820840000,210.91,210.93,210.83,210.93,5.7146,2019-11-27T02:14:00.000000Z
1574820900000,210.93,210.93,210.93,210.93,0.0,2019-11-27T02:15:00.000000Z
1574820960000,210.93,210.93,210.93,210.93,0.0,2019-11-27T02:16:00.000000Z
1574821020000,210.93,210.93,210.71,210.85,17.17329,2019-11-27T02:17:00.000000Z
1574821080000,210.91,210.93,210.91,210.93,4.64415,2019-11-27T02:18:00.000000Z
1574821140000,210.82,210.83,210.63,210.83,227.56646,2019-11-27T02:19:00.000000Z
1574821200000,210.91,210.92,210.77,210.83,29.25556,2019-11-27T02:20:00.000000Z
1574821260000,210.83,210.83,210.83,210.83,28.26579,2019-11-27T02:21:00.000000Z
1574821320000,210.83,210.88,210.83,210.83,269.25181,2019-11-27T02:22:00.000000Z
1574821380000,210.82,210.82,210.63,210.78,21.27983,2019-11-27T02:23:00.000000Z
1574821440000,210.79,210.79,210.69,210.69,16.54665,2019-11-27T02:24:00.000000Z
1574821500000,210.69,210.72,210.69,210.72,7.84971,2019-11-27T02:25:00.000000Z
1574821560000,210.72,210.84,210.68,210.84,11.505,2019-11-27T02:26:00.000000Z
1574821620000,210.84,210.84,210.79,210.79,10.6498,2019-11-27T02:27:00.000000Z
1574821680000,210.73,210.86,210.73,210.76,1.60445,2019-11-27T02:28:00.000000Z
1574821740000,210.74,210.74,210.58,210.58,8.12794,2019-11-27T02:29:00.000000Z
1574821800000,210.57,210.57,210.4,210.4,42.96864,2019-11-27T02:30:00.000000Z
1574821860000,210.41,210.46,210.29,210.36,27.77821,2019-11-27T02:31:00.000000Z
1574821920000,210.29,210.33,210.24,210.28,12.96339,2019-11-27T02:32:00.000000Z
1574821980000,210.31,210.31,210.25,210.26,3.94524,2019-11-27T02:33:00.000000Z
1574822040000,210.3,210.44,210.25,210.44,41.64944,2019-11-27T02:34:00.000000Z
1574822100000,210.44,210.44,210.33,210.42,14.64055,2019-11-27T02:35:00.000000Z
1574822160000,210.4,210.43,210.35,210.42,150.70908,2019-11-27T02:36:00.000000Z
1574822220000,210.28,210.36,210.28,210.33,15.80972,2019-11-27T02:37:00.000000Z
1574822280000,210.28,210.33,210.17,210.19,21.46523,2019-11-27T02:38:00.000000Z
1574822340000,210.21,210.31,210.16,210.31,17.7433,2019-11-27T02:39:00.000000Z
1574822400000,210.21,210.47,210.21,210.27,40.8077,2019-11-27T02:40:00.000000Z
1574822460000,210.47,210.5,210.43,210.49,11.69584,2019-11-27T02:41:00.000000Z
1574822520000,210.37,210.5,210.37,210.44,28.25033,2019-11-27T02:42:00.000000Z
1574822580000,210.41,210.46,210.32,210.45,13.63303,2019-11-27T02:43:00.000000Z
1574822640000,210.48,210.49,210.32,210.38,36.34008,2019-11-27T02:44:00.000000Z
1574822700000,210.4,210.4,210.39,210.39,4.78037,2019-11-27T02:45:00.000000Z
1574822760000,210.38,210.38,210.37,210.38,1.2396,2019-11-27T02:46:00.000000Z
1574822820000,210.38,210.47,210.37,210.37,57.29216,2019-11-27T02:47:00.000000Z
1574822880000,210.37,210.49,210.37,210.49,6.28938,2019-11-27T02:48:00.000000Z
1574822940000,210.49,210.66,210.49,210.65,79.2863,2019-11-27T02:49:00.000000Z
1574823000000,210.66,210.66,210.45,210.46,26.33303,2019-11-27T02:50:00.000000Z
1574823060000,210.47,210.57,210.44,210.49,16.5209,2019-11-27T02:51:00.000000Z
1574823120000,210.47,210.55,210.47,210.51,11.23567,2019-11-27T02:52:00.000000Z
1574823180000,210.63,210.63,210.57,210.6,20.29178,2019-11-27T02:53:00.000000Z
1574823240000,210.53,210.57,210.53,210.55,5.73243,2019-11-27T02:54:00.000000Z
1574823300000,210.55,210.55,210.55,210.55,0.0,2019-11-27T02:55:00.000000Z
1574823360000,210.55,210.57,210.51,210.54,1.53479,2019-11-27T02:56:00.000000Z
1574823420000,210.62,210.63,210.57,210.62,5.59829,2019-11-27T02:57:00.000000Z
1574823480000,210.57,210.73,210.5,210.5,22.24931,2019-11-27T02:58:00.000000Z
1574823540000,210.48,210.61,210.48,210.61,2.79216,2019-11-27T02:59:00.000000Z
1574823600000,210.48,210.54,210.39,210.54,30.63904,2019-11-27T03:00:00.000000Z
1574823660000,210.56,210.6,210.56,210.56,2.92979,2019-11-27T03:01:00.000000Z
1574823720000,210.61,210.61,210.28,210.28,285.8357,2019-11-27T03:02:00.000000Z
1574823780000,210.46,210.46,210.42,210.42,3.65698,2019-11-27T03:03:00.000000Z
1574823840000,210.42,210.45,210.42,210.45,1.46583,2019-11-27T03:04:00.000000Z
1574823900000,210.45,210.45,210.45,210.45,0.0,2019-11-27T03:05:00.000000Z
1574823960000,210.6,210.6,210.52,210.52,2.71144,2019-11-27T03:06:00.000000Z
1574824020000,210.47,210.48,210.37,210.42,18.42093,2019-11-27T03:07:00.000000Z
1574824080000,210.44,210.44,210.37,210.41,47.50818,2019-11-27T03:08:00.000000Z
1574824140000,210.4,210.4,210.32,210.36,28.87576,2019-11-27T03:09:00.000000Z
1574824200000,210.27,210.37,210.27,210.37,11.68047,2019-11-27T03:10:00.000000Z
1574824260000,210.41,210.41,210.25,210.29,19.49123,2019-11-27T03:11:00.000000Z
1574824320000,210.29,210.36,210.0,210.29,89.89148,2019-11-27T03:12:00.000000Z
1574824380000,210.27,210.27,210.08,210.16,11.96234,2019-11-27T03:13:00.000000Z
1574824440000,210.09,210.11,209.93,209.95,55.8973,2019-11-27T03:14:00.000000Z
1574824500000,209.95,210.02,209.68,209.99,149.9196,2019-11-27T03:15:00.000000Z
1574824560000,209.92,209.95,209.65,209.91,85.43009,2019-11-27T03:16:00.000000Z
1574824620000,209.91,209.95,209.42,209.65,380.78131,2019-11-27T03:17:00.000000Z
1574824680000,209.8,209.8,209.2,209.28,209.11122,2019-11-27T03:18:00.000000Z
1574824740000,209.32,209.46,208.92,209.37,367.75016,2019-11-27T03:19:00.000000Z
1574824800000,209.37,209.79,209.37,209.58,194.26171,2019-11-27T03:20:00.000000Z
1574824860000,209.59,209.87,209.59,209.82,103.30236,2019-11-27T03:21:00.000000Z
1574824920000,209.82,209.96,209.56,209.58,71.76819,2019-11-27T03:22:00.000000Z
1574824980000,209.58,209.66,209.14,209.42,222.01043,2019-11-27T03:23:00.000000Z
1574825040000,209.33,209.45,208.97,209.36,237.32989,2019-11-27T03:24:00.000000Z
1574825100000,209.36,209.45,209.07,209.27,73.32243,2019-11-27T03:25:00.000000Z
1574825160000,209.39,209.61,209.15,209.56,110.09606,2019-11-27T03:26:00.000000Z
1574825220000,209.56,209.73,209.5,209.71,124.81485,2019-11-27T03:27:00.000000Z
1574825280000,209.71,209.71,209.4,209.51,67.85975,2019-11-27T03:28:00.000000Z
1574825340000,209.57,209.89,209.57,209.81,199.5899,2019-11-27T03:29:00.000000Z
1574825400000,209.89,209.98,209.75,209.97,25.02533,2019-11-27T03:30:00.000000Z
1574825460000,209.88,209.97,209.74,209.87,46.58267,2019-11-27T03:31:00.000000Z
1574825520000,209.84,209.84,209.41,209.64,51.32738,2019-11-27T03:32:00.000000Z
1574825580000,209.67,209.75,209.45,209.63,47.12266,2019-11-27T03:33:00.000000Z
1574825640000,209.41,209.59,209.04,209.43,145.68304,2019-11-27T03:34:00.000000Z
1574825700000,209.57,209.57,209.15,209.4,109.0388,2019-11-27T03:35:00.000000Z
1574825760000,209.44,209.49,209.01,209.07,128.45593,2019-11-27T03:36:00.000000Z
1574825820000,209.05,209.2,208.77,209.09,288.28312,2019-11-27T03:37:00.000000Z
1574825880000,209.09,209.39,208.94,209.03,91.6268,2019-11-27T03:38:00.000000Z
1574825940000,209.1,209.21,208.88,209.21,158.2778,2019-11-27T03:39:00.000000Z
1574826000000,209.24,209.4,209.15,209.22,38.91618,2019-11-27T03:40:00.000000Z
1574826060000,209.34,209.37,209.16,209.18,14.70827,2019-11-27T03:41:00.000000Z
1574826120000,209.15,209.15,208.95,209.1,13.1703,2019-11-27T03:42:00.000000Z
1574826180000,209.0,209.23,208.97,209.22,18.69102,2019-11-27T03:43:00.000000Z
1574826240000,209.22,209.31,209.14,209.2,3.1014,2019-11-27T03:44:00.000000Z
1574826300000,209.27,209.27,209.04,209.04,2.05803,2019-11-27T03:45:00.000000Z
1574826360000,209.04,209.15,208.9,209.06,42.4279,2019-11-27T03:46:00.000000Z
1574826420000,209.01,209.01,208.76,208.87,88.87237,2019-11-27T03:47:00.000000Z
1574826480000,208.78,209.11,208.6,208.6,186.17066,2019-11-27T03:48:00.000000Z
1574826540000,208.79,208.96,208.6,208.91,73.09856,2019-11-27T03:49:00.000000Z
1574826600000,208.83,208.85,208.71,208.77,39.98078,2019-11-27T03:50:00.000000Z
1574826660000,208.71,208.71,208.42,208.68,222.25425,2019-11-27T03:51:00.000000Z
1574826720000,208.69,208.72,208.45,208.49,121.61473,2019-11-27T03:52:00.000000Z
1574826780000,208.51,208.79,208.42,208.42,155.88602,2019-11-27T03:53:00.000000Z
1574826840000,208.42,208.56,208.19,208.22,128.11549,2019-11-27T03:54:00.000000Z
1574826900000,208.26,208.44,208.09,208.41,195.6389,2019-11-27T03:55:00.000000Z
1574826960000,208.46,208.56,208.24,208.56,51.09984,2019-11-27T03:56:00.000000Z
1574827020000,208.62,208.8,208.52,208.52,146.74913,2019-11-27T03:57:00.000000Z
1574827080000,208.54,208.59,208.46,208.51,26.79716,2019-11-27T03:58:00.000000Z
1574827140000,208.64,209.12,208.64,208.94,150.00884,2019-11-27T03:59:00.000000Z
1574827200000,208.91,208.91,208.54,208.61,72.64362,2019-11-27T04:00:00.000000Z
1574827260000,208.55,208.76,208.41,208.47,32.94935,2019-11-27T04:01:00.000000Z
1574827320000,208.47,208.47,208.38,208.47,16.14483,2019-11-27T04:02:00.000000Z
1574827380000,208.45,208.46,208.3,208.31,9.62799,2019-11-27T04:03:00.000000Z
1574827440000,208.31,208.59,208.17,208.56,101.30212,2019-11-27T04:04:00.000000Z
1574827500000,208.51,208.53,208.1,208.17,97.03207,2019-11-27T04:05:00.000000Z
1574827560000,208.2,208.2,208.0,208.0,123.49578,2019-11-27T04:06:00.000000Z
1574827620000,208.01,208.37,207.86,208.36,122.34155,2019-11-27T04:07:00.000000Z
