1574755440000,0.2186,0.21882,0.21858,0.21882,25566.4,2019-11-26T08:04:00.000000Z
1574755500000,0.21888,0.2189,0.21854,0.21867,30450.1,2019-11-26T08:05:00.000000Z
1574755560000,0.21874,0.21874,0.21862,0.21864,17615.8,2019-11-26T08:06:00.000000Z
1574755620000,0.21864,0.2189,0.21863,0.21887,45839.8,2019-11-26T08:07:00.000000Z
1574755680000,0.21892,0.21895,0.21861,0.21864,44156.6,2019-11-26T08:08:00.000000Z
1574755740000,0.21863,0.21864,0.21839,0.21845,56772.9,2019-11-26T08:09:00.000000Z
1574755800000,0.21845,0.21851,0.21831,0.21844,52519.4,2019-11-26T08:10:00.000000Z
1574755860000,0.21841,0.21853,0.21823,0.21825,16141.4,2019-11-26T08:11:00.000000Z
1574755920000,0.21823,0.21833,0.21813,0.2182,65664.4,2019-11-26T08:12:00.000000Z
1574755980000,0.21821,0.2183,0.21799,0.21799,58609.6,2019-11-26T08:13:00.000000Z
1574756040000,0.21798,0.21813,0.21791,0.21804,83181.0,2019-11-26T08:14:00.000000Z
1574756100000,0.21804,0.21837,0.21804,0.21827,114205.0,2019-11-26T08:15:00.000000Z
1574756160000,0.21827,0.2183,0.2182,0.2183,2402.4,2019-11-26T08:16:00.000000Z
1574756220000,0.2183,0.21831,0.21812,0.21825,20224.0,2019-11-26T08:17:00.000000Z
1574756280000,0.21826,0.21835,0.2181,0.21829,95266.7,2019-11-26T08:18:00.000000Z
1574756340000,0.2183,0.21843,0.21821,0.21825,56263.1,2019-11-26T08:19:00.000000Z
1574756400000,0.21823,0.21825,0.21808,0.21821,13622.9,2019-11-26T08:20:00.000000Z
1574756460000,0.21821,0.21839,0.21815,0.21838,52814.9,2019-11-26T08:21:00.000000Z
1574756520000,0.21834,0.21835,0.21801,0.21818,33171.5,2019-11-26T08:22:00.000000Z
1574756580000,0.21818,0.21824,0.218,0.21807,36655.1,2019-11-26T08:23:00.000000Z
1574756640000,0.21807,0.21811,0.21795,0.21811,34785.5,2019-11-26T08:24:00.000000Z
1574756700000,0.2181,0.21819,0.218,0.21819,14382.8,2019-11-26T08:25:00.000000Z
1574756760000,0.21819,0.21832,0.21814,0.21832,34611.4,2019-11-26T08:26:00.000000Z
1574756820000,0.21832,0.21871,0.21832,0.21864,89467.7,2019-11-26T08:27:00.000000Z
1574756880000,0.21863,0.2188,0.21857,0.2188,32139.8,2019-11-26T08:28:00.000000Z
1574756940000,0.21883,0.21883,0.2184,0.2184,108553.5,2019-11-26T08:29:00.000000Z
1574757000000,0.21848,0.21881,0.21838,0.2188,62828.2,2019-11-26T08:30:00.000000Z
1574757060000,0.21884,0.21949,0.21874,0.21917,128478.9,2019-11-26T08:31:00.000000Z
1574757120000,0.21917,0.21971,0.21917,0.2196,307609.8,2019-11-26T08:32:00.000000Z
1574757180000,0.21959,0.2203,0.21949,0.22011,198258.5,2019-11-26T08:33:00.000000Z
1574757240000,0.22016,0.2204,0.21996,0.2202,210345.1,2019-11-26T08:34:00.000000Z
1574757300000,0.2202,0.2205,0.2202,0.22026,158365.7,2019-11-26T08:35:00.000000Z
1574757360000,0.22023,0.22023,0.21987,0.22004,48874.1,2019-11-26T08:36:00.000000Z
1574757420000,0.22005,0.22014,0.22,0.22,43957.9,2019-11-26T08:37:00.000000Z
1574757480000,0.22001,0.22036,0.22001,0.22009,60949.1,2019-11-26T08:38:00.000000Z
1574757540000,0.22013,0.22013,0.2196,0.21962,227857.3,2019-11-26T08:39:00.000000Z
1574757600000,0.21958,0.21975,0.21957,0.21972,21069.5,2019-11-26T08:40:00.000000Z
1574757660000,0.21971,0.21971,0.21945,0.21945,25259.0,2019-11-26T08:41:00.000000Z
1574757720000,0.21949,0.21965,0.21949,0.2196,2858.3,2019-11-26T08:42:00.000000Z
1574757780000,0.21957,0.21971,0.21957,0.21962,8740.6,2019-11-26T08:43:00.000000Z
1574757840000,0.21961,0.21968,0.21947,0.21954,38019.9,2019-11-26T08:44:00.000000Z
1574757900000,0.21954,0.21962,0.2195,0.21961,25323.0,2019-11-26T08:45:00.000000Z
1574757960000,0.21963,0.2199,0.21955,0.21989,84760.9,2019-11-26T08:46:00.000000Z
1574758020000,0.2199,0.2199,0.2196,0.21966,28877.0,2019-11-26T08:47:00.000000Z
1574758080000,0.21963,0.21963,0.21939,0.21946,52312.8,2019-11-26T08:48:00.000000Z
1574758140000,0.21955,0.21969,0.21953,0.21968,18769.9,2019-11-26T08:49:00.000000Z
1574758200000,0.2197,0.21972,0.21969,0.21969,1426.6,2019-11-26T08:50:00.000000Z
1574758260000,0.21968,0.21971,0.2193,0.21943,96939.9,2019-11-26T08:51:00.000000Z
1574758320000,0.21943,0.21943,0.21901,0.21901,118824.4,2019-11-26T08:52:00.000000Z
1574758380000,0.21901,0.21902,0.2186,0.21897,98516.5,2019-11-26T08:53:00.000000Z
1574758440000,0.21897,0.21922,0.21859,0.21883,181429.8,2019-11-26T08:54:00.000000Z
1574758500000,0.21884,0.21884,0.21858,0.21873,27567.1,2019-11-26T08:55:00.000000Z
1574758560000,0.21868,0.21872,0.21852,0.21854,42678.7,2019-11-26T08:56:00.000000Z
1574758620000,0.21853,0.21867,0.21831,0.21835,55217.2,2019-11-26T08:57:00.000000Z
1574758680000,0.21829,0.21847,0.21819,0.21828,149015.5,2019-11-26T08:58:00.000000Z
1574758740000,0.21824,0.21869,0.21824,0.21867,77401.0,2019-11-26T08:59:00.000000Z
1574758800000,0.21854,0.21854,0.2183,0.21844,57853.6,2019-11-26T09:00:00.000000Z
1574758860000,0.21843,0.21862,0.21835,0.2186,58812.3,2019-11-26T09:01:00.000000Z
1574758920000,0.21872,0.21872,0.21855,0.21867,26304.1,2019-11-26T09:02:00.000000Z
1574758980000,0.21868,0.21878,0.21862,0.21867,31053.9,2019-11-26T09:03:00.000000Z
1574759040000,0.21868,0.21896,0.21868,0.21896,32570.3,2019-11-26T09:04:00.000000Z
1574759100000,0.21895,0.21903,0.21888,0.219,18313.2,2019-11-26T09:05:00.000000Z
1574759160000,0.219,0.21903,0.21888,0.21892,37758.8,2019-11-26T09:06:00.000000Z
1574759220000,0.21891,0.21901,0.21889,0.21891,53853.9,2019-11-26T09:07:00.000000Z
1574759280000,0.2189,0.2189,0.21862,0.21878,49242.7,2019-11-26T09:08:00.000000Z
1574759340000,0.21875,0.21899,0.21871,0.21879,141586.7,2019-11-26T09:09:00.000000Z
1574759400000,0.21879,0.21879,0.21866,0.2187,46403.4,2019-11-26T09:10:00.000000Z
1574759460000,0.21869,0.2187,0.21859,0.21867,44895.0,2019-11-26T09:11:00.000000Z
1574759520000,0.21864,0.21869,0.21852,0.21856,15010.0,2019-11-26T09:12:00.000000Z
1574759580000,0.2186,0.2186,0.2184,0.2184,37028.4,2019-11-26T09:13:00.000000Z
1574759640000,0.21837,0.21842,0.21826,0.21831,52949.1,2019-11-26T09:14:00.000000Z
1574759700000,0.21831,0.21837,0.21827,0.21829,31567.7,2019-11-26T09:15:00.000000Z
1574759760000,0.21829,0.2183,0.21822,0.21829,7466.6,2019-11-26T09:16:00.000000Z
1574759820000,0.21829,0.21837,0.21823,0.21827,9874.3,2019-11-26T09:17:00.000000Z
1574759880000,0.21835,0.21835,0.21818,0.21832,29113.3,2019-11-26T09:18:00.000000Z
1574759940000,0.21833,0.2186,0.21832,0.2186,74323.9,2019-11-26T09:19:00.000000Z
1574760000000,0.2186,0.2186,0.21854,0.2186,2733.5,2019-11-26T09:20:00.000000Z
1574760060000,0.21855,0.21855,0.21845,0.2185,15389.0,2019-11-26T09:21:00.000000Z
1574760120000,0.2185,0.2186,0.21849,0.21855,4553.2,2019-11-26T09:22:00.000000Z
1574760180000,0.21855,0.2186,0.21855,0.2186,15088.8,2019-11-26T09:23:00.000000Z
1574760240000,0.21859,0.21865,0.21856,0.21865,26587.8,2019-11-26T09:24:00.000000Z
1574760300000,0.21865,0.21865,0.21859,0.2186,20740.9,2019-11-26T09:25:00.000000Z
1574760360000,0.2186,0.2186,0.21821,0.21821,102670.9,2019-11-26T09:26:00.000000Z
1574760420000,0.21826,0.21843,0.21825,0.21838,13235.3,2019-11-26T09:27:00.000000Z
1574760480000,0.21849,0.21849,0.2183,0.21839,8408.1,2019-11-26T09:28:00.000000Z
1574760540000,0.21838,0.21838,0.21814,0.21824,27928.9,2019-11-26T09:29:00.000000Z
1574760600000,0.21825,0.21835,0.21819,0.21825,47380.0,2019-11-26T09:30:00.000000Z
1574760660000,0.2183,0.21869,0.21823,0.21855,67556.3,2019-11-26T09:31:00.000000Z
1574760720000,0.21864,0.2188,0.21864,0.21877,30530.1,2019-11-26T09:32:00.000000Z
1574760780000,0.21878,0.2188,0.21865,0.21865,10735.1,2019-11-26T09:33:00.000000Z
1574760840000,0.21865,0.21896,0.21864,0.21864,83727.5,2019-11-26T09:34:00.000000Z
1574760900000,0.2186,0.2186,0.21831,0.21838,21035.3,2019-11-26T09:35:00.000000Z
1574760960000,0.21837,0.21858,0.21831,0.21858,11508.3,2019-11-26T09:36:00.000000Z
1574761020000,0.21863,0.21863,0.21835,0.21836,46085.6,2019-11-26T09:37:00.000000Z
1574761080000,0.21836,0.21849,0.21835,0.21847,18599.0,2019-11-26T09:38:00.000000Z
1574761140000,0.21844,0.21845,0.21841,0.21843,54905.3,2019-11-26T09:39:00.000000Z
1574761200000,0.21841,0.21863,0.21833,0.21848,10321.5,2019-11-26T09:40:00.000000Z
1574761260000,0.21845,0.21875,0.21845,0.21874,2259.3,2019-11-26T09:41:00.000000Z
1574761320000,0.21874,0.21889,0.21874,0.21888,17058.0,2019-11-26T09:42:00.000000Z
1574761380000,0.21883,0.21884,0.21865,0.21875,11167.0,2019-11-26T09:43:00.000000Z
1574761440000,0.21877,0.21894,0.21866,0.21866,25959.7,2019-11-26T09:44:00.000000Z
1574761500000,0.21866,0.21886,0.21862,0.21877,35205.9,2019-11-26T09:45:00.000000Z
1574761560000,0.21882,0.21892,0.21877,0.21886,18483.6,2019-11-26T09:46:00.000000Z
1574761620000,0.21883,0.2189,0.21883,0.2189,2186.6,2019-11-26T09:47:00.000000Z
1574761680000,0.2189,0.21904,0.2189,0.21896,11245.7,2019-11-26T09:48:00.000000Z
1574761740000,0.21893,0.21907,0.21888,0.21895,36630.9,2019-11-26T09:49:00.000000Z
1574761800000,0.21895,0.21906,0.2188,0.21886,171107.8,2019-11-26T09:50:00.000000Z
1574761860000,0.2189,0.21898,0.21878,0.21888,67418.2,2019-11-26T09:51:00.000000Z
1574761920000,0.21888,0.21888,0.21852,0.21857,34936.9,2019-11-26T09:52:00.000000Z
1574761980000,0.21855,0.21868,0.21855,0.21862,6552.9,2019-11-26T09:53:00.000000Z
1574762040000,0.21862,0.21887,0.21862,0.21887,17225.2,2019-11-26T09:54:00.000000Z
1574762100000,0.21887,0.21894,0.21883,0.21885,16915.0,2019-11-26T09:55:00.000000Z
1574762160000,0.21885,0.21885,0.21863,0.21871,31947.6,2019-11-26T09:56:00.000000Z
1574762220000,0.2187,0.21879,0.21869,0.21871,12794.8,2019-11-26T09:57:00.000000Z
1574762280000,0.21871,0.2188,0.21871,0.21875,3603.2,2019-11-26T09:58:00.000000Z
1574762340000,0.21875,0.21885,0.21867,0.2187,13775.7,2019-11-26T09:59:00.000000Z
1574762400000,0.21866,0.21867,0.21852,0.21862,32659.4,2019-11-26T10:00:00.000000Z
1574762460000,0.21863,0.21871,0.2186,0.2187,7599.3,2019-11-26T10:01:00.000000Z
1574762520000,0.21875,0.2191,0.21875,0.2191,69455.1,2019-11-26T10:02:00.000000Z
1574762580000,0.2191,0.21914,0.21894,0.21898,48822.9,2019-11-26T10:03:00.000000Z
1574762640000,0.21899,0.21916,0.21896,0.21911,22678.8,2019-11-26T10:04:00.000000Z
1574762700000,0.21905,0.21909,0.21899,0.21907,19871.7,2019-11-26T10:05:00.000000Z
1574762760000,0.21907,0.21907,0.21885,0.21893,36737.8,2019-11-26T10:06:00.000000Z
1574762820000,0.21893,0.21909,0.21893,0.21909,3905.6,2019-11-26T10:07:00.000000Z
1574762880000,0.21909,0.21909,0.21887,0.2189,7550.5,2019-11-26T10:08:00.000000Z
1574762940000,0.21889,0.219,0.21889,0.21892,28817.3,2019-11-26T10:09:00.000000Z
1574763000000,0.21893,0.21893,0.21877,0.2189,13120.7,2019-11-26T10:10:00.000000Z
1574763060000,0.21892,0.219,0.21881,0.21881,17689.2,2019-11-26T10:11:00.000000Z
1574763120000,0.2189,0.21895,0.21878,0.21882,19872.4,2019-11-26T10:12:00.000000Z
1574763180000,0.21883,0.21889,0.21877,0.21881,14986.5,2019-11-26T10:13:00.000000Z
1574763240000,0.21879,0.21885,0.21866,0.21873,39517.1,2019-11-26T10:14:00.000000Z
1574763300000,0.21873,0.21882,0.21864,0.21872,12644.5,2019-11-26T10:15:00.000000Z
1574763360000,0.21872,0.21885,0.21868,0.21868,298307.3,2019-11-26T10:16:00.000000Z
1574763420000,0.21869,0.2188,0.21868,0.21874,93824.2,2019-11-26T10:17:00.000000Z
1574763480000,0.21874,0.21881,0.21872,0.21872,2576.5,2019-11-26T10:18:00.000000Z
1574763540000,0.2187,0.21877,0.21869,0.21875,23090.9,2019-11-26T10:19:00.000000Z
1574763600000,0.2188,0.2188,0.21869,0.21873,2430.3,2019-11-26T10:20:00.000000Z
1574763660000,0.21875,0.21899,0.21872,0.21899,83309.9,2019-11-26T10:21:00.000000Z
1574763720000,0.21893,0.21905,0.21893,0.21903,31559.3,2019-11-26T10:22:00.000000Z
1574763780000,0.21903,0.2191,0.21898,0.219,3986.0,2019-11-26T10:23:00.000000Z
1574763840000,0.219,0.21909,0.219,0.21909,69934.4,2019-11-26T10:24:00.000000Z
1574763900000,0.21908,0.21945,0.21904,0.21945,165538.0,2019-11-26T10:25:00.000000Z
1574763960000,0.21945,0.21952,0.2194,0.21949,43553.0,2019-11-26T10:26:00.000000Z
1574764020000,0.2195,0.21965,0.21947,0.21947,29289.8,2019-11-26T10:27:00.000000Z
1574764080000,0.21949,0.21954,0.21942,0.2195,21488.3,2019-11-26T10:28:00.000000Z
1574764140000,0.21949,0.2195,0.21946,0.21947,18951.4,2019-11-26T10:29:00.000000Z
1574764200000,0.2195,0.2195,0.21936,0.21937,37110.8,2019-11-26T10:30:00.000000Z
1574764260000,0.21937,0.21949,0.21937,0.21947,10377.1,2019-11-26T10:31:00.000000Z
1574764320000,0.21947,0.21949,0.21942,0.21947,819.5,2019-11-26T10:32:00.000000Z
1574764380000,0.21944,0.2195,0.21944,0.2195,17189.3,2019-11-26T10:33:00.000000Z
1574764440000,0.2195,0.2195,0.21942,0.21944,3892.3,2019-11-26T10:34:00.000000Z
1574764500000,0.21945,0.2195,0.21934,0.21937,106377.7,2019-11-26T10:35:00.000000Z
1574764560000,0.21938,0.21949,0.21938,0.21942,4733.0,2019-11-26T10:36:00.000000Z
1574764620000,0.21942,0.21945,0.21938,0.21941,23459.5,2019-11-26T10:37:00.000000Z
1574764680000,0.21939,0.21941,0.21916,0.21926,17696.5,2019-11-26T10:38:00.000000Z
1574764740000,0.2193,0.21937,0.21924,0.21924,3398.0,2019-11-26T10:39:00.000000Z
1574764800000,0.21928,0.2193,0.21918,0.2193,203533.1,2019-11-26T10:40:00.000000Z
1574764860000,0.2193,0.2193,0.21888,0.21903,133802.2,2019-11-26T10:41:00.000000Z
1574764920000,0.21903,0.21921,0.21889,0.21915,27202.3,2019-11-26T10:42:00.000000Z
1574764980000,0.21898,0.21913,0.21898,0.21903,116264.0,2019-11-26T10:43:00.000000Z
1574765040000,0.21903,0.21903,0.21897,0.21897,9480.1,2019-11-26T10:44:00.000000Z
1574765100000,0.21895,0.21896,0.21888,0.21894,14850.1,2019-11-26T10:45:00.000000Z
1574765160000,0.21889,0.21899,0.21886,0.21899,104109.5,2019-11-26T10:46:00.000000Z
1574765220000,0.21899,0.21918,0.21899,0.2191,49607.8,2019-11-26T10:47:00.000000Z
1574765280000,0.21907,0.21918,0.21894,0.21905,129287.3,2019-11-26T10:48:00.000000Z
1574765340000,0.21908,0.21914,0.21897,0.21907,83394.4,2019-11-26T10:49:00.000000Z
1574765400000,0.21906,0.21923,0.21898,0.21923,130209.5,2019-11-26T10:50:00.000000Z
1574765460000,0.21922,0.21938,0.21914,0.21922,116922.7,2019-11-26T10:51:00.000000Z
1574765520000,0.21919,0.21919,0.21918,0.21919,764.7,2019-11-26T10:52:00.000000Z
1574765580000,0.21919,0.21924,0.21919,0.21922,10556.1,2019-11-26T10:53:00.000000Z
1574765640000,0.21922,0.21938,0.21922,0.21934,57492.9,2019-11-26T10:54:00.000000Z
1574765700000,0.21936,0.2194,0.21936,0.2194,6441.8,2019-11-26T10:55:00.000000Z
1574765760000,0.21939,0.2194,0.2193,0.2193,96421.3,2019-11-26T10:56:00.000000Z
1574765820000,0.21928,0.21932,0.21926,0.21926,17546.3,2019-11-26T10:57:00.000000Z
1574765880000,0.21926,0.2193,0.21926,0.21926,15300.8,2019-11-26T10:58:00.000000Z
1574765940000,0.21927,0.21943,0.21926,0.21943,6857.3,2019-11-26T10:59:00.000000Z
1574766000000,0.21941,0.21951,0.21926,0.21941,73647.4,2019-11-26T11:00:00.000000Z
1574766060000,0.21942,0.21956,0.2193,0.21941,57472.9,2019-11-26T11:01:00.000000Z
1574766120000,0.21941,0.21941,0.21917,0.21918,8335.5,2019-11-26T11:02:00.000000Z
1574766180000,0.21917,0.21917,0.21911,0.21917,40497.3,2019-11-26T11:03:00.000000Z
1574766240000,0.21921,0.21926,0.21916,0.21916,17251.4,2019-11-26T11:04:00.000000Z
1574766300000,0.21916,0.21916,0.21891,0.21897,57308.8,2019-11-26T11:05:00.000000Z
1574766360000,0.21893,0.21905,0.21855,0.21873,132215.4,2019-11-26T11:06:00.000000Z
1574766420000,0.21869,0.21869,0.21806,0.21849,197589.2,2019-11-26T11:07:00.000000Z
1574766480000,0.21857,0.21892,0.21804,0.21847,291829.0,2019-11-26T11:08:00.000000Z
1574766540000,0.21848,0.21883,0.21834,0.21837,165116.4,2019-11-26T11:09:00.000000Z
1574766600000,0.2184,0.2184,0.21799,0.21827,84006.5,2019-11-26T11:10:00.000000Z
1574766660000,0.21828,0.21842,0.21804,0.21839,47927.6,2019-11-26T11:11:00.000000Z
1574766720000,0.2183,0.21835,0.21804,0.21815,51843.6,2019-11-26T11:12:00.000000Z
1574766780000,0.21821,0.2184,0.21821,0.2184,16208.0,2019-11-26T11:13:00.000000Z
1574766840000,0.21844,0.21857,0.21844,0.21848,30750.6,2019-11-26T11:14:00.000000Z
1574766900000,0.21846,0.21847,0.21821,0.21821,15540.7,2019-11-26T11:15:00.000000Z
1574766960000,0.21822,0.21829,0.21799,0.21809,39157.2,2019-11-26T11:16:00.000000Z
1574767020000,0.21809,0.21814,0.218,0.21814,45610.6,2019-11-26T11:17:00.000000Z
1574767080000,0.2182,0.21828,0.2181,0.21814,31111.0,2019-11-26T11:18:00.000000Z
1574767140000,0.21813,0.21813,0.21778,0.2179,115216.2,2019-11-26T11:19:00.000000Z
1574767200000,0.21791,0.21797,0.21778,0.21783,9924.6,2019-11-26T11:20:00.000000Z
1574767260000,0.21779,0.21779,0.2173,0.2173,226385.0,2019-11-26T11:21:00.000000Z
1574767320000,0.2173,0.21749,0.21721,0.21749,65603.6,2019-11-26T11:22:00.000000Z
1574767380000,0.21748,0.21755,0.21743,0.21752,52166.3,2019-11-26T11:23:00.000000Z
1574767440000,0.21752,0.21752,0.21714,0.21714,79696.4,2019-11-26T11:24:00.000000Z
1574767500000,0.21714,0.21762,0.21714,0.21758,102558.1,2019-11-26T11:25:00.000000Z
1574767560000,0.21762,0.21774,0.21739,0.21774,169579.2,2019-11-26T11:26:00.000000Z
1574767620000,0.2177,0.2177,0.21737,0.21751,24373.6,2019-11-26T11:27:00.000000Z
1574767680000,0.21751,0.21796,0.21751,0.21774,78801.2,2019-11-26T11:28:00.000000Z
1574767740000,0.21771,0.21797,0.21766,0.2177,19843.5,2019-11-26T11:29:00.000000Z
1574767800000,0.21767,0.21774,0.21739,0.21746,31974.2,2019-11-26T11:30:00.000000Z
1574767860000,0.21743,0.21756,0.21716,0.2172,68832.6,2019-11-26T11:31:00.000000Z
1574767920000,0.21716,0.2172,0.21659,0.21718,279613.9,2019-11-26T11:32:00.000000Z
1574767980000,0.21719,0.21733,0.21682,0.21733,38899.3,2019-11-26T11:33:00.000000Z
1574768040000,0.21721,0.21778,0.2172,0.21774,140492.0,2019-11-26T11:34:00.000000Z
1574768100000,0.21762,0.21765,0.21699,0.21731,1154152.5,2019-11-26T11:35:00.000000Z
1574768160000,0.21731,0.21753,0.217,0.21733,332679.9,2019-11-26T11:36:00.000000Z
1574768220000,0.2173,0.21753,0.21723,0.21736,44348.4,2019-11-26T11:37:00.000000Z
1574768280000,0.21746,0.21754,0.21726,0.2173,16577.8,2019-11-26T11:38:00.000000Z
1574768340000,0.21723,0.21748,0.21722,0.21722,28654.4,2019-11-26T11:39:00.000000Z
1574768400000,0.21723,0.2174,0.21704,0.21718,86156.9,2019-11-26T11:40:00.000000Z
1574768460000,0.21717,0.21717,0.21691,0.2171,37397.5,2019-11-26T11:41:00.000000Z
1574768520000,0.21706,0.21734,0.21706,0.21731,30796.5,2019-11-26T11:42:00.000000Z
1574768580000,0.21732,0.21748,0.21719,0.21719,82777.2,2019-11-26T11:43:00.000000Z
1574768640000,0.21716,0.21728,0.21695,0.21701,63599.8,2019-11-26T11:44:00.000000Z
1574768700000,0.21697,0.21697,0.21656,0.21662,47190.9,2019-11-26T11:45:00.000000Z
1574768760000,0.21662,0.21719,0.2166,0.21716,72775.0,2019-11-26T11:46:00.000000Z
1574768820000,0.2171,0.21716,0.21691,0.21701,86668.2,2019-11-26T11:47:00.000000Z
1574768880000,0.21699,0.2172,0.21697,0.21702,69693.6,2019-11-26T11:48:00.000000Z
1574768940000,0.2171,0.21752,0.2171,0.2175,39159.1,2019-11-26T11:49:00.000000Z
1574769000000,0.21747,0.21753,0.21701,0.21744,229261.6,2019-11-26T11:50:00.000000Z
1574769060000,0.21746,0.21769,0.2173,0.21735,98705.5,2019-11-26T11:51:00.000000Z
1574769120000,0.21736,0.21739,0.217,0.21732,76227.8,2019-11-26T11:52:00.000000Z
1574769180000,0.21731,0.21852,0.21729,0.2181,467089.1,2019-11-26T11:53:00.000000Z
1574769240000,0.21809,0.21862,0.21795,0.21824,142179.4,2019-11-26T11:54:00.000000Z
1574769300000,0.21822,0.21857,0.21821,0.21835,110452.2,2019-11-26T11:55:00.000000Z
1574769360000,0.21832,0.21912,0.21832,0.21877,126955.5,2019-11-26T11:56:00.000000Z
1574769420000,0.21877,0.21883,0.21836,0.21836,84806.8,2019-11-26T11:57:00.000000Z
1574769480000,0.21833,0.21864,0.21811,0.21844,112061.9,2019-11-26T11:58:00.000000Z
1574769540000,0.21844,0.21867,0.21827,0.21858,53290.3,2019-11-26T11:59:00.000000Z
1574769600000,0.21863,0.21875,0.21859,0.21875,21164.0,2019-11-26T12:00:00.000000Z
1574769660000,0.21871,0.21897,0.21871,0.21892,23831.1,2019-11-26T12:01:00.000000Z
1574769720000,0.21893,0.21936,0.21883,0.21931,239769.8,2019-11-26T12:02:00.000000Z
1574769780000,0.21922,0.21922,0.21882,0.21893,33059.6,2019-11-26T12:03:00.000000Z
1574769840000,0.21891,0.21891,0.21876,0.21876,26391.3,2019-11-26T12:04:00.000000Z
1574769900000,0.21875,0.21887,0.21863,0.21863,122193.7,2019-11-26T12:05:00.000000Z
1574769960000,0.21863,0.21872,0.21838,0.21838,50086.6,2019-11-26T12:06:00.000000Z
1574770020000,0.21841,0.21867,0.21831,0.21859,22630.4,2019-11-26T12:07:00.000000Z
1574770080000,0.21859,0.21874,0.21846,0.2185,4716.2,2019-11-26T12:08:00.000000Z
1574770140000,0.21849,0.21849,0.21823,0.2184,19780.6,2019-11-26T12:09:00.000000Z
1574770200000,0.2184,0.21846,0.21806,0.21818,61819.0,2019-11-26T12:10:00.000000Z
1574770260000,0.21809,0.21829,0.21803,0.21829,110550.9,2019-11-26T12:11:00.000000Z
1574770320000,0.21822,0.21822,0.21806,0.21815,5320.0,2019-11-26T12:12:00.000000Z
1574770380000,0.21814,0.21823,0.21805,0.21808,37006.5,2019-11-26T12:13:00.000000Z
1574770440000,0.21811,0.21847,0.21807,0.21828,73091.6,2019-11-26T12:14:00.000000Z
1574770500000,0.21827,0.21827,0.21813,0.21814,13298.1,2019-11-26T12:15:00.000000Z
1574770560000,0.21813,0.21818,0.218,0.21818,116248.4,2019-11-26T12:16:00.000000Z
1574770620000,0.21819,0.21835,0.21798,0.21817,41834.1,2019-11-26T12:17:00.000000Z
1574770680000,0.21817,0.21817,0.21787,0.21789,94636.1,2019-11-26T12:18:00.000000Z
1574770740000,0.21791,0.218,0.21788,0.218,35666.2,2019-11-26T12:19:00.000000Z
1574770800000,0.21804,0.21804,0.21782,0.21785,31796.2,2019-11-26T12:20:00.000000Z
1574770860000,0.21788,0.21793,0.2177,0.21771,9812.6,2019-11-26T12:21:00.000000Z
1574770920000,0.21775,0.21776,0.21701,0.21708,227942.3,2019-11-26T12:22:00.000000Z
1574770980000,0.21703,0.21726,0.21675,0.21716,232739.3,2019-11-26T12:23:00.000000Z
1574771040000,0.21716,0.21716,0.21684,0.21687,56768.5,2019-11-26T12:24:00.000000Z
1574771100000,0.21688,0.21706,0.21688,0.21704,15414.3,2019-11-26T12:25:00.000000Z
1574771160000,0.21707,0.21722,0.21704,0.21722,34317.2,2019-11-26T12:26:00.000000Z
1574771220000,0.21731,0.21779,0.21731,0.21779,95193.3,2019-11-26T12:27:00.000000Z
1574771280000,0.21779,0.2178,0.21761,0.2177,57719.6,2019-11-26T12:28:00.000000Z
1574771340000,0.21774,0.21799,0.21772,0.21779,68934.5,2019-11-26T12:29:00.000000Z
1574771400000,0.21779,0.21801,0.21744,0.21745,190529.9,2019-11-26T12:30:00.000000Z
1574771460000,0.21745,0.21762,0.21733,0.21733,236350.3,2019-11-26T12:31:00.000000Z
1574771520000,0.21733,0.21748,0.2171,0.21727,155611.6,2019-11-26T12:32:00.000000Z
1574771580000,0.21725,0.21725,0.2168,0.2168,76179.2,2019-11-26T12:33:00.000000Z
1574771640000,0.21678,0.21683,0.2167,0.21682,31605.8,2019-11-26T12:34:00.000000Z
1574771700000,0.21677,0.21706,0.21676,0.21705,14398.2,2019-11-26T12:35:00.000000Z
1574771760000,0.21705,0.21723,0.21705,0.21715,102092.0,2019-11-26T12:36:00.000000Z
1574771820000,0.21716,0.21746,0.21716,0.21741,79144.9,2019-11-26T12:37:00.000000Z
1574771880000,0.21737,0.21738,0.21707,0.21711,35958.0,2019-11-26T12:38:00.000000Z
1574771940000,0.21708,0.21725,0.21708,0.21717,15808.8,2019-11-26T12:39:00.000000Z
1574772000000,0.21718,0.21731,0.21708,0.21714,14703.9,2019-11-26T12:40:00.000000Z
1574772060000,0.21714,0.21719,0.21714,0.21716,14737.0,2019-11-26T12:41:00.000000Z
1574772120000,0.21716,0.21716,0.21666,0.21697,65022.6,2019-11-26T12:42:00.000000Z
1574772180000,0.21699,0.217,0.21682,0.21684,63791.3,2019-11-26T12:43:00.000000Z
1574772240000,0.21686,0.21699,0.21681,0.21696,79820.1,2019-11-26T12:44:00.000000Z
1574772300000,0.21696,0.217,0.21689,0.217,55900.8,2019-11-26T12:45:00.000000Z
1574772360000,0.217,0.21714,0.217,0.21711,48001.7,2019-11-26T12:46:00.000000Z
1574772420000,0.21711,0.21739,0.21706,0.21723,29747.2,2019-11-26T12:47:00.000000Z
1574772480000,0.21722,0.21726,0.21722,0.21722,20104.2,2019-11-26T12:48:00.000000Z
1574772540000,0.2172,0.21736,0.21716,0.21716,16411.4,2019-11-26T12:49:00.000000Z
1574772600000,0.21717,0.21736,0.21699,0.21705,39707.7,2019-11-26T12:50:00.000000Z
1574772660000,0.21703,0.21708,0.21687,0.21695,13888.9,2019-11-26T12:51:00.000000Z
1574772720000,0.21695,0.2172,0.21687,0.21689,40274.3,2019-11-26T12:52:00.000000Z
1574772780000,0.21687,0.21694,0.21677,0.21677,85498.5,2019-11-26T12:53:00.000000Z
1574772840000,0.21677,0.21735,0.21677,0.21723,106535.4,2019-11-26T12:54:00.000000Z
1574772900000,0.21719,0.21719,0.21692,0.21697,69231.5,2019-11-26T12:55:00.000000Z
1574772960000,0.217,0.2172,0.217,0.21706,24086.4,2019-11-26T12:56:00.000000Z
1574773020000,0.21707,0.21726,0.21706,0.21713,45713.3,2019-11-26T12:57:00.000000Z
1574773080000,0.2171,0.21721,0.21709,0.21714,2312.5,2019-11-26T12:58:00.000000Z
1574773140000,0.21715,0.21725,0.21708,0.21716,5251.9,2019-11-26T12:59:00.000000Z
1574773200000,0.21711,0.21711,0.21695,0.21709,142842.2,2019-11-26T13:00:00.000000Z
1574773260000,0.21709,0.21709,0.21656,0.21663,205747.5,2019-11-26T13:01:00.000000Z
1574773320000,0.21661,0.21677,0.21623,0.21625,104301.5,2019-11-26T13:02:00.000000Z
1574773380000,0.21629,0.21647,0.21618,0.21623,147808.8,2019-11-26T13:03:00.000000Z
1574773440000,0.21622,0.21622,0.21559,0.21567,443122.4,2019-11-26T13:04:00.000000Z
1574773500000,0.21569,0.2158,0.21555,0.2158,304260.2,2019-11-26T13:05:00.000000Z
1574773560000,0.21588,0.21594,0.21576,0.21579,65830.5,2019-11-26T13:06:00.000000Z
1574773620000,0.21584,0.21614,0.21584,0.21613,93147.7,2019-11-26T13:07:00.000000Z
1574773680000,0.21615,0.21635,0.21604,0.21635,119927.1,2019-11-26T13:08:00.000000Z
1574773740000,0.21638,0.21656,0.2161,0.21656,63048.9,2019-11-26T13:09:00.000000Z
1574773800000,0.21652,0.21665,0.21636,0.21649,79140.3,2019-11-26T13:10:00.000000Z
1574773860000,0.21649,0.21666,0.21604,0.21605,200366.6,2019-11-26T13:11:00.000000Z
1574773920000,0.21601,0.21622,0.21565,0.21611,132641.5,2019-11-26T13:12:00.000000Z
1574773980000,0.2161,0.21626,0.21566,0.21566,97326.9,2019-11-26T13:13:00.000000Z
1574774040000,0.21563,0.21592,0.21561,0.21582,73542.4,2019-11-26T13:14:00.000000Z
1574774100000,0.21579,0.21602,0.21572,0.21588,80403.5,2019-11-26T13:15:00.000000Z
1574774160000,0.21589,0.21616,0.21589,0.21596,60327.8,2019-11-26T13:16:00.000000Z
1574774220000,0.21602,0.21602,0.21556,0.21571,74479.8,2019-11-26T13:17:00.000000Z
1574774280000,0.21567,0.21585,0.21556,0.21584,82212.1,2019-11-26T13:18:00.000000Z
1574774340000,0.21578,0.21578,0.21552,0.21554,47901.2,2019-11-26T13:19:00.000000Z
1574774400000,0.21551,0.21581,0.2155,0.21581,44560.8,2019-11-26T13:20:00.000000Z
1574774460000,0.21578,0.21583,0.21558,0.21563,17904.1,2019-11-26T13:21:00.000000Z
1574774520000,0.21563,0.21582,0.21554,0.21564,28772.9,2019-11-26T13:22:00.000000Z
1574774580000,0.21564,0.21594,0.21553,0.21594,64190.2,2019-11-26T13:23:00.000000Z
1574774640000,0.21593,0.21603,0.21574,0.21599,31248.7,2019-11-26T13:24:00.000000Z
1574774700000,0.216,0.21607,0.21594,0.21607,12820.5,2019-11-26T13:25:00.000000Z
1574774760000,0.21609,0.21628,0.21599,0.21628,29786.4,2019-11-26T13:26:00.000000Z
1574774820000,0.21627,0.21653,0.21626,0.2165,46063.5,2019-11-26T13:27:00.000000Z
1574774880000,0.21651,0.21665,0.21636,0.21642,69681.5,2019-11-26T13:28:00.000000Z
1574774940000,0.21642,0.21646,0.21624,0.21624,11565.0,2019-11-26T13:29:00.000000Z
1574775000000,0.21617,0.21661,0.21617,0.21658,33159.2,2019-11-26T13:30:00.000000Z
1574775060000,0.2166,0.21677,0.21651,0.21664,66090.6,2019-11-26T13:31:00.000000Z
1574775120000,0.21663,0.21692,0.21661,0.21692,21412.6,2019-11-26T13:32:00.000000Z
1574775180000,0.2169,0.2169,0.21669,0.21669,10626.8,2019-11-26T13:33:00.000000Z
1574775240000,0.21671,0.21672,0.21651,0.21657,40799.5,2019-11-26T13:34:00.000000Z
1574775300000,0.21653,0.21657,0.21643,0.21645,19205.8,2019-11-26T13:35:00.000000Z
1574775360000,0.21645,0.21645,0.21645,0.21645,12325.8,2019-11-26T13:36:00.000000Z
1574775420000,0.21645,0.21645,0.21597,0.21608,51307.7,2019-11-26T13:37:00.000000Z
1574775480000,0.21607,0.21607,0.21599,0.21599,6559.9,2019-11-26T13:38:00.000000Z
1574775540000,0.21598,0.21628,0.21597,0.21619,30778.0,2019-11-26T13:39:00.000000Z
1574775600000,0.21625,0.2163,0.21601,0.21602,52297.3,2019-11-26T13:40:00.000000Z
1574775660000,0.21597,0.216,0.21585,0.21588,26822.4,2019-11-26T13:41:00.000000Z
1574775720000,0.21588,0.21594,0.2157,0.21593,87063.1,2019-11-26T13:42:00.000000Z
1574775780000,0.2159,0.21616,0.2159,0.21601,99753.9,2019-11-26T13:43:00.000000Z
1574775840000,0.2159,0.21602,0.21558,0.2156,90109.9,2019-11-26T13:44:00.000000Z
1574775900000,0.21561,0.21601,0.2155,0.21563,92503.2,2019-11-26T13:45:00.000000Z
1574775960000,0.21556,0.21566,0.21544,0.21559,80707.5,2019-11-26T13:46:00.000000Z
1574776020000,0.21562,0.21565,0.21537,0.21558,147732.2,2019-11-26T13:47:00.000000Z
1574776080000,0.21553,0.21556,0.21519,0.21531,93473.0,2019-11-26T13:48:00.000000Z
1574776140000,0.21532,0.21544,0.21494,0.21542,273576.4,2019-11-26T13:49:00.000000Z
1574776200000,0.21545,0.21561,0.21533,0.21545,85750.1,2019-11-26T13:50:00.000000Z
1574776260000,0.21551,0.21551,0.2153,0.21533,32911.6,2019-11-26T13:51:00.000000Z
1574776320000,0.21533,0.21542,0.21518,0.2153,25894.4,2019-11-26T13:52:00.000000Z
1574776380000,0.21531,0.21561,0.21521,0.21555,32638.8,2019-11-26T13:53:00.000000Z
1574776440000,0.21554,0.21574,0.2155,0.21564,3856.5,2019-11-26T13:54:00.000000Z
1574776500000,0.21563,0.21593,0.21563,0.21587,15078.6,2019-11-26T13:55:00.000000Z
1574776560000,0.21582,0.21582,0.21555,0.21557,33627.8,2019-11-26T13:56:00.000000Z
1574776620000,0.21558,0.21571,0.21558,0.21558,9343.6,2019-11-26T13:57:00.000000Z
1574776680000,0.21558,0.21563,0.21528,0.21528,68095.3,2019-11-26T13:58:00.000000Z
1574776740000,0.21528,0.21537,0.21523,0.21523,89233.3,2019-11-26T13:59:00.000000Z
1574776800000,0.21521,0.21525,0.21495,0.21509,70004.0,2019-11-26T14:00:00.000000Z
1574776860000,0.21513,0.21515,0.21478,0.21506,201152.9,2019-11-26T14:01:00.000000Z
1574776920000,0.21508,0.2153,0.21495,0.21519,34935.3,2019-11-26T14:02:00.000000Z
1574776980000,0.21519,0.21555,0.21519,0.21555,34957.2,2019-11-26T14:03:00.000000Z
1574777040000,0.21551,0.21573,0.2153,0.21572,115588.4,2019-11-26T14:04:00.000000Z
1574777100000,0.21573,0.21625,0.21571,0.21605,239846.7,2019-11-26T14:05:00.000000Z
1574777160000,0.21598,0.2166,0.21578,0.2166,193977.6,2019-11-26T14:06:00.000000Z
1574777220000,0.21659,0.21663,0.21639,0.21658,54199.6,2019-11-26T14:07:00.000000Z
1574777280000,0.21663,0.21663,0.21625,0.21635,47536.3,2019-11-26T14:08:00.000000Z
1574777340000,0.21635,0.21674,0.21633,0.21673,93563.6,2019-11-26T14:09:00.000000Z
1574777400000,0.21667,0.21677,0.21645,0.21647,26963.0,2019-11-26T14:10:00.000000Z
1574777460000,0.21647,0.21677,0.21643,0.21671,39208.6,2019-11-26T14:11:00.000000Z
1574777520000,0.21671,0.2171,0.21671,0.2171,80440.1,2019-11-26T14:12:00.000000Z
1574777580000,0.21711,0.21739,0.21702,0.21715,61368.0,2019-11-26T14:13:00.000000Z
1574777640000,0.2172,0.2172,0.21684,0.21695,17215.5,2019-11-26T14:14:00.000000Z
1574777700000,0.2169,0.2173,0.2169,0.21728,155420.0,2019-11-26T14:15:00.000000Z
1574777760000,0.21728,0.2173,0.21706,0.2173,31349.2,2019-11-26T14:16:00.000000Z
1574777820000,0.21729,0.2174,0.21722,0.21738,44196.3,2019-11-26T14:17:00.000000Z
1574777880000,0.21734,0.21754,0.2173,0.2175,20058.1,2019-11-26T14:18:00.000000Z
1574777940000,0.2175,0.21754,0.21707,0.21713,75347.9,2019-11-26T14:19:00.000000Z
1574778000000,0.21713,0.21714,0.21701,0.21709,7290.0,2019-11-26T14:20:00.000000Z
1574778060000,0.21712,0.21721,0.21709,0.21709,14222.1,2019-11-26T14:21:00.000000Z
1574778120000,0.21708,0.21729,0.21677,0.21677,106791.8,2019-11-26T14:22:00.000000Z
1574778180000,0.21674,0.21674,0.21619,0.21647,230859.8,2019-11-26T14:23:00.000000Z
1574778240000,0.2165,0.21701,0.21647,0.21663,301479.7,2019-11-26T14:24:00.000000Z
1574778300000,0.21668,0.21719,0.21668,0.21681,88743.7,2019-11-26T14:25:00.000000Z
1574778360000,0.21678,0.21688,0.21653,0.21688,17960.4,2019-11-26T14:26:00.000000Z
1574778420000,0.21691,0.21753,0.21686,0.21752,23130.6,2019-11-26T14:27:00.000000Z
1574778480000,0.21751,0.21751,0.21723,0.21735,44858.0,2019-11-26T14:28:00.000000Z
1574778540000,0.21738,0.21788,0.21733,0.21783,56495.5,2019-11-26T14:29:00.000000Z
1574778600000,0.21783,0.21783,0.2175,0.21768,85520.6,2019-11-26T14:30:00.000000Z
1574778660000,0.2177,0.21771,0.2176,0.21761,44174.9,2019-11-26T14:31:00.000000Z
1574778720000,0.2176,0.21797,0.2176,0.21788,41384.7,2019-11-26T14:32:00.000000Z
1574778780000,0.21787,0.218,0.21758,0.2176,405365.8,2019-11-26T14:33:00.000000Z
1574778840000,0.21761,0.21771,0.21743,0.21755,56756.0,2019-11-26T14:34:00.000000Z
1574778900000,0.21759,0.2176,0.21732,0.21732,120973.0,2019-11-26T14:35:00.000000Z
1574778960000,0.2173,0.21732,0.2168,0.2168,65135.3,2019-11-26T14:36:00.000000Z
1574779020000,0.21678,0.21694,0.21677,0.21689,6000.0,2019-11-26T14:37:00.000000Z
1574779080000,0.21689,0.21696,0.2167,0.21688,28075.9,2019-11-26T14:38:00.000000Z
1574779140000,0.21687,0.21727,0.21673,0.21725,129582.0,2019-11-26T14:39:00.000000Z
1574779200000,0.21725,0.21745,0.21725,0.21727,40031.7,2019-11-26T14:40:00.000000Z
1574779260000,0.21729,0.21748,0.21721,0.21738,65065.8,2019-11-26T14:41:00.000000Z
1574779320000,0.21737,0.21743,0.21722,0.21733,25191.4,2019-11-26T14:42:00.000000Z
1574779380000,0.21728,0.2173,0.21702,0.21709,17264.1,2019-11-26T14:43:00.000000Z
1574779440000,0.21706,0.21735,0.21703,0.21733,75790.4,2019-11-26T14:44:00.000000Z
1574779500000,0.2173,0.21742,0.2171,0.21735,107151.9,2019-11-26T14:45:00.000000Z
1574779560000,0.21744,0.21744,0.21729,0.21732,28330.9,2019-11-26T14:46:00.000000Z
1574779620000,0.21727,0.21761,0.21727,0.21761,57680.9,2019-11-26T14:47:00.000000Z
1574779680000,0.21754,0.21765,0.2175,0.21765,129673.1,2019-11-26T14:48:00.000000Z
1574779740000,0.21765,0.21765,0.21746,0.21754,56640.5,2019-11-26T14:49:00.000000Z
1574779800000,0.21747,0.21754,0.21739,0.21745,29777.1,2019-11-26T14:50:00.000000Z
1574779860000,0.21741,0.21753,0.21735,0.21746,53382.9,2019-11-26T14:51:00.000000Z
1574779920000,0.21739,0.21746,0.21723,0.21731,28531.0,2019-11-26T14:52:00.000000Z
1574779980000,0.21727,0.21732,0.2172,0.2172,5949.3,2019-11-26T14:53:00.000000Z
1574780040000,0.2172,0.21723,0.2171,0.21715,28364.4,2019-11-26T14:54:00.000000Z
1574780100000,0.2172,0.21721,0.21693,0.21693,118934.0,2019-11-26T14:55:00.000000Z
1574780160000,0.21694,0.21694,0.21671,0.21671,51842.3,2019-11-26T14:56:00.000000Z
1574780220000,0.21673,0.21712,0.21672,0.21701,102958.6,2019-11-26T14:57:00.000000Z
1574780280000,0.21704,0.2172,0.21696,0.21708,90044.7,2019-11-26T14:58:00.000000Z
1574780340000,0.21709,0.21709,0.21693,0.217,12633.6,2019-11-26T14:59:00.000000Z
1574780400000,0.21699,0.21762,0.21699,0.21748,104295.2,2019-11-26T15:00:00.000000Z
1574780460000,0.21748,0.21775,0.21744,0.21762,57064.0,2019-11-26T15:01:00.000000Z
1574780520000,0.21769,0.21774,0.21742,0.21742,92069.2,2019-11-26T15:02:00.000000Z
1574780580000,0.21743,0.21751,0.21717,0.21717,101887.5,2019-11-26T15:03:00.000000Z
1574780640000,0.21728,0.21729,0.21722,0.21723,9693.5,2019-11-26T15:04:00.000000Z
1574780700000,0.21724,0.2173,0.2172,0.21723,7994.5,2019-11-26T15:05:00.000000Z
1574780760000,0.21724,0.21732,0.21712,0.21723,18123.5,2019-11-26T15:06:00.000000Z
1574780820000,0.21722,0.21722,0.21699,0.21712,88062.9,2019-11-26T15:07:00.000000Z
1574780880000,0.21711,0.21734,0.21711,0.21728,14510.6,2019-11-26T15:08:00.000000Z
1574780940000,0.21729,0.2174,0.21722,0.21725,48516.7,2019-11-26T15:09:00.000000Z
1574781000000,0.21722,0.21734,0.21722,0.21728,23265.9,2019-11-26T15:10:00.000000Z
1574781060000,0.2173,0.21732,0.21702,0.21703,38195.1,2019-11-26T15:11:00.000000Z
1574781120000,0.21699,0.21703,0.21688,0.21692,40939.9,2019-11-26T15:12:00.000000Z
1574781180000,0.21692,0.21712,0.21692,0.2171,63259.6,2019-11-26T15:13:00.000000Z
1574781240000,0.21713,0.21713,0.21689,0.21699,62020.9,2019-11-26T15:14:00.000000Z
1574781300000,0.21695,0.21695,0.21671,0.2168,22913.0,2019-11-26T15:15:00.000000Z
1574781360000,0.2168,0.21691,0.2166,0.21663,37175.4,2019-11-26T15:16:00.000000Z
1574781420000,0.21662,0.21662,0.216,0.21616,525142.0,2019-11-26T15:17:00.000000Z
1574781480000,0.21609,0.2163,0.21606,0.21617,55022.8,2019-11-26T15:18:00.000000Z
1574781540000,0.21618,0.21619,0.21604,0.21608,48676.5,2019-11-26T15:19:00.000000Z
1574781600000,0.21605,0.2164,0.21605,0.21637,30222.5,2019-11-26T15:20:00.000000Z
1574781660000,0.21633,0.21648,0.21621,0.21623,31263.1,2019-11-26T15:21:00.000000Z
1574781720000,0.21624,0.21637,0.2162,0.21628,50560.2,2019-11-26T15:22:00.000000Z
1574781780000,0.21628,0.21643,0.21623,0.21642,69197.3,2019-11-26T15:23:00.000000Z
1574781840000,0.2164,0.2164,0.21621,0.21626,15945.4,2019-11-26T15:24:00.000000Z
1574781900000,0.21626,0.21631,0.21612,0.21615,41469.0,2019-11-26T15:25:00.000000Z
1574781960000,0.21622,0.21622,0.21612,0.21612,18559.0,2019-11-26T15:26:00.000000Z
1574782020000,0.21613,0.2162,0.21601,0.21608,29687.6,2019-11-26T15:27:00.000000Z
1574782080000,0.21604,0.2162,0.21594,0.21601,64159.2,2019-11-26T15:28:00.000000Z
1574782140000,0.21615,0.21623,0.21608,0.21623,834.3,2019-11-26T15:29:00.000000Z
1574782200000,0.21623,0.21628,0.2162,0.2162,8979.0,2019-11-26T15:30:00.000000Z
1574782260000,0.2162,0.2162,0.21599,0.21604,2857.3,2019-11-26T15:31:00.000000Z
1574782320000,0.21608,0.21608,0.21579,0.21583,52569.6,2019-11-26T15:32:00.000000Z
1574782380000,0.21584,0.21608,0.21584,0.21604,12847.9,2019-11-26T15:33:00.000000Z
1574782440000,0.21604,0.21622,0.216,0.21601,64439.3,2019-11-26T15:34:00.000000Z
1574782500000,0.216,0.21617,0.21596,0.21596,26788.0,2019-11-26T15:35:00.000000Z
1574782560000,0.21597,0.21627,0.21597,0.21626,46111.9,2019-11-26T15:36:00.000000Z
1574782620000,0.21626,0.21631,0.21624,0.21631,9411.5,2019-11-26T15:37:00.000000Z
1574782680000,0.2163,0.21644,0.21626,0.21644,57679.4,2019-11-26T15:38:00.000000Z
1574782740000,0.21642,0.21667,0.21642,0.21666,28709.1,2019-11-26T15:39:00.000000Z
1574782800000,0.21666,0.21673,0.2166,0.21667,5342.7,2019-11-26T15:40:00.000000Z
1574782860000,0.21669,0.21673,0.21648,0.21655,20752.5,2019-11-26T15:41:00.000000Z
1574782920000,0.21653,0.21665,0.21646,0.21662,14250.3,2019-11-26T15:42:00.000000Z
1574782980000,0.21664,0.21678,0.21664,0.21678,2857.6,2019-11-26T15:43:00.000000Z
1574783040000,0.21678,0.21698,0.21678,0.21698,31046.0,2019-11-26T15:44:00.000000Z
1574783100000,0.217,0.21758,0.217,0.21758,124032.8,2019-11-26T15:45:00.000000Z
1574783160000,0.21758,0.21758,0.21715,0.21729,68062.5,2019-11-26T15:46:00.000000Z
1574783220000,0.21725,0.21725,0.21689,0.21696,12944.5,2019-11-26T15:47:00.000000Z
1574783280000,0.21695,0.21717,0.21695,0.21703,12531.3,2019-11-26T15:48:00.000000Z
1574783340000,0.21705,0.21712,0.21688,0.21701,48459.3,2019-11-26T15:49:00.000000Z
1574783400000,0.217,0.21711,0.21693,0.21702,42709.1,2019-11-26T15:50:00.000000Z
1574783460000,0.217,0.21711,0.21687,0.21711,2195.1,2019-11-26T15:51:00.000000Z
1574783520000,0.21704,0.21711,0.21701,0.21711,929.0,2019-11-26T15:52:00.000000Z
1574783580000,0.21708,0.21709,0.21707,0.21709,906.8,2019-11-26T15:53:00.000000Z
1574783640000,0.21709,0.2174,0.21709,0.21728,26055.9,2019-11-26T15:54:00.000000Z
1574783700000,0.21734,0.21734,0.217,0.21713,89566.7,2019-11-26T15:55:00.000000Z
1574783760000,0.2171,0.21712,0.21702,0.21702,2882.3,2019-11-26T15:56:00.000000Z
1574783820000,0.21702,0.21705,0.21692,0.21704,6461.3,2019-11-26T15:57:00.000000Z
1574783880000,0.21704,0.21726,0.21703,0.21722,154217.6,2019-11-26T15:58:00.000000Z
1574783940000,0.21725,0.21737,0.2172,0.21726,64411.7,2019-11-26T15:59:00.000000Z
1574784000000,0.21723,0.21745,0.21721,0.21739,20551.1,2019-11-26T16:00:00.000000Z
1574784060000,0.21745,0.2175,0.21736,0.2175,22424.6,2019-11-26T16:01:00.000000Z
1574784120000,0.21753,0.21754,0.21702,0.21714,95421.4,2019-11-26T16:02:00.000000Z
1574784180000,0.21713,0.21713,0.21689,0.21696,80397.8,2019-11-26T16:03:00.000000Z
1574784240000,0.21696,0.21725,0.21695,0.21724,36066.7,2019-11-26T16:04:00.000000Z
1574784300000,0.21724,0.2174,0.21711,0.21737,68588.5,2019-11-26T16:05:00.000000Z
1574784360000,0.21732,0.21742,0.21724,0.21731,23632.2,2019-11-26T16:06:00.000000Z
1574784420000,0.21726,0.21744,0.21702,0.21743,144330.4,2019-11-26T16:07:00.000000Z
1574784480000,0.21746,0.21746,0.21701,0.21712,97360.4,2019-11-26T16:08:00.000000Z
1574784540000,0.21699,0.21699,0.21687,0.21692,37522.1,2019-11-26T16:09:00.000000Z
1574784600000,0.21693,0.21709,0.21692,0.217,25370.3,2019-11-26T16:10:00.000000Z
1574784660000,0.21703,0.21738,0.21692,0.2173,86815.6,2019-11-26T16:11:00.000000Z
1574784720000,0.21734,0.21754,0.21734,0.21735,52203.1,2019-11-26T16:12:00.000000Z
1574784780000,0.21733,0.21759,0.21733,0.21755,78248.8,2019-11-26T16:13:00.000000Z
1574784840000,0.21751,0.21753,0.21744,0.21752,30944.5,2019-11-26T16:14:00.000000Z
1574784900000,0.21752,0.21771,0.2175,0.21771,124783.2,2019-11-26T16:15:00.000000Z
1574784960000,0.21771,0.21775,0.21762,0.21762,27409.7,2019-11-26T16:16:00.000000Z
1574785020000,0.21765,0.21766,0.21739,0.21744,20799.5,2019-11-26T16:17:00.000000Z
1574785080000,0.21744,0.2176,0.21744,0.21751,19042.3,2019-11-26T16:18:00.000000Z
1574785140000,0.21751,0.21756,0.21742,0.21746,48364.1,2019-11-26T16:19:00.000000Z
1574785200000,0.2175,0.2175,0.2174,0.21746,12141.8,2019-11-26T16:20:00.000000Z
1574785260000,0.21742,0.21747,0.21731,0.21747,22577.9,2019-11-26T16:21:00.000000Z
1574785320000,0.21743,0.21747,0.21743,0.21747,9171.1,2019-11-26T16:22:00.000000Z
1574785380000,0.21746,0.21748,0.21734,0.21736,10279.7,2019-11-26T16:23:00.000000Z
1574785440000,0.21738,0.21744,0.21735,0.21735,4682.7,2019-11-26T16:24:00.000000Z
1574785500000,0.21734,0.21736,0.2173,0.2173,9227.2,2019-11-26T16:25:00.000000Z
1574785560000,0.21731,0.2174,0.2173,0.2174,14100.3,2019-11-26T16:26:00.000000Z
1574785620000,0.21739,0.21741,0.21736,0.2174,48667.5,2019-11-26T16:27:00.000000Z
1574785680000,0.21737,0.21741,0.2173,0.21738,3080.7,2019-11-26T16:28:00.000000Z
1574785740000,0.21738,0.2174,0.21725,0.21726,31053.3,2019-11-26T16:29:00.000000Z
1574785800000,0.21726,0.21726,0.21725,0.21726,14401.9,2019-11-26T16:30:00.000000Z
1574785860000,0.21726,0.21726,0.2172,0.2172,12603.5,2019-11-26T16:31:00.000000Z
1574785920000,0.2172,0.21721,0.21719,0.2172,2602.0,2019-11-26T16:32:00.000000Z
1574785980000,0.2172,0.2172,0.21715,0.21716,1557.7,2019-11-26T16:33:00.000000Z
1574786040000,0.21715,0.21722,0.21713,0.21718,47319.3,2019-11-26T16:34:00.000000Z
1574786100000,0.21718,0.21718,0.21703,0.21712,10322.4,2019-11-26T16:35:00.000000Z
1574786160000,0.21712,0.21722,0.21712,0.21722,17313.5,2019-11-26T16:36:00.000000Z
1574786220000,0.2172,0.21725,0.21716,0.21717,33973.6,2019-11-26T16:37:00.000000Z
1574786280000,0.21717,0.21717,0.21703,0.21703,6054.2,2019-11-26T16:38:00.000000Z
1574786340000,0.21704,0.21717,0.21695,0.21703,8585.3,2019-11-26T16:39:00.000000Z
1574786400000,0.21705,0.21711,0.21697,0.21705,17843.2,2019-11-26T16:40:00.000000Z
1574786460000,0.21704,0.21704,0.21688,0.21688,62399.5,2019-11-26T16:41:00.000000Z
1574786520000,0.21688,0.21689,0.21675,0.21684,7215.8,2019-11-26T16:42:00.000000Z
1574786580000,0.21679,0.21679,0.21658,0.2166,74872.5,2019-11-26T16:43:00.000000Z
1574786640000,0.21658,0.21675,0.21658,0.21675,28416.3,2019-11-26T16:44:00.000000Z
1574786700000,0.21664,0.2167,0.21664,0.2167,2121.6,2019-11-26T16:45:00.000000Z
1574786760000,0.21671,0.21675,0.21662,0.21668,18604.6,2019-11-26T16:46:00.000000Z
1574786820000,0.21665,0.21674,0.21665,0.21674,43659.4,2019-11-26T16:47:00.000000Z
1574786880000,0.21674,0.21674,0.21659,0.21667,15094.8,2019-11-26T16:48:00.000000Z
1574786940000,0.21667,0.2167,0.21658,0.2167,54884.0,2019-11-26T16:49:00.000000Z
1574787000000,0.21669,0.2167,0.21662,0.2167,21413.0,2019-11-26T16:50:00.000000Z
1574787060000,0.2167,0.2168,0.21658,0.2168,122480.3,2019-11-26T16:51:00.000000Z
1574787120000,0.21679,0.217,0.21678,0.217,77012.7,2019-11-26T16:52:00.000000Z
1574787180000,0.21697,0.21722,0.21697,0.21709,24492.9,2019-11-26T16:53:00.000000Z
1574787240000,0.21709,0.2172,0.21696,0.2171,22491.7,2019-11-26T16:54:00.000000Z
1574787300000,0.2171,0.21729,0.2171,0.2171,62055.9,2019-11-26T16:55:00.000000Z
1574787360000,0.21715,0.21722,0.21715,0.21721,13962.7,2019-11-26T16:56:00.000000Z
1574787420000,0.21719,0.21722,0.21719,0.21722,3772.5,2019-11-26T16:57:00.000000Z
1574787480000,0.21722,0.2173,0.21714,0.2172,139098.6,2019-11-26T16:58:00.000000Z
1574787540000,0.2172,0.21731,0.2172,0.2173,53751.2,2019-11-26T16:59:00.000000Z
1574787600000,0.2173,0.21734,0.21724,0.21729,20584.1,2019-11-26T17:00:00.000000Z
1574787660000,0.21728,0.2173,0.2172,0.2172,17437.9,2019-11-26T17:01:00.000000Z
1574787720000,0.2172,0.21725,0.21713,0.21713,22605.1,2019-11-26T17:02:00.000000Z
1574787780000,0.21716,0.21719,0.217,0.217,51294.7,2019-11-26T17:03:00.000000Z
1574787840000,0.217,0.21703,0.21685,0.21692,54327.2,2019-11-26T17:04:00.000000Z
1574787900000,0.21702,0.21702,0.21681,0.21681,18915.0,2019-11-26T17:05:00.000000Z
1574787960000,0.21681,0.21701,0.21673,0.21691,61105.8,2019-11-26T17:06:00.000000Z
1574788020000,0.21691,0.21721,0.21691,0.21701,22925.3,2019-11-26T17:07:00.000000Z
1574788080000,0.217,0.217,0.21687,0.2169,2077.1,2019-11-26T17:08:00.000000Z
1574788140000,0.21687,0.21687,0.21675,0.21687,12175.2,2019-11-26T17:09:00.000000Z
1574788200000,0.21686,0.21686,0.21671,0.21671,21807.0,2019-11-26T17:10:00.000000Z
1574788260000,0.21671,0.21671,0.2166,0.21664,44968.3,2019-11-26T17:11:00.000000Z
1574788320000,0.21664,0.21665,0.21659,0.21662,13089.1,2019-11-26T17:12:00.000000Z
1574788380000,0.2166,0.2167,0.21659,0.2167,38867.6,2019-11-26T17:13:00.000000Z
1574788440000,0.21666,0.21669,0.21656,0.21668,8778.0,2019-11-26T17:14:00.000000Z
1574788500000,0.21668,0.21675,0.21653,0.21653,11987.5,2019-11-26T17:15:00.000000Z
1574788560000,0.21651,0.21654,0.21631,0.21635,55662.0,2019-11-26T17:16:00.000000Z
1574788620000,0.21635,0.2167,0.21635,0.21665,13084.5,2019-11-26T17:17:00.000000Z
1574788680000,0.21666,0.21671,0.21636,0.21663,17118.5,2019-11-26T17:18:00.000000Z
1574788740000,0.21664,0.21665,0.21645,0.21655,6974.9,2019-11-26T17:19:00.000000Z
1574788800000,0.21654,0.21654,0.21629,0.2163,4087.1,2019-11-26T17:20:00.000000Z
1574788860000,0.2163,0.21631,0.21612,0.21623,19042.8,2019-11-26T17:21:00.000000Z
1574788920000,0.21623,0.21631,0.21613,0.21617,3053.5,2019-11-26T17:22:00.000000Z
1574788980000,0.21617,0.21617,0.21608,0.21611,1624.7,2019-11-26T17:23:00.000000Z
1574789040000,0.2161,0.21633,0.2161,0.21627,49480.8,2019-11-26T17:24:00.000000Z
1574789100000,0.21632,0.21647,0.21632,0.21646,7607.7,2019-11-26T17:25:00.000000Z
1574789160000,0.21646,0.21667,0.21646,0.21666,4713.7,2019-11-26T17:26:00.000000Z
1574789220000,0.21669,0.21669,0.21644,0.21648,15623.4,2019-11-26T17:27:00.000000Z
1574789280000,0.2165,0.2165,0.21643,0.21643,1517.3,2019-11-26T17:28:00.000000Z
1574789340000,0.21643,0.2165,0.21636,0.21637,13037.0,2019-11-26T17:29:00.000000Z
1574789400000,0.21645,0.2165,0.21635,0.21638,2173.6,2019-11-26T17:30:00.000000Z
1574789460000,0.21638,0.21639,0.21634,0.21636,9651.3,2019-11-26T17:31:00.000000Z
1574789520000,0.21636,0.21649,0.21636,0.21641,9938.0,2019-11-26T17:32:00.000000Z
1574789580000,0.21638,0.21653,0.21638,0.21653,9692.9,2019-11-26T17:33:00.000000Z
1574789640000,0.21653,0.21662,0.21651,0.21658,10190.4,2019-11-26T17:34:00.000000Z
1574789700000,0.21664,0.21672,0.21647,0.21666,18191.1,2019-11-26T17:35:00.000000Z
1574789760000,0.21666,0.21666,0.21635,0.21635,24357.7,2019-11-26T17:36:00.000000Z
1574789820000,0.21634,0.21652,0.2163,0.21641,13339.4,2019-11-26T17:37:00.000000Z
1574789880000,0.21641,0.21652,0.21641,0.21645,484.3,2019-11-26T17:38:00.000000Z
1574789940000,0.21645,0.21651,0.2164,0.21647,23374.6,2019-11-26T17:39:00.000000Z
1574790000000,0.21651,0.21677,0.21648,0.21663,18087.1,2019-11-26T17:40:00.000000Z
1574790060000,0.21659,0.21661,0.21652,0.21657,1428.9,2019-11-26T17:41:00.000000Z
1574790120000,0.21654,0.2166,0.21651,0.21654,2081.9,2019-11-26T17:42:00.000000Z
1574790180000,0.21659,0.21669,0.21652,0.21665,10103.7,2019-11-26T17:43:00.000000Z
1574790240000,0.21665,0.21671,0.21648,0.21656,3656.9,2019-11-26T17:44:00.000000Z
1574790300000,0.21657,0.21666,0.21657,0.21663,1924.3,2019-11-26T17:45:00.000000Z
1574790360000,0.21663,0.21666,0.21663,0.21664,2078.6,2019-11-26T17:46:00.000000Z
1574790420000,0.21663,0.21663,0.21663,0.21663,5201.0,2019-11-26T17:47:00.000000Z
1574790480000,0.21663,0.21665,0.21663,0.21663,2792.0,2019-11-26T17:48:00.000000Z
1574790540000,0.21662,0.21662,0.21645,0.21661,23041.2,2019-11-26T17:49:00.000000Z
1574790600000,0.21655,0.21673,0.21653,0.2167,16313.4,2019-11-26T17:50:00.000000Z
1574790660000,0.21669,0.21669,0.2165,0.21665,1259.0,2019-11-26T17:51:00.000000Z
1574790720000,0.21665,0.2167,0.21648,0.21669,4227.2,2019-11-26T17:52:00.000000Z
1574790780000,0.21665,0.21675,0.21654,0.21675,11723.5,2019-11-26T17:53:00.000000Z
1574790840000,0.21675,0.21675,0.21659,0.21667,2819.2,2019-11-26T17:54:00.000000Z
1574790900000,0.21675,0.21682,0.21662,0.21676,6523.9,2019-11-26T17:55:00.000000Z
1574790960000,0.21676,0.21681,0.21676,0.21678,942.1,2019-11-26T17:56:00.000000Z
1574791020000,0.21678,0.21681,0.21657,0.21667,3265.1,2019-11-26T17:57:00.000000Z
1574791080000,0.21667,0.21681,0.21665,0.21666,14951.2,2019-11-26T17:58:00.000000Z
1574791140000,0.21664,0.2167,0.21663,0.21667,7497.6,2019-11-26T17:59:00.000000Z
1574791200000,0.21666,0.21689,0.21664,0.21675,67398.3,2019-11-26T18:00:00.000000Z
1574791260000,0.21674,0.21686,0.21667,0.2168,76589.2,2019-11-26T18:01:00.000000Z
1574791320000,0.2168,0.21694,0.21668,0.21694,145681.9,2019-11-26T18:02:00.000000Z
1574791380000,0.21684,0.217,0.21676,0.217,57869.1,2019-11-26T18:03:00.000000Z
1574791440000,0.21695,0.21701,0.2168,0.21687,16506.4,2019-11-26T18:04:00.000000Z
1574791500000,0.21687,0.21702,0.21673,0.21701,56464.0,2019-11-26T18:05:00.000000Z
1574791560000,0.21692,0.21698,0.21673,0.2169,77217.3,2019-11-26T18:06:00.000000Z
1574791620000,0.21693,0.21693,0.21659,0.21675,51470.1,2019-11-26T18:07:00.000000Z
1574791680000,0.21671,0.2168,0.2165,0.21666,74768.3,2019-11-26T18:08:00.000000Z
1574791740000,0.21657,0.21701,0.21652,0.21668,256889.1,2019-11-26T18:09:00.000000Z
1574791800000,0.21668,0.21698,0.21627,0.21644,254360.6,2019-11-26T18:10:00.000000Z
1574791860000,0.2165,0.21673,0.21634,0.21661,131606.8,2019-11-26T18:11:00.000000Z
1574791920000,0.21647,0.21647,0.21606,0.21622,116976.8,2019-11-26T18:12:00.000000Z
1574791980000,0.21624,0.21648,0.21615,0.21618,107646.4,2019-11-26T18:13:00.000000Z
1574792040000,0.21623,0.21643,0.21616,0.21627,103018.4,2019-11-26T18:14:00.000000Z
1574792100000,0.21628,0.21651,0.21628,0.21648,45459.4,2019-11-26T18:15:00.000000Z
1574792160000,0.21643,0.21664,0.21643,0.21656,19884.5,2019-11-26T18:16:00.000000Z
1574792220000,0.21656,0.21665,0.21642,0.21655,9170.8,2019-11-26T18:17:00.000000Z
1574792280000,0.21655,0.21661,0.21641,0.2165,8849.6,2019-11-26T18:18:00.000000Z
1574792340000,0.21653,0.21655,0.21634,0.2165,18145.2,2019-11-26T18:19:00.000000Z
1574792400000,0.21655,0.21662,0.21655,0.21658,1576.1,2019-11-26T18:20:00.000000Z
1574792460000,0.21659,0.21693,0.21659,0.21693,34396.9,2019-11-26T18:21:00.000000Z
1574792520000,0.21697,0.21714,0.21666,0.21674,51662.1,2019-11-26T18:22:00.000000Z
1574792580000,0.21693,0.21717,0.2169,0.21706,44591.4,2019-11-26T18:23:00.000000Z
1574792640000,0.21699,0.21715,0.2168,0.21684,29912.2,2019-11-26T18:24:00.000000Z
1574792700000,0.21682,0.21701,0.21682,0.21697,12391.6,2019-11-26T18:25:00.000000Z
1574792760000,0.217,0.21731,0.21696,0.21724,21789.1,2019-11-26T18:26:00.000000Z
1574792820000,0.21719,0.21729,0.21711,0.21715,28552.7,2019-11-26T18:27:00.000000Z
1574792880000,0.21714,0.21714,0.21676,0.21686,128550.2,2019-11-26T18:28:00.000000Z
1574792940000,0.21687,0.21712,0.2168,0.21704,88261.8,2019-11-26T18:29:00.000000Z
1574793000000,0.21695,0.21698,0.21677,0.21691,79661.6,2019-11-26T18:30:00.000000Z
1574793060000,0.21692,0.21712,0.21678,0.21712,45716.8,2019-11-26T18:31:00.000000Z
1574793120000,0.21712,0.21712,0.21709,0.21709,1780.0,2019-11-26T18:32:00.000000Z
1574793180000,0.21718,0.2172,0.21718,0.21719,6702.6,2019-11-26T18:33:00.000000Z
1574793240000,0.21719,0.21729,0.21718,0.21729,28480.2,2019-11-26T18:34:00.000000Z
1574793300000,0.21731,0.21731,0.2172,0.21723,8084.8,2019-11-26T18:35:00.000000Z
1574793360000,0.21721,0.21726,0.21718,0.21725,4093.9,2019-11-26T18:36:00.000000Z
1574793420000,0.21721,0.21726,0.21721,0.21726,7099.3,2019-11-26T18:37:00.000000Z
1574793480000,0.21725,0.21726,0.21725,0.21725,9592.3,2019-11-26T18:38:00.000000Z
1574793540000,0.21726,0.21726,0.21723,0.21724,4259.2,2019-11-26T18:39:00.000000Z
1574793600000,0.21726,0.21736,0.21702,0.21716,27094.8,2019-11-26T18:40:00.000000Z
1574793660000,0.21716,0.21728,0.21707,0.21718,20539.0,2019-11-26T18:41:00.000000Z
1574793720000,0.21717,0.21733,0.21716,0.21722,13410.7,2019-11-26T18:42:00.000000Z
1574793780000,0.21722,0.21724,0.2171,0.2171,12402.0,2019-11-26T18:43:00.000000Z
1574793840000,0.21708,0.21709,0.21692,0.21692,6767.9,2019-11-26T18:44:00.000000Z
1574793900000,0.21692,0.2171,0.21692,0.21709,9772.5,2019-11-26T18:45:00.000000Z
1574793960000,0.2171,0.2171,0.21709,0.2171,18716.8,2019-11-26T18:46:00.000000Z
1574794020000,0.2171,0.21732,0.21709,0.21726,26048.3,2019-11-26T18:47:00.000000Z
1574794080000,0.21731,0.21731,0.21703,0.21708,34048.0,2019-11-26T18:48:00.000000Z
1574794140000,0.21707,0.21723,0.21706,0.21722,7629.9,2019-11-26T18:49:00.000000Z
1574794200000,0.21727,0.21727,0.21706,0.21714,4211.7,2019-11-26T18:50:00.000000Z
1574794260000,0.21714,0.21719,0.21712,0.21719,6935.5,2019-11-26T18:51:00.000000Z
1574794320000,0.21719,0.21723,0.21716,0.2172,2704.8,2019-11-26T18:52:00.000000Z
1574794380000,0.2172,0.21731,0.21705,0.21728,4990.4,2019-11-26T18:53:00.000000Z
1574794440000,0.21723,0.21724,0.21718,0.2172,14400.8,2019-11-26T18:54:00.000000Z
1574794500000,0.21721,0.21724,0.21721,0.21724,881.2,2019-11-26T18:55:00.000000Z
1574794560000,0.21724,0.21743,0.21722,0.21743,27002.9,2019-11-26T18:56:00.000000Z
1574794620000,0.21745,0.21745,0.21731,0.21742,4568.8,2019-11-26T18:57:00.000000Z
1574794680000,0.21743,0.2175,0.2174,0.21744,38701.1,2019-11-26T18:58:00.000000Z
1574794740000,0.21743,0.2175,0.21743,0.21746,9001.5,2019-11-26T18:59:00.000000Z
1574794800000,0.21745,0.21746,0.21722,0.21739,80129.9,2019-11-26T19:00:00.000000Z
1574794860000,0.2174,0.21746,0.2174,0.21746,42747.2,2019-11-26T19:01:00.000000Z
1574794920000,0.21746,0.21758,0.21745,0.21758,50368.6,2019-11-26T19:02:00.000000Z
1574794980000,0.21758,0.21774,0.21758,0.21771,46531.9,2019-11-26T19:03:00.000000Z
1574795040000,0.21772,0.21786,0.21763,0.21785,26974.6,2019-11-26T19:04:00.000000Z
1574795100000,0.21785,0.21791,0.21775,0.2178,97202.3,2019-11-26T19:05:00.000000Z
1574795160000,0.2178,0.218,0.2178,0.21788,40425.3,2019-11-26T19:06:00.000000Z
1574795220000,0.21788,0.21788,0.2177,0.21775,24337.1,2019-11-26T19:07:00.000000Z
1574795280000,0.21776,0.21776,0.2177,0.21772,1647.2,2019-11-26T19:08:00.000000Z
1574795340000,0.21772,0.21777,0.21759,0.21763,9295.2,2019-11-26T19:09:00.000000Z
1574795400000,0.21763,0.21764,0.21745,0.21748,25491.8,2019-11-26T19:10:00.000000Z
1574795460000,0.21749,0.21751,0.21741,0.21744,23563.4,2019-11-26T19:11:00.000000Z
1574795520000,0.21746,0.21752,0.21722,0.21729,13710.1,2019-11-26T19:12:00.000000Z
1574795580000,0.21726,0.21765,0.21726,0.2175,43807.3,2019-11-26T19:13:00.000000Z
1574795640000,0.21744,0.21758,0.21744,0.2175,737.6,2019-11-26T19:14:00.000000Z
1574795700000,0.2175,0.21775,0.2175,0.21772,47117.2,2019-11-26T19:15:00.000000Z
1574795760000,0.21771,0.2179,0.21749,0.21786,39933.6,2019-11-26T19:16:00.000000Z
1574795820000,0.21785,0.21791,0.21773,0.21782,37175.0,2019-11-26T19:17:00.000000Z
1574795880000,0.21782,0.21789,0.21774,0.21784,8106.7,2019-11-26T19:18:00.000000Z
1574795940000,0.21782,0.21797,0.21782,0.21795,51625.0,2019-11-26T19:19:00.000000Z
1574796000000,0.21789,0.21812,0.21789,0.2181,26360.8,2019-11-26T19:20:00.000000Z
1574796060000,0.21813,0.21816,0.21783,0.21806,54302.2,2019-11-26T19:21:00.000000Z
1574796120000,0.2181,0.2182,0.21803,0.21815,19079.9,2019-11-26T19:22:00.000000Z
1574796180000,0.21812,0.21813,0.21802,0.21812,6330.6,2019-11-26T19:23:00.000000Z
1574796240000,0.21812,0.21813,0.21796,0.21807,19776.2,2019-11-26T19:24:00.000000Z
1574796300000,0.21809,0.21809,0.21807,0.21807,3524.4,2019-11-26T19:25:00.000000Z
1574796360000,0.21806,0.21819,0.21801,0.21801,17022.1,2019-11-26T19:26:00.000000Z
1574796420000,0.21804,0.21818,0.21804,0.21817,36310.2,2019-11-26T19:27:00.000000Z
1574796480000,0.21814,0.21819,0.21802,0.21802,22580.5,2019-11-26T19:28:00.000000Z
1574796540000,0.21802,0.21815,0.21801,0.21815,2124.0,2019-11-26T19:29:00.000000Z
1574796600000,0.21818,0.21819,0.21817,0.21819,4785.4,2019-11-26T19:30:00.000000Z
1574796660000,0.21819,0.21829,0.21819,0.21827,11810.3,2019-11-26T19:31:00.000000Z
1574796720000,0.21824,0.21841,0.21817,0.2182,113296.4,2019-11-26T19:32:00.000000Z
1574796780000,0.21823,0.21841,0.21816,0.2182,3621.2,2019-11-26T19:33:00.000000Z
1574796840000,0.2182,0.21841,0.21819,0.21831,23722.9,2019-11-26T19:34:00.000000Z
1574796900000,0.21836,0.21864,0.21831,0.21837,152135.7,2019-11-26T19:35:00.000000Z
1574796960000,0.21837,0.21928,0.21837,0.21926,307692.5,2019-11-26T19:36:00.000000Z
1574797020000,0.2193,0.2195,0.21857,0.21864,420271.7,2019-11-26T19:37:00.000000Z
1574797080000,0.2188,0.21924,0.21872,0.21923,55364.6,2019-11-26T19:38:00.000000Z
1574797140000,0.21925,0.21934,0.21871,0.21876,130151.1,2019-11-26T19:39:00.000000Z
1574797200000,0.21877,0.2188,0.2186,0.2186,52362.4,2019-11-26T19:40:00.000000Z
1574797260000,0.21857,0.21857,0.2182,0.21827,60002.7,2019-11-26T19:41:00.000000Z
1574797320000,0.21839,0.21848,0.21823,0.21823,26236.9,2019-11-26T19:42:00.000000Z
1574797380000,0.21836,0.2184,0.21812,0.21817,18438.4,2019-11-26T19:43:00.000000Z
1574797440000,0.21818,0.21845,0.21807,0.21836,147478.8,2019-11-26T19:44:00.000000Z
1574797500000,0.21836,0.21849,0.21829,0.21849,81296.0,2019-11-26T19:45:00.000000Z
1574797560000,0.21845,0.21853,0.21845,0.21846,12829.5,2019-11-26T19:46:00.000000Z
1574797620000,0.21846,0.21851,0.21846,0.21847,39986.2,2019-11-26T19:47:00.000000Z
1574797680000,0.21847,0.21856,0.21832,0.21841,67699.6,2019-11-26T19:48:00.000000Z
1574797740000,0.21837,0.21837,0.21824,0.21828,12298.5,2019-11-26T19:49:00.000000Z
1574797800000,0.2183,0.21846,0.21824,0.2184,57535.5,2019-11-26T19:50:00.000000Z
1574797860000,0.21844,0.21858,0.21844,0.21845,13844.3,2019-11-26T19:51:00.000000Z
1574797920000,0.21843,0.2185,0.21843,0.21847,1656.0,2019-11-26T19:52:00.000000Z
1574797980000,0.21847,0.21852,0.21828,0.21828,47491.0,2019-11-26T19:53:00.000000Z
1574798040000,0.21828,0.21829,0.21803,0.21812,86014.9,2019-11-26T19:54:00.000000Z
1574798100000,0.21823,0.21823,0.21812,0.21821,1200.4,2019-11-26T19:55:00.000000Z
1574798160000,0.2182,0.2182,0.21797,0.21798,42311.7,2019-11-26T19:56:00.000000Z
1574798220000,0.21798,0.21815,0.21798,0.21812,6514.8,2019-11-26T19:57:00.000000Z
1574798280000,0.21818,0.21818,0.21818,0.21818,52.0,2019-11-26T19:58:00.000000Z
1574798340000,0.21818,0.21822,0.21806,0.21816,13293.7,2019-11-26T19:59:00.000000Z
1574798400000,0.21818,0.21829,0.21806,0.21823,23997.5,2019-11-26T20:00:00.000000Z
1574798460000,0.21825,0.21833,0.21813,0.21833,18712.1,2019-11-26T20:01:00.000000Z
1574798520000,0.21832,0.21837,0.21829,0.21829,338.7,2019-11-26T20:02:00.000000Z
1574798580000,0.21832,0.21838,0.21822,0.21822,956.0,2019-11-26T20:03:00.000000Z
1574798640000,0.21825,0.21843,0.21824,0.21824,7293.7,2019-11-26T20:04:00.000000Z
1574798700000,0.21837,0.21844,0.21835,0.21844,69240.2,2019-11-26T20:05:00.000000Z
1574798760000,0.21843,0.21843,0.21826,0.21826,16126.6,2019-11-26T20:06:00.000000Z
1574798820000,0.21825,0.21826,0.21798,0.21798,54066.4,2019-11-26T20:07:00.000000Z
1574798880000,0.21796,0.21799,0.2178,0.21786,149575.4,2019-11-26T20:08:00.000000Z
1574798940000,0.2179,0.2179,0.2176,0.21768,54272.6,2019-11-26T20:09:00.000000Z
1574799000000,0.21764,0.21764,0.21755,0.21755,20043.3,2019-11-26T20:10:00.000000Z
1574799060000,0.21756,0.21762,0.21755,0.2176,20453.5,2019-11-26T20:11:00.000000Z
1574799120000,0.21756,0.21757,0.21737,0.21747,12266.1,2019-11-26T20:12:00.000000Z
1574799180000,0.21749,0.21749,0.21744,0.21744,3770.2,2019-11-26T20:13:00.000000Z
1574799240000,0.21744,0.21755,0.21743,0.21743,5102.8,2019-11-26T20:14:00.000000Z
1574799300000,0.21745,0.2175,0.21745,0.2175,19670.0,2019-11-26T20:15:00.000000Z
1574799360000,0.2175,0.21757,0.21744,0.21757,7117.3,2019-11-26T20:16:00.000000Z
1574799420000,0.21758,0.21767,0.21753,0.21757,14733.0,2019-11-26T20:17:00.000000Z
1574799480000,0.21758,0.21773,0.21751,0.21772,14197.0,2019-11-26T20:18:00.000000Z
1574799540000,0.2177,0.2177,0.21764,0.21764,1075.8,2019-11-26T20:19:00.000000Z
1574799600000,0.21764,0.21812,0.21764,0.21812,32673.6,2019-11-26T20:20:00.000000Z
1574799660000,0.21811,0.21854,0.21811,0.21854,76900.5,2019-11-26T20:21:00.000000Z
1574799720000,0.21848,0.21848,0.21808,0.21813,23356.9,2019-11-26T20:22:00.000000Z
1574799780000,0.21817,0.21822,0.21805,0.21815,11493.6,2019-11-26T20:23:00.000000Z
1574799840000,0.21815,0.21839,0.21815,0.21836,9368.5,2019-11-26T20:24:00.000000Z
1574799900000,0.21836,0.21854,0.21819,0.21834,22459.9,2019-11-26T20:25:00.000000Z
1574799960000,0.21825,0.21836,0.21824,0.21824,2555.5,2019-11-26T20:26:00.000000Z
1574800020000,0.21822,0.21839,0.21822,0.21835,2497.9,2019-11-26T20:27:00.000000Z
1574800080000,0.21831,0.21832,0.21823,0.21826,2661.1,2019-11-26T20:28:00.000000Z
1574800140000,0.21824,0.2183,0.21824,0.21825,1686.5,2019-11-26T20:29:00.000000Z
1574800200000,0.21822,0.21822,0.21795,0.21803,70888.7,2019-11-26T20:30:00.000000Z
1574800260000,0.21801,0.21801,0.21799,0.21799,1469.4,2019-11-26T20:31:00.000000Z
1574800320000,0.21803,0.21814,0.21799,0.21809,6677.5,2019-11-26T20:32:00.000000Z
1574800380000,0.21809,0.21814,0.21797,0.21802,15881.0,2019-11-26T20:33:00.000000Z
1574800440000,0.21802,0.21808,0.21786,0.21792,12143.3,2019-11-26T20:34:00.000000Z
1574800500000,0.21796,0.21807,0.21787,0.21792,46634.3,2019-11-26T20:35:00.000000Z
1574800560000,0.21792,0.21805,0.21787,0.21789,20206.0,2019-11-26T20:36:00.000000Z
1574800620000,0.21788,0.21797,0.21788,0.21789,7978.5,2019-11-26T20:37:00.000000Z
1574800680000,0.21789,0.21789,0.2177,0.21775,38884.3,2019-11-26T20:38:00.000000Z
1574800740000,0.21776,0.21802,0.21776,0.21796,13643.6,2019-11-26T20:39:00.000000Z
1574800800000,0.21796,0.21811,0.21783,0.218,12756.8,2019-11-26T20:40:00.000000Z
1574800860000,0.21795,0.21803,0.21788,0.21798,22566.9,2019-11-26T20:41:00.000000Z
1574800920000,0.21801,0.21808,0.21791,0.21796,5763.7,2019-11-26T20:42:00.000000Z
1574800980000,0.21796,0.21807,0.21794,0.21807,3750.9,2019-11-26T20:43:00.000000Z
1574801040000,0.218,0.21807,0.21789,0.21789,837.0,2019-11-26T20:44:00.000000Z
1574801100000,0.21793,0.21806,0.21784,0.218,2999.7,2019-11-26T20:45:00.000000Z
1574801160000,0.21797,0.21802,0.21787,0.2179,1931.5,2019-11-26T20:46:00.000000Z
1574801220000,0.21791,0.21811,0.21791,0.21803,11607.5,2019-11-26T20:47:00.000000Z
1574801280000,0.21803,0.21818,0.218,0.21808,22469.5,2019-11-26T20:48:00.000000Z
1574801340000,0.21808,0.21825,0.21803,0.21812,27695.0,2019-11-26T20:49:00.000000Z
1574801400000,0.2181,0.21825,0.2181,0.21816,3217.3,2019-11-26T20:50:00.000000Z
1574801460000,0.21814,0.21829,0.21797,0.21797,10454.9,2019-11-26T20:51:00.000000Z
1574801520000,0.21796,0.21817,0.21796,0.21811,3390.5,2019-11-26T20:52:00.000000Z
1574801580000,0.21815,0.21835,0.21811,0.21835,39394.8,2019-11-26T20:53:00.000000Z
1574801640000,0.21835,0.21835,0.21807,0.21825,62107.2,2019-11-26T20:54:00.000000Z
1574801700000,0.21825,0.21835,0.21821,0.21821,4444.0,2019-11-26T20:55:00.000000Z
1574801760000,0.21822,0.21834,0.21822,0.21825,7810.7,2019-11-26T20:56:00.000000Z
1574801820000,0.21826,0.21827,0.21805,0.21805,30182.1,2019-11-26T20:57:00.000000Z
1574801880000,0.21811,0.21813,0.21807,0.2181,3792.0,2019-11-26T20:58:00.000000Z
1574801940000,0.21811,0.21814,0.2181,0.21814,6425.6,2019-11-26T20:59:00.000000Z
1574802000000,0.21815,0.21835,0.21815,0.21822,69650.5,2019-11-26T21:00:00.000000Z
1574802060000,0.21816,0.21835,0.21811,0.21822,32055.9,2019-11-26T21:01:00.000000Z
1574802120000,0.21822,0.21851,0.21822,0.21844,127095.5,2019-11-26T21:02:00.000000Z
1574802180000,0.21848,0.21891,0.21848,0.21861,89329.0,2019-11-26T21:03:00.000000Z
1574802240000,0.21862,0.21882,0.21843,0.21845,25235.3,2019-11-26T21:04:00.000000Z
1574802300000,0.21843,0.21863,0.21815,0.2182,99777.4,2019-11-26T21:05:00.000000Z
1574802360000,0.21818,0.2186,0.21818,0.21844,20281.9,2019-11-26T21:06:00.000000Z
1574802420000,0.21847,0.2195,0.21846,0.21923,279304.4,2019-11-26T21:07:00.000000Z
1574802480000,0.21926,0.2195,0.21908,0.21925,141258.6,2019-11-26T21:08:00.000000Z
1574802540000,0.21939,0.2195,0.21924,0.21935,25460.7,2019-11-26T21:09:00.000000Z
1574802600000,0.21933,0.21933,0.21911,0.21917,55719.8,2019-11-26T21:10:00.000000Z
1574802660000,0.21917,0.2195,0.21914,0.21946,96127.9,2019-11-26T21:11:00.000000Z
1574802720000,0.2195,0.21958,0.21932,0.21938,13187.6,2019-11-26T21:12:00.000000Z
1574802780000,0.21939,0.21973,0.21929,0.21929,84643.0,2019-11-26T21:13:00.000000Z
1574802840000,0.21928,0.21938,0.21919,0.21931,21198.6,2019-11-26T21:14:00.000000Z
1574802900000,0.21935,0.21964,0.21923,0.21923,11950.0,2019-11-26T21:15:00.000000Z
1574802960000,0.21924,0.21928,0.21878,0.21899,60273.0,2019-11-26T21:16:00.000000Z
1574803020000,0.21895,0.21906,0.21872,0.21882,20291.0,2019-11-26T21:17:00.000000Z
1574803080000,0.21896,0.21899,0.21885,0.21896,24087.5,2019-11-26T21:18:00.000000Z
1574803140000,0.21895,0.21895,0.21884,0.21885,1006.2,2019-11-26T21:19:00.000000Z
1574803200000,0.21892,0.21923,0.21892,0.21923,5382.1,2019-11-26T21:20:00.000000Z
1574803260000,0.21922,0.21923,0.2191,0.21911,10449.2,2019-11-26T21:21:00.000000Z
1574803320000,0.21896,0.21929,0.21895,0.21915,122081.3,2019-11-26T21:22:00.000000Z
1574803380000,0.21925,0.21936,0.21902,0.21902,133305.2,2019-11-26T21:23:00.000000Z
1574803440000,0.21906,0.21909,0.21883,0.2189,42270.0,2019-11-26T21:24:00.000000Z
1574803500000,0.21901,0.21924,0.21884,0.21924,34069.7,2019-11-26T21:25:00.000000Z
1574803560000,0.21926,0.22009,0.21881,0.21898,713879.3,2019-11-26T21:26:00.000000Z
1574803620000,0.2189,0.21911,0.21882,0.2189,28169.3,2019-11-26T21:27:00.000000Z
1574803680000,0.21886,0.21992,0.21885,0.21944,469900.7,2019-11-26T21:28:00.000000Z
1574803740000,0.21927,0.22043,0.21916,0.21925,903442.2,2019-11-26T21:29:00.000000Z
1574803800000,0.21943,0.21959,0.21926,0.21929,76123.6,2019-11-26T21:30:00.000000Z
1574803860000,0.21932,0.21954,0.21932,0.21934,62109.6,2019-11-26T21:31:00.000000Z
1574803920000,0.21941,0.21948,0.21936,0.21943,23227.9,2019-11-26T21:32:00.000000Z
1574803980000,0.21943,0.21966,0.21941,0.21966,15124.4,2019-11-26T21:33:00.000000Z
1574804040000,0.21961,0.21961,0.21922,0.21925,67345.3,2019-11-26T21:34:00.000000Z
1574804100000,0.21928,0.21931,0.21908,0.2192,10487.0,2019-11-26T21:35:00.000000Z
1574804160000,0.21918,0.21918,0.219,0.21902,4485.1,2019-11-26T21:36:00.000000Z
1574804220000,0.21902,0.21902,0.21891,0.21897,27646.6,2019-11-26T21:37:00.000000Z
1574804280000,0.21895,0.21919,0.21844,0.21897,207244.7,2019-11-26T21:38:00.000000Z
1574804340000,0.21898,0.21899,0.21889,0.21894,20094.7,2019-11-26T21:39:00.000000Z
1574804400000,0.21896,0.21899,0.21883,0.21887,5833.9,2019-11-26T21:40:00.000000Z
1574804460000,0.21887,0.21888,0.21879,0.21881,3494.7,2019-11-26T21:41:00.000000Z
1574804520000,0.2188,0.21882,0.21879,0.21882,32791.1,2019-11-26T21:42:00.000000Z
1574804580000,0.21882,0.21899,0.21872,0.21892,36753.8,2019-11-26T21:43:00.000000Z
1574804640000,0.21889,0.21889,0.21874,0.21874,22357.0,2019-11-26T21:44:00.000000Z
1574804700000,0.21884,0.21899,0.21873,0.21894,19286.1,2019-11-26T21:45:00.000000Z
1574804760000,0.21896,0.219,0.21892,0.21892,399.6,2019-11-26T21:46:00.000000Z
1574804820000,0.21892,0.219,0.21892,0.21893,14300.7,2019-11-26T21:47:00.000000Z
1574804880000,0.21893,0.21893,0.21893,0.21893,0.0,2019-11-26T21:48:00.000000Z
1574804940000,0.21904,0.21911,0.21898,0.21908,5271.7,2019-11-26T21:49:00.000000Z
1574805000000,0.21911,0.21912,0.21908,0.21908,11468.3,2019-11-26T21:50:00.000000Z
1574805060000,0.21908,0.21908,0.21908,0.21908,986.0,2019-11-26T21:51:00.000000Z
1574805120000,0.21912,0.21923,0.21908,0.21921,9815.2,2019-11-26T21:52:00.000000Z
1574805180000,0.21925,0.21931,0.21925,0.21931,44484.0,2019-11-26T21:53:00.000000Z
1574805240000,0.21935,0.21942,0.21915,0.21942,152768.5,2019-11-26T21:54:00.000000Z
1574805300000,0.21933,0.21943,0.21918,0.21928,57241.1,2019-11-26T21:55:00.000000Z
1574805360000,0.21939,0.2195,0.21931,0.21931,14471.4,2019-11-26T21:56:00.000000Z
1574805420000,0.21928,0.21951,0.21928,0.21946,24710.8,2019-11-26T21:57:00.000000Z
1574805480000,0.2195,0.2195,0.2193,0.21935,1412.8,2019-11-26T21:58:00.000000Z
1574805540000,0.21928,0.21942,0.21911,0.21939,5030.9,2019-11-26T21:59:00.000000Z
1574805600000,0.21939,0.21955,0.21916,0.21916,33841.6,2019-11-26T22:00:00.000000Z
1574805660000,0.21915,0.21919,0.21881,0.21881,19782.2,2019-11-26T22:01:00.000000Z
1574805720000,0.21894,0.21902,0.21881,0.21893,3116.4,2019-11-26T22:02:00.000000Z
1574805780000,0.21899,0.21914,0.21897,0.21905,34833.6,2019-11-26T22:03:00.000000Z
1574805840000,0.21907,0.21912,0.21887,0.21887,11579.5,2019-11-26T22:04:00.000000Z
1574805900000,0.21884,0.21884,0.21871,0.21882,25752.0,2019-11-26T22:05:00.000000Z
1574805960000,0.21882,0.21882,0.2187,0.21878,1110.7,2019-11-26T22:06:00.000000Z
1574806020000,0.21879,0.21882,0.2187,0.21876,7345.6,2019-11-26T22:07:00.000000Z
1574806080000,0.21876,0.21881,0.2186,0.21864,23535.7,2019-11-26T22:08:00.000000Z
1574806140000,0.2186,0.21876,0.21859,0.21862,13050.0,2019-11-26T22:09:00.000000Z
1574806200000,0.21862,0.21882,0.21859,0.2186,8261.8,2019-11-26T22:10:00.000000Z
1574806260000,0.21866,0.219,0.21859,0.21889,1322.6,2019-11-26T22:11:00.000000Z
1574806320000,0.21892,0.21898,0.21885,0.21885,41386.0,2019-11-26T22:12:00.000000Z
1574806380000,0.21885,0.21889,0.21885,0.21885,833.3,2019-11-26T22:13:00.000000Z
1574806440000,0.21888,0.219,0.21886,0.21896,5163.1,2019-11-26T22:14:00.000000Z
1574806500000,0.21896,0.219,0.21887,0.219,684.4,2019-11-26T22:15:00.000000Z
1574806560000,0.21898,0.21898,0.21886,0.2189,4777.9,2019-11-26T22:16:00.000000Z
1574806620000,0.21891,0.21895,0.21889,0.21891,481.4,2019-11-26T22:17:00.000000Z
1574806680000,0.2189,0.21896,0.2189,0.21895,614.8,2019-11-26T22:18:00.000000Z
1574806740000,0.21894,0.21897,0.21886,0.21892,956.3,2019-11-26T22:19:00.000000Z
1574806800000,0.21887,0.21899,0.21885,0.21897,9449.6,2019-11-26T22:20:00.000000Z
1574806860000,0.21897,0.219,0.21897,0.219,7022.1,2019-11-26T22:21:00.000000Z
1574806920000,0.21895,0.219,0.21884,0.219,74929.5,2019-11-26T22:22:00.000000Z
1574806980000,0.21899,0.219,0.21899,0.219,26958.2,2019-11-26T22:23:00.000000Z
1574807040000,0.219,0.219,0.2188,0.21896,23772.0,2019-11-26T22:24:00.000000Z
1574807100000,0.21896,0.219,0.21896,0.219,966.8,2019-11-26T22:25:00.000000Z
1574807160000,0.219,0.219,0.21899,0.219,517.6,2019-11-26T22:26:00.000000Z
1574807220000,0.219,0.219,0.219,0.219,6540.6,2019-11-26T22:27:00.000000Z
1574807280000,0.219,0.219,0.21882,0.219,17539.5,2019-11-26T22:28:00.000000Z
1574807340000,0.2189,0.219,0.21881,0.21891,15260.6,2019-11-26T22:29:00.000000Z
1574807400000,0.21898,0.21899,0.21882,0.21898,3673.1,2019-11-26T22:30:00.000000Z
1574807460000,0.21899,0.21899,0.21889,0.21899,548.8,2019-11-26T22:31:00.000000Z
1574807520000,0.21899,0.21899,0.21879,0.21899,5477.3,2019-11-26T22:32:00.000000Z
1574807580000,0.21899,0.21899,0.21899,0.21899,424.7,2019-11-26T22:33:00.000000Z
1574807640000,0.21899,0.21899,0.21898,0.21899,1221.8,2019-11-26T22:34:00.000000Z
1574807700000,0.21899,0.21939,0.21899,0.21939,346849.7,2019-11-26T22:35:00.000000Z
1574807760000,0.21939,0.21944,0.21933,0.21942,11859.1,2019-11-26T22:36:00.000000Z
1574807820000,0.21941,0.21945,0.21928,0.21942,3580.5,2019-11-26T22:37:00.000000Z
1574807880000,0.21942,0.21968,0.21942,0.21968,3115.8,2019-11-26T22:38:00.000000Z
1574807940000,0.21968,0.21996,0.21962,0.21978,4533.1,2019-11-26T22:39:00.000000Z
1574808000000,0.21994,0.22,0.21979,0.21985,25996.5,2019-11-26T22:40:00.000000Z
1574808060000,0.21989,0.21997,0.21986,0.21995,1779.0,2019-11-26T22:41:00.000000Z
1574808120000,0.21995,0.22,0.21992,0.21995,9926.3,2019-11-26T22:42:00.000000Z
1574808180000,0.21996,0.21999,0.21992,0.21998,2854.5,2019-11-26T22:43:00.000000Z
1574808240000,0.21998,0.22004,0.21979,0.21997,55208.1,2019-11-26T22:44:00.000000Z
1574808300000,0.21997,0.22018,0.21997,0.22013,50567.9,2019-11-26T22:45:00.000000Z
1574808360000,0.2201,0.22016,0.22001,0.22003,1578.2,2019-11-26T22:46:00.000000Z
1574808420000,0.22003,0.22008,0.21987,0.22003,40296.1,2019-11-26T22:47:00.000000Z
1574808480000,0.22001,0.22001,0.21984,0.22001,5341.0,2019-11-26T22:48:00.000000Z
1574808540000,0.22,0.22001,0.21999,0.22,960.6,2019-11-26T22:49:00.000000Z
1574808600000,0.22,0.22001,0.21997,0.22001,542.1,2019-11-26T22:50:00.000000Z
1574808660000,0.22001,0.22001,0.21992,0.21999,6021.1,2019-11-26T22:51:00.000000Z
1574808720000,0.21999,0.22,0.21984,0.21991,6598.2,2019-11-26T22:52:00.000000Z
1574808780000,0.21986,0.21997,0.21986,0.21996,2425.2,2019-11-26T22:53:00.000000Z
1574808840000,0.21996,0.21997,0.2199,0.2199,2179.7,2019-11-26T22:54:00.000000Z
1574808900000,0.21988,0.22018,0.21987,0.22017,55620.0,2019-11-26T22:55:00.000000Z
1574808960000,0.22004,0.22008,0.21989,0.22006,106233.7,2019-11-26T22:56:00.000000Z
1574809020000,0.22006,0.22017,0.22005,0.22015,8755.2,2019-11-26T22:57:00.000000Z
1574809080000,0.22015,0.22025,0.22007,0.22007,11553.3,2019-11-26T22:58:00.000000Z
1574809140000,0.22008,0.22024,0.21985,0.21996,18476.0,2019-11-26T22:59:00.000000Z
1574809200000,0.21998,0.22013,0.21991,0.22007,4170.5,2019-11-26T23:00:00.000000Z
1574809260000,0.22005,0.22022,0.22001,0.22021,9928.5,2019-11-26T23:01:00.000000Z
1574809320000,0.22025,0.22046,0.22025,0.22041,11789.0,2019-11-26T23:02:00.000000Z
1574809380000,0.2204,0.2204,0.22025,0.22025,4718.9,2019-11-26T23:03:00.000000Z
1574809440000,0.22027,0.22027,0.22027,0.22027,631.4,2019-11-26T23:04:00.000000Z
1574809500000,0.22027,0.22027,0.22025,0.22025,894.5,2019-11-26T23:05:00.000000Z
1574809560000,0.22025,0.22027,0.22022,0.22027,12492.4,2019-11-26T23:06:00.000000Z
1574809620000,0.2203,0.22047,0.2203,0.22047,15755.2,2019-11-26T23:07:00.000000Z
1574809680000,0.22042,0.22042,0.22024,0.22033,7919.5,2019-11-26T23:08:00.000000Z
1574809740000,0.22035,0.22046,0.22027,0.22032,15505.8,2019-11-26T23:09:00.000000Z
1574809800000,0.22029,0.22047,0.2201,0.2201,53233.5,2019-11-26T23:10:00.000000Z
1574809860000,0.2201,0.2201,0.21966,0.21987,249008.3,2019-11-26T23:11:00.000000Z
1574809920000,0.21992,0.21996,0.21986,0.21987,10866.6,2019-11-26T23:12:00.000000Z
1574809980000,0.21982,0.21983,0.21962,0.21969,11271.5,2019-11-26T23:13:00.000000Z
1574810040000,0.21975,0.21987,0.21971,0.21971,3596.0,2019-11-26T23:14:00.000000Z
1574810100000,0.21971,0.21989,0.21971,0.21977,4851.1,2019-11-26T23:15:00.000000Z
1574810160000,0.21973,0.21973,0.21965,0.21972,7087.0,2019-11-26T23:16:00.000000Z
1574810220000,0.21971,0.21971,0.21967,0.21969,1588.3,2019-11-26T23:17:00.000000Z
1574810280000,0.2197,0.21975,0.21958,0.21968,5363.8,2019-11-26T23:18:00.000000Z
1574810340000,0.2196,0.21971,0.21959,0.21971,3272.1,2019-11-26T23:19:00.000000Z
1574810400000,0.21963,0.21969,0.21954,0.21969,14417.5,2019-11-26T23:20:00.000000Z
1574810460000,0.21969,0.21984,0.21969,0.21982,10148.0,2019-11-26T23:21:00.000000Z
1574810520000,0.21979,0.21994,0.21979,0.21994,8048.9,2019-11-26T23:22:00.000000Z
1574810580000,0.21997,0.22004,0.21993,0.21996,2025.0,2019-11-26T23:23:00.000000Z
1574810640000,0.21993,0.22,0.21993,0.22,47630.0,2019-11-26T23:24:00.000000Z
1574810700000,0.22002,0.22004,0.21992,0.21997,27663.9,2019-11-26T23:25:00.000000Z
1574810760000,0.21997,0.22009,0.21997,0.21999,2760.2,2019-11-26T23:26:00.000000Z
1574810820000,0.21999,0.22016,0.21999,0.22006,21226.7,2019-11-26T23:27:00.000000Z
1574810880000,0.22013,0.22013,0.22006,0.22011,4028.8,2019-11-26T23:28:00.000000Z
1574810940000,0.22013,0.22019,0.21999,0.22006,8412.7,2019-11-26T23:29:00.000000Z
1574811000000,0.22009,0.22042,0.22009,0.22029,137526.7,2019-11-26T23:30:00.000000Z
1574811060000,0.2203,0.22038,0.21999,0.22014,183924.3,2019-11-26T23:31:00.000000Z
1574811120000,0.22005,0.22024,0.22005,0.22024,17351.1,2019-11-26T23:32:00.000000Z
1574811180000,0.22026,0.22032,0.22013,0.22022,14406.8,2019-11-26T23:33:00.000000Z
1574811240000,0.22017,0.2203,0.21971,0.21993,212475.9,2019-11-26T23:34:00.000000Z
1574811300000,0.21994,0.21995,0.21989,0.21989,12189.5,2019-11-26T23:35:00.000000Z
1574811360000,0.21994,0.22005,0.21986,0.21999,21239.7,2019-11-26T23:36:00.000000Z
1574811420000,0.22,0.22007,0.22,0.22006,15795.1,2019-11-26T23:37:00.000000Z
1574811480000,0.22006,0.22006,0.21999,0.22002,7809.3,2019-11-26T23:38:00.000000Z
1574811540000,0.22002,0.22005,0.21992,0.22005,10767.7,2019-11-26T23:39:00.000000Z
1574811600000,0.22005,0.22019,0.22005,0.22011,49023.1,2019-11-26T23:40:00.000000Z
1574811660000,0.22008,0.22035,0.22008,0.22026,45146.0,2019-11-26T23:41:00.000000Z
1574811720000,0.22023,0.22048,0.22023,0.22043,29959.4,2019-11-26T23:42:00.000000Z
1574811780000,0.22039,0.22054,0.22039,0.22047,40747.1,2019-11-26T23:43:00.000000Z
1574811840000,0.22047,0.22055,0.22035,0.22036,17029.0,2019-11-26T23:44:00.000000Z
1574811900000,0.22037,0.2205,0.22037,0.2205,2699.9,2019-11-26T23:45:00.000000Z
1574811960000,0.2205,0.22054,0.22048,0.22048,12502.3,2019-11-26T23:46:00.000000Z
1574812020000,0.2205,0.2207,0.22047,0.22065,90184.7,2019-11-26T23:47:00.000000Z
1574812080000,0.22065,0.22066,0.22049,0.22056,39004.6,2019-11-26T23:48:00.000000Z
1574812140000,0.22056,0.22062,0.22051,0.22062,12248.4,2019-11-26T23:49:00.000000Z
1574812200000,0.22062,0.22078,0.22052,0.22065,103202.9,2019-11-26T23:50:00.000000Z
1574812260000,0.22074,0.2208,0.22072,0.2208,63784.8,2019-11-26T23:51:00.000000Z
1574812320000,0.2208,0.2208,0.22076,0.22079,5693.8,2019-11-26T23:52:00.000000Z
1574812380000,0.22076,0.2208,0.22076,0.2208,7723.9,2019-11-26T23:53:00.000000Z
1574812440000,0.22079,0.2209,0.22077,0.2209,71797.9,2019-11-26T23:54:00.000000Z
1574812500000,0.2209,0.2209,0.22076,0.22076,49706.0,2019-11-26T23:55:00.000000Z
1574812560000,0.22077,0.22077,0.22062,0.2207,25979.5,2019-11-26T23:56:00.000000Z
1574812620000,0.22065,0.22065,0.22043,0.22047,22482.6,2019-11-26T23:57:00.000000Z
1574812680000,0.22048,0.22051,0.22041,0.22051,36403.2,2019-11-26T23:58:00.000000Z
1574812740000,0.22068,0.22079,0.22046,0.2206,8972.8,2019-11-26T23:59:00.000000Z
1574812800000,0.22054,0.2206,0.22018,0.22018,73190.7,2019-11-27T00:00:00.000000Z
1574812860000,0.22017,0.22027,0.22,0.22006,92724.7,2019-11-27T00:01:00.000000Z
1574812920000,0.22006,0.22006,0.2199,0.2199,48279.7,2019-11-27T00:02:00.000000Z
1574812980000,0.21991,0.22,0.21981,0.22,38803.6,2019-11-27T00:03:00.000000Z
1574813040000,0.21995,0.22004,0.21988,0.22,24076.7,2019-11-27T00:04:00.000000Z
1574813100000,0.22,0.22,0.21988,0.21995,189025.3,2019-11-27T00:05:00.000000Z
1574813160000,0.21995,0.21995,0.21986,0.21993,42637.8,2019-11-27T00:06:00.000000Z
1574813220000,0.21993,0.21995,0.21983,0.21983,40767.2,2019-11-27T00:07:00.000000Z
1574813280000,0.21984,0.21995,0.2198,0.21989,31952.9,2019-11-27T00:08:00.000000Z
1574813340000,0.21989,0.21994,0.21983,0.21987,12444.5,2019-11-27T00:09:00.000000Z
1574813400000,0.21987,0.2199,0.21979,0.21987,20862.5,2019-11-27T00:10:00.000000Z
1574813460000,0.21987,0.21994,0.21986,0.21992,5583.5,2019-11-27T00:11:00.000000Z
1574813520000,0.21988,0.21994,0.2198,0.21993,4060.3,2019-11-27T00:12:00.000000Z
1574813580000,0.21993,0.21993,0.21986,0.21988,12711.2,2019-11-27T00:13:00.000000Z
1574813640000,0.2199,0.21994,0.21988,0.2199,21251.6,2019-11-27T00:14:00.000000Z
1574813700000,0.21987,0.21987,0.21965,0.21965,111969.2,2019-11-27T00:15:00.000000Z
1574813760000,0.21968,0.21968,0.21956,0.2196,17244.4,2019-11-27T00:16:00.000000Z
1574813820000,0.21962,0.21963,0.2194,0.21952,18112.1,2019-11-27T00:17:00.000000Z
1574813880000,0.21951,0.21951,0.2193,0.21933,100570.7,2019-11-27T00:18:00.000000Z
1574813940000,0.21933,0.21937,0.21892,0.21894,103297.4,2019-11-27T00:19:00.000000Z
1574814000000,0.21893,0.21894,0.21887,0.21893,18312.6,2019-11-27T00:20:00.000000Z
1574814060000,0.21897,0.2191,0.21896,0.21897,9571.0,2019-11-27T00:21:00.000000Z
1574814120000,0.21903,0.21927,0.21902,0.21915,42136.5,2019-11-27T00:22:00.000000Z
1574814180000,0.21917,0.21918,0.21903,0.21911,4054.6,2019-11-27T00:23:00.000000Z
1574814240000,0.21924,0.21924,0.21901,0.21901,11402.2,2019-11-27T00:24:00.000000Z
1574814300000,0.219,0.21906,0.219,0.21906,684.8,2019-11-27T00:25:00.000000Z
1574814360000,0.21906,0.21925,0.21906,0.21915,8900.8,2019-11-27T00:26:00.000000Z
1574814420000,0.21912,0.21912,0.21897,0.21897,54788.4,2019-11-27T00:27:00.000000Z
1574814480000,0.21892,0.21895,0.21868,0.21868,28553.3,2019-11-27T00:28:00.000000Z
1574814540000,0.2187,0.2187,0.21855,0.21862,54914.8,2019-11-27T00:29:00.000000Z
1574814600000,0.21858,0.21872,0.21858,0.21862,11416.6,2019-11-27T00:30:00.000000Z
1574814660000,0.21855,0.21855,0.21816,0.21826,90311.8,2019-11-27T00:31:00.000000Z
1574814720000,0.21835,0.21853,0.21823,0.21853,11675.0,2019-11-27T00:32:00.000000Z
1574814780000,0.21858,0.21895,0.21858,0.21884,51258.9,2019-11-27T00:33:00.000000Z
1574814840000,0.21887,0.2189,0.21878,0.21885,9244.3,2019-11-27T00:34:00.000000Z
1574814900000,0.21881,0.21913,0.21881,0.21911,13575.1,2019-11-27T00:35:00.000000Z
1574814960000,0.21913,0.21921,0.21913,0.2192,48054.3,2019-11-27T00:36:00.000000Z
1574815020000,0.2192,0.21935,0.2192,0.21935,117689.4,2019-11-27T00:37:00.000000Z
1574815080000,0.21932,0.21945,0.21919,0.21939,118722.5,2019-11-27T00:38:00.000000Z
1574815140000,0.21939,0.21949,0.21926,0.21949,48500.7,2019-11-27T00:39:00.000000Z
1574815200000,0.21942,0.21942,0.21928,0.21935,55532.8,2019-11-27T00:40:00.000000Z
1574815260000,0.21937,0.21941,0.21926,0.21928,5562.0,2019-11-27T00:41:00.000000Z
1574815320000,0.21932,0.2196,0.21931,0.21949,44584.5,2019-11-27T00:42:00.000000Z
1574815380000,0.21951,0.21953,0.21938,0.21949,14588.9,2019-11-27T00:43:00.000000Z
1574815440000,0.21949,0.2195,0.21941,0.2195,102516.5,2019-11-27T00:44:00.000000Z
1574815500000,0.21949,0.21949,0.2193,0.21934,5577.8,2019-11-27T00:45:00.000000Z
1574815560000,0.21935,0.21936,0.21927,0.21936,12327.8,2019-11-27T00:46:00.000000Z
1574815620000,0.21941,0.21944,0.21935,0.21941,948.1,2019-11-27T00:47:00.000000Z
1574815680000,0.21941,0.21949,0.21935,0.21946,565.4,2019-11-27T00:48:00.000000Z
1574815740000,0.21946,0.2195,0.21933,0.21946,4668.4,2019-11-27T00:49:00.000000Z
1574815800000,0.21948,0.2195,0.21946,0.2195,6194.1,2019-11-27T00:50:00.000000Z
1574815860000,0.21949,0.2195,0.21948,0.21948,5455.2,2019-11-27T00:51:00.000000Z
1574815920000,0.21948,0.21949,0.21939,0.21943,10034.0,2019-11-27T00:52:00.000000Z
1574815980000,0.21943,0.2195,0.2193,0.2195,35850.0,2019-11-27T00:53:00.000000Z
1574816040000,0.21954,0.2196,0.21945,0.21959,3816.0,2019-11-27T00:54:00.000000Z
1574816100000,0.21959,0.21972,0.21949,0.21967,38607.0,2019-11-27T00:55:00.000000Z
1574816160000,0.21958,0.21961,0.21939,0.2195,11457.7,2019-11-27T00:56:00.000000Z
1574816220000,0.21948,0.21975,0.21948,0.21972,8034.9,2019-11-27T00:57:00.000000Z
1574816280000,0.21972,0.21976,0.21969,0.21976,2739.2,2019-11-27T00:58:00.000000Z
1574816340000,0.21976,0.21981,0.21972,0.2198,33721.2,2019-11-27T00:59:00.000000Z
1574816400000,0.21978,0.21994,0.21978,0.21993,12697.3,2019-11-27T01:00:00.000000Z
1574816460000,0.21989,0.22,0.21979,0.21998,43816.4,2019-11-27T01:01:00.000000Z
1574816520000,0.21997,0.22007,0.21996,0.22004,50819.7,2019-11-27T01:02:00.000000Z
1574816580000,0.22005,0.22014,0.21992,0.22009,63746.1,2019-11-27T01:03:00.000000Z
1574816640000,0.22005,0.2202,0.21996,0.22011,72047.0,2019-11-27T01:04:00.000000Z
1574816700000,0.22012,0.22019,0.22005,0.22019,11071.0,2019-11-27T01:05:00.000000Z
1574816760000,0.22019,0.22035,0.22008,0.22017,90583.7,2019-11-27T01:06:00.000000Z
1574816820000,0.22017,0.22024,0.22015,0.22017,15728.5,2019-11-27T01:07:00.000000Z
1574816880000,0.22017,0.22017,0.22,0.22001,42938.1,2019-11-27T01:08:00.000000Z
1574816940000,0.22008,0.22018,0.22005,0.22005,30206.0,2019-11-27T01:09:00.000000Z
1574817000000,0.22006,0.22018,0.22005,0.22005,13705.3,2019-11-27T01:10:00.000000Z
1574817060000,0.22002,0.22004,0.21993,0.21998,13484.8,2019-11-27T01:11:00.000000Z
1574817120000,0.22,0.22003,0.21961,0.21971,26811.9,2019-11-27T01:12:00.000000Z
1574817180000,0.21971,0.21982,0.21958,0.21964,7039.3,2019-11-27T01:13:00.000000Z
1574817240000,0.21964,0.21964,0.21944,0.21954,31461.2,2019-11-27T01:14:00.000000Z
1574817300000,0.21955,0.21967,0.21954,0.21966,28008.0,2019-11-27T01:15:00.000000Z
1574817360000,0.21966,0.21987,0.21963,0.21982,19847.9,2019-11-27T01:16:00.000000Z
1574817420000,0.21983,0.21992,0.2198,0.21983,22456.3,2019-11-27T01:17:00.000000Z
1574817480000,0.21983,0.22002,0.21982,0.21995,42149.8,2019-11-27T01:18:00.000000Z
1574817540000,0.21995,0.22012,0.21989,0.2201,5876.0,2019-11-27T01:19:00.000000Z
1574817600000,0.22009,0.22016,0.21996,0.22006,26916.5,2019-11-27T01:20:00.000000Z
1574817660000,0.22012,0.2202,0.22003,0.22008,1318.1,2019-11-27T01:21:00.000000Z
1574817720000,0.22008,0.2202,0.22007,0.2201,8946.1,2019-11-27T01:22:00.000000Z
1574817780000,0.22017,0.22025,0.22011,0.22023,21561.2,2019-11-27T01:23:00.000000Z
1574817840000,0.22023,0.22024,0.22015,0.22017,1163.0,2019-11-27T01:24:00.000000Z
1574817900000,0.22019,0.2203,0.22017,0.2202,1001.8,2019-11-27T01:25:00.000000Z
1574817960000,0.2202,0.22023,0.22011,0.22023,22443.4,2019-11-27T01:26:00.000000Z
1574818020000,0.22023,0.22023,0.22006,0.22009,20387.1,2019-11-27T01:27:00.000000Z
1574818080000,0.22012,0.2202,0.22012,0.22017,1168.7,2019-11-27T01:28:00.000000Z
1574818140000,0.22017,0.2203,0.22008,0.2203,623.7,2019-11-27T01:29:00.000000Z
1574818200000,0.22019,0.2202,0.22019,0.22019,15333.9,2019-11-27T01:30:00.000000Z
1574818260000,0.22014,0.22019,0.22014,0.22016,1097.3,2019-11-27T01:31:00.000000Z
1574818320000,0.22016,0.22017,0.22006,0.22014,15895.4,2019-11-27T01:32:00.000000Z
1574818380000,0.22014,0.22016,0.2201,0.2201,12566.8,2019-11-27T01:33:00.000000Z
1574818440000,0.22013,0.22013,0.22006,0.22007,1663.8,2019-11-27T01:34:00.000000Z
1574818500000,0.22008,0.22011,0.21975,0.21975,101652.5,2019-11-27T01:35:00.000000Z
1574818560000,0.21983,0.21983,0.21953,0.21955,91743.8,2019-11-27T01:36:00.000000Z
1574818620000,0.21957,0.21964,0.21936,0.21958,154233.6,2019-11-27T01:37:00.000000Z
1574818680000,0.21964,0.21995,0.21958,0.21995,135225.2,2019-11-27T01:38:00.000000Z
1574818740000,0.2199,0.22025,0.2199,0.22025,131676.3,2019-11-27T01:39:00.000000Z
1574818800000,0.22025,0.22063,0.22025,0.22056,63907.2,2019-11-27T01:40:00.000000Z
1574818860000,0.22056,0.22075,0.22052,0.22057,102677.3,2019-11-27T01:41:00.000000Z
1574818920000,0.22057,0.22058,0.22053,0.22057,14646.1,2019-11-27T01:42:00.000000Z
1574818980000,0.22057,0.22078,0.22053,0.22078,123121.2,2019-11-27T01:43:00.000000Z
1574819040000,0.22073,0.2209,0.22052,0.22055,61034.5,2019-11-27T01:44:00.000000Z
1574819100000,0.22056,0.2207,0.22051,0.22065,58740.3,2019-11-27T01:45:00.000000Z
1574819160000,0.22059,0.22089,0.22055,0.22079,40709.9,2019-11-27T01:46:00.000000Z
1574819220000,0.2208,0.22091,0.22079,0.22091,27145.9,2019-11-27T01:47:00.000000Z
1574819280000,0.22092,0.221,0.22071,0.22092,42167.5,2019-11-27T01:48:00.000000Z
1574819340000,0.22092,0.221,0.22074,0.22087,41431.8,2019-11-27T01:49:00.000000Z
1574819400000,0.22084,0.22097,0.2202,0.22096,754121.8,2019-11-27T01:50:00.000000Z
1574819460000,0.22091,0.22128,0.22061,0.22128,254709.0,2019-11-27T01:51:00.000000Z
1574819520000,0.22124,0.22154,0.22103,0.22148,361223.0,2019-11-27T01:52:00.000000Z
1574819580000,0.22145,0.2226,0.22138,0.22249,417439.9,2019-11-27T01:53:00.000000Z
1574819640000,0.22249,0.22285,0.22212,0.22285,602182.8,2019-11-27T01:54:00.000000Z
1574819700000,0.22285,0.2232,0.22243,0.22248,343565.5,2019-11-27T01:55:00.000000Z
1574819760000,0.22247,0.22262,0.22207,0.22253,104748.9,2019-11-27T01:56:00.000000Z
1574819820000,0.2225,0.22293,0.22241,0.22293,98083.5,2019-11-27T01:57:00.000000Z
1574819880000,0.22296,0.22317,0.2228,0.2231,49155.8,2019-11-27T01:58:00.000000Z
1574819940000,0.22311,0.2235,0.22311,0.22318,260501.1,2019-11-27T01:59:00.000000Z
1574820000000,0.22315,0.22317,0.2228,0.2228,114484.8,2019-11-27T02:00:00.000000Z
1574820060000,0.22284,0.22349,0.22284,0.22305,242647.6,2019-11-27T02:01:00.000000Z
1574820120000,0.22304,0.22312,0.22282,0.22286,53734.7,2019-11-27T02:02:00.000000Z
1574820180000,0.22284,0.22293,0.22262,0.2227,86112.4,2019-11-27T02:03:00.000000Z
1574820240000,0.22272,0.22273,0.22228,0.22232,112326.3,2019-11-27T02:04:00.000000Z
1574820300000,0.22232,0.2226,0.22219,0.22249,88673.5,2019-11-27T02:05:00.000000Z
1574820360000,0.2225,0.2225,0.222,0.22223,273672.2,2019-11-27T02:06:00.000000Z
1574820420000,0.2222,0.22226,0.22204,0.22218,10823.4,2019-11-27T02:07:00.000000Z
1574820480000,0.22218,0.22227,0.22157,0.22184,404763.1,2019-11-27T02:08:00.000000Z
1574820540000,0.22185,0.22211,0.22185,0.22197,15580.0,2019-11-27T02:09:00.000000Z
1574820600000,0.22197,0.22211,0.22195,0.22204,4744.4,2019-11-27T02:10:00.000000Z
1574820660000,0.22204,0.22206,0.22198,0.22203,8370.7,2019-11-27T02:11:00.000000Z
1574820720000,0.22203,0.2226,0.22194,0.22244,205969.2,2019-11-27T02:12:00.000000Z
1574820780000,0.22238,0.22255,0.22238,0.22251,23362.5,2019-11-27T02:13:00.000000Z
1574820840000,0.22249,0.22265,0.22248,0.22257,11603.1,2019-11-27T02:14:00.000000Z
1574820900000,0.22258,0.22273,0.22255,0.22255,19651.0,2019-11-27T02:15:00.000000Z
1574820960000,0.2226,0.22293,0.22258,0.22286,26963.1,2019-11-27T02:16:00.000000Z
1574821020000,0.22287,0.22311,0.22287,0.22306,113462.8,2019-11-27T02:17:00.000000Z
1574821080000,0.22309,0.22325,0.22306,0.22318,25475.5,2019-11-27T02:18:00.000000Z
1574821140000,0.22318,0.22351,0.22289,0.22351,233135.7,2019-11-27T02:19:00.000000Z
1574821200000,0.22352,0.2236,0.22322,0.22333,88070.1,2019-11-27T02:20:00.000000Z
1574821260000,0.22331,0.2236,0.22329,0.2235,127837.3,2019-11-27T02:21:00.000000Z
1574821320000,0.22354,0.22355,0.22231,0.22232,260012.1,2019-11-27T02:22:00.000000Z
1574821380000,0.22232,0.22302,0.22232,0.22294,287146.6,2019-11-27T02:23:00.000000Z
1574821440000,0.22294,0.22294,0.22281,0.22281,4248.5,2019-11-27T02:24:00.000000Z
1574821500000,0.22283,0.22293,0.22281,0.22289,12709.6,2019-11-27T02:25:00.000000Z
1574821560000,0.22293,0.22297,0.2229,0.22297,36553.4,2019-11-27T02:26:00.000000Z
1574821620000,0.22293,0.22297,0.22292,0.22295,3796.3,2019-11-27T02:27:00.000000Z
1574821680000,0.22297,0.22297,0.22289,0.22297,25034.7,2019-11-27T02:28:00.000000Z
1574821740000,0.22297,0.22297,0.2229,0.22292,4538.8,2019-11-27T02:29:00.000000Z
1574821800000,0.22292,0.22295,0.22291,0.22293,10431.7,2019-11-27T02:30:00.000000Z
1574821860000,0.22293,0.22293,0.22283,0.22283,11339.0,2019-11-27T02:31:00.000000Z
1574821920000,0.22284,0.22288,0.22267,0.22274,37311.7,2019-11-27T02:32:00.000000Z
1574821980000,0.22273,0.22273,0.22248,0.22251,190756.7,2019-11-27T02:33:00.000000Z
1574822040000,0.22256,0.22256,0.22229,0.22232,63561.7,2019-11-27T02:34:00.000000Z
1574822100000,0.22232,0.22235,0.222,0.2221,88469.2,2019-11-27T02:35:00.000000Z
1574822160000,0.2221,0.22217,0.22193,0.22206,53437.5,2019-11-27T02:36:00.000000Z
1574822220000,0.22216,0.22216,0.22187,0.22197,81537.2,2019-11-27T02:37:00.000000Z
1574822280000,0.22197,0.22202,0.22182,0.22196,27731.2,2019-11-27T02:38:00.000000Z
1574822340000,0.22195,0.22222,0.2219,0.22219,76690.4,2019-11-27T02:39:00.000000Z
1574822400000,0.22218,0.22242,0.2221,0.22226,45887.7,2019-11-27T02:40:00.000000Z
1574822460000,0.22227,0.22229,0.22217,0.22224,2619.5,2019-11-27T02:41:00.000000Z
1574822520000,0.22226,0.22235,0.22215,0.22228,21056.4,2019-11-27T02:42:00.000000Z
1574822580000,0.22223,0.22239,0.2222,0.22239,42089.6,2019-11-27T02:43:00.000000Z
1574822640000,0.22239,0.22239,0.22226,0.22231,31828.3,2019-11-27T02:44:00.000000Z
1574822700000,0.22231,0.22234,0.22225,0.22225,33882.6,2019-11-27T02:45:00.000000Z
1574822760000,0.22225,0.22226,0.22225,0.22226,36246.1,2019-11-27T02:46:00.000000Z
1574822820000,0.22226,0.22226,0.22225,0.22226,4724.8,2019-11-27T02:47:00.000000Z
1574822880000,0.22226,0.22229,0.22225,0.22225,15058.4,2019-11-27T02:48:00.000000Z
1574822940000,0.22225,0.22229,0.222,0.222,117693.4,2019-11-27T02:49:00.000000Z
1574823000000,0.222,0.222,0.22175,0.22181,145039.7,2019-11-27T02:50:00.000000Z
1574823060000,0.22183,0.22199,0.22183,0.2219,22781.9,2019-11-27T02:51:00.000000Z
1574823120000,0.22194,0.22195,0.22181,0.22189,30227.0,2019-11-27T02:52:00.000000Z
1574823180000,0.22183,0.2219,0.22173,0.22183,5554.5,2019-11-27T02:53:00.000000Z
1574823240000,0.22183,0.22194,0.2217,0.22194,22239.6,2019-11-27T02:54:00.000000Z
1574823300000,0.2219,0.2221,0.22188,0.22196,15817.7,2019-11-27T02:55:00.000000Z
1574823360000,0.22194,0.22211,0.22193,0.222,10560.0,2019-11-27T02:56:00.000000Z
1574823420000,0.222,0.22213,0.222,0.2221,9504.1,2019-11-27T02:57:00.000000Z
1574823480000,0.22214,0.22231,0.22214,0.22218,91680.1,2019-11-27T02:58:00.000000Z
1574823540000,0.22213,0.22223,0.22207,0.22207,26191.7,2019-11-27T02:59:00.000000Z
1574823600000,0.22208,0.22214,0.22206,0.22208,24264.6,2019-11-27T03:00:00.000000Z
1574823660000,0.22211,0.22224,0.22205,0.22216,35490.7,2019-11-27T03:01:00.000000Z
1574823720000,0.22218,0.22225,0.2221,0.22225,6188.5,2019-11-27T03:02:00.000000Z
1574823780000,0.22217,0.22231,0.22217,0.22229,3233.6,2019-11-27T03:03:00.000000Z
1574823840000,0.22229,0.22231,0.22229,0.2223,32638.6,2019-11-27T03:04:00.000000Z
1574823900000,0.22232,0.22234,0.22227,0.22233,18086.2,2019-11-27T03:05:00.000000Z
1574823960000,0.22234,0.22244,0.22234,0.2224,13335.8,2019-11-27T03:06:00.000000Z
1574824020000,0.22239,0.2225,0.22222,0.22226,19538.8,2019-11-27T03:07:00.000000Z
1574824080000,0.2223,0.22234,0.22225,0.22229,9078.7,2019-11-27T03:08:00.000000Z
1574824140000,0.22229,0.22229,0.22214,0.22215,51192.1,2019-11-27T03:09:00.000000Z
1574824200000,0.22215,0.22216,0.22196,0.222,84876.4,2019-11-27T03:10:00.000000Z
1574824260000,0.22201,0.22201,0.22172,0.22179,142268.8,2019-11-27T03:11:00.000000Z
1574824320000,0.2218,0.22196,0.22158,0.22187,87565.0,2019-11-27T03:12:00.000000Z
1574824380000,0.22187,0.22188,0.22158,0.22158,25998.4,2019-11-27T03:13:00.000000Z
1574824440000,0.22165,0.22171,0.22122,0.22132,135351.6,2019-11-27T03:14:00.000000Z
1574824500000,0.22139,0.2214,0.22101,0.22101,92367.5,2019-11-27T03:15:00.000000Z
1574824560000,0.22115,0.22127,0.2211,0.22118,9443.2,2019-11-27T03:16:00.000000Z
1574824620000,0.22119,0.2212,0.22085,0.22098,69000.4,2019-11-27T03:17:00.000000Z
1574824680000,0.22099,0.22104,0.22091,0.22099,47130.2,2019-11-27T03:18:00.000000Z
1574824740000,0.22099,0.22099,0.2208,0.22081,60040.7,2019-11-27T03:19:00.000000Z
1574824800000,0.22084,0.22109,0.22083,0.22109,73629.3,2019-11-27T03:20:00.000000Z
1574824860000,0.22098,0.22114,0.22089,0.221,7274.1,2019-11-27T03:21:00.000000Z
1574824920000,0.22098,0.22098,0.22096,0.22096,181.7,2019-11-27T03:22:00.000000Z
1574824980000,0.22097,0.22108,0.22095,0.22099,23768.0,2019-11-27T03:23:00.000000Z
1574825040000,0.22097,0.22098,0.22082,0.22093,159553.7,2019-11-27T03:24:00.000000Z
1574825100000,0.22081,0.22096,0.22079,0.22092,57465.7,2019-11-27T03:25:00.000000Z
1574825160000,0.22092,0.22101,0.22068,0.22084,29919.0,2019-11-27T03:26:00.000000Z
1574825220000,0.22082,0.22099,0.22081,0.22088,16679.5,2019-11-27T03:27:00.000000Z
1574825280000,0.22085,0.22085,0.22059,0.22061,23726.9,2019-11-27T03:28:00.000000Z
1574825340000,0.22062,0.2209,0.22062,0.2208,33020.3,2019-11-27T03:29:00.000000Z
1574825400000,0.22083,0.22093,0.22062,0.22084,57905.4,2019-11-27T03:30:00.000000Z
1574825460000,0.22084,0.22094,0.22078,0.22085,17711.3,2019-11-27T03:31:00.000000Z
1574825520000,0.22086,0.22095,0.22082,0.22088,26090.7,2019-11-27T03:32:00.000000Z
1574825580000,0.22087,0.22089,0.22081,0.22081,7048.8,2019-11-27T03:33:00.000000Z
1574825640000,0.22083,0.22096,0.22069,0.22095,62064.3,2019-11-27T03:34:00.000000Z
1574825700000,0.22093,0.22093,0.2207,0.2207,31265.6,2019-11-27T03:35:00.000000Z
1574825760000,0.2206,0.22068,0.22041,0.22049,217349.7,2019-11-27T03:36:00.000000Z
1574825820000,0.22055,0.22055,0.2199,0.21995,301650.8,2019-11-27T03:37:00.000000Z
1574825880000,0.22002,0.22035,0.22002,0.22035,178716.4,2019-11-27T03:38:00.000000Z
1574825940000,0.22038,0.22054,0.21985,0.22051,218744.7,2019-11-27T03:39:00.000000Z
1574826000000,0.22046,0.22052,0.22033,0.22047,75835.4,2019-11-27T03:40:00.000000Z
1574826060000,0.22049,0.22051,0.22022,0.22038,116593.9,2019-11-27T03:41:00.000000Z
1574826120000,0.22037,0.22037,0.2202,0.22036,60905.2,2019-11-27T03:42:00.000000Z
1574826180000,0.22035,0.22035,0.21972,0.22013,196747.6,2019-11-27T03:43:00.000000Z
1574826240000,0.22014,0.22015,0.22001,0.22001,6035.3,2019-11-27T03:44:00.000000Z
1574826300000,0.22009,0.22031,0.21987,0.22004,61788.0,2019-11-27T03:45:00.000000Z
1574826360000,0.21999,0.22019,0.2195,0.21954,169585.2,2019-11-27T03:46:00.000000Z
1574826420000,0.21955,0.21987,0.21952,0.21987,158941.7,2019-11-27T03:47:00.000000Z
1574826480000,0.21982,0.21983,0.2193,0.21936,159181.4,2019-11-27T03:48:00.000000Z
1574826540000,0.21931,0.21957,0.2193,0.21951,86220.8,2019-11-27T03:49:00.000000Z
1574826600000,0.21946,0.21951,0.2193,0.21943,16810.4,2019-11-27T03:50:00.000000Z
1574826660000,0.21945,0.21959,0.2193,0.21949,156290.6,2019-11-27T03:51:00.000000Z
1574826720000,0.21948,0.21952,0.21937,0.21944,61926.8,2019-11-27T03:52:00.000000Z
1574826780000,0.21944,0.21945,0.2192,0.21922,41218.4,2019-11-27T03:53:00.000000Z
1574826840000,0.21924,0.21936,0.2191,0.21916,54288.1,2019-11-27T03:54:00.000000Z
1574826900000,0.2191,0.2191,0.2189,0.21902,100023.9,2019-11-27T03:55:00.000000Z
1574826960000,0.21909,0.21929,0.21902,0.21928,57418.9,2019-11-27T03:56:00.000000Z
1574827020000,0.21929,0.2194,0.21915,0.21918,19545.3,2019-11-27T03:57:00.000000Z
1574827080000,0.21914,0.21915,0.2189,0.21898,49058.4,2019-11-27T03:58:00.000000Z
1574827140000,0.21898,0.21924,0.21893,0.2191,41250.5,2019-11-27T03:59:00.000000Z
1574827200000,0.21909,0.21926,0.21906,0.21908,72949.2,2019-11-27T04:00:00.000000Z
