timestampe,open,high,low,close,volume,time
1574644680000,6890.0,6890.0,6890.0,6890.0,0.00747966,2019-11-25T01:18:00.000000Z
1574645700000,6890.0,6890.0,6830.0,6830.0,0.37247526,2019-11-25T01:35:00.000000Z
1574645760000,6830.0,6830.0,6830.0,6830.0,0.01270154,2019-11-25T01:36:00.000000Z
1574645940000,6830.0,6830.0,6736.872,6736.872,0.00246627,2019-11-25T01:39:00.000000Z
1574646000000,6710.285,6710.285,6700.0,6700.0,0.00943686,2019-11-25T01:40:00.000000Z
1574646120000,6705.0,6705.0,6705.0,6705.0,0.0127424,2019-11-25T01:42:00.000000Z
1574646360000,6735.0,6735.0,6735.0,6735.0,0.01262375,2019-11-25T01:46:00.000000Z
1574646480000,6705.0,6705.0,6705.0,6705.0,0.0329468,2019-11-25T01:48:00.000000Z
1574647320000,6736.872,6736.872,6736.872,6736.872,1.4e-07,2019-11-25T02:02:00.000000Z
1574647740000,6736.872,6736.872,6736.872,6736.872,0.00161078,2019-11-25T02:09:00.000000Z
1574647920000,6736.872,6736.872,6736.872,6736.872,0.00043074,2019-11-25T02:12:00.000000Z
1574648460000,6700.0,6700.0,6700.0,6700.0,0.00967774,2019-11-25T02:21:00.000000Z
1574648520000,6542.0,6542.0,6542.0,6542.0,0.02723001,2019-11-25T02:22:00.000000Z
1574649780000,7089.99999999,7089.99999999,7089.99999999,7089.99999999,9.8e-07,2019-11-25T02:43:00.000000Z
1574649960000,6541.0,6541.0,6460.00000001,6460.00000001,0.00742905,2019-11-25T02:46:00.000000Z
1574650380000,6999.99999999,6999.99999999,6999.99999999,6999.99999999,0.00757007,2019-11-25T02:53:00.000000Z
1574650560000,6295.5,6295.5,6295.5,6295.5,0.00626472,2019-11-25T02:56:00.000000Z
1574650740000,6925.05,6925.05,6710.0,6710.0,0.01478477,2019-11-25T02:59:00.000000Z
1574657520000,6894.999,6894.999,6894.999,6894.999,0.00620856,2019-11-25T04:52:00.000000Z
1574657580000,6894.999,6894.999,6894.999,6894.999,0.00078835,2019-11-25T04:53:00.000000Z
1574657820000,6305.0,6305.0,6305.0,6305.0,0.00811487,2019-11-25T04:57:00.000000Z
1574658180000,6890.0,6890.0,6890.0,6890.0,0.01721392,2019-11-25T05:03:00.000000Z
1574658480000,6475.001,6475.001,6475.0,6475.0,0.0118117,2019-11-25T05:08:00.000000Z
1574659260000,6565.00000001,6599.99999999,6474.99999999,6599.99999999,0.307639,2019-11-25T05:21:00.000000Z
1574660460000,6495.00000001,6495.00000001,6495.00000001,6495.00000001,0.00758136,2019-11-25T05:41:00.000000Z
1574660580000,6585.0,6585.0,6585.0,6585.0,0.00296465,2019-11-25T05:43:00.000000Z
1574660640000,6585.0,6585.0,6585.0,6585.0,0.00325883,2019-11-25T05:44:00.000000Z
1574660700000,6560.0,6560.0,6560.0,6560.0,0.00276447,2019-11-25T05:45:00.000000Z
1574661780000,6560.0,6560.0,6560.0,6560.0,0.05806546,2019-11-25T06:03:00.000000Z
1574661840000,6565.0,6565.0,6565.0,6565.0,0.00457853,2019-11-25T06:04:00.000000Z
1574661900000,6565.0,6565.0,6565.0,6565.0,0.01423321,2019-11-25T06:05:00.000000Z
1574661960000,6594.99899998,6594.99899998,6594.99899998,6594.99899998,0.00251033,2019-11-25T06:06:00.000000Z
1574662320000,6565.0,6565.0,6565.0,6565.0,0.05806546,2019-11-25T06:12:00.000000Z
1574662440000,6565.0,6565.0,6565.0,6565.0,0.00013705,2019-11-25T06:14:00.000000Z
1574662560000,6599.99999999,6599.99999999,6599.99999999,6599.99999999,0.00256552,2019-11-25T06:16:00.000000Z
1574662920000,6600.0,6600.0,6600.0,6600.0,7.7e-07,2019-11-25T06:22:00.000000Z
1574664120000,6600.0,6600.0,6600.0,6600.0,1.019e-05,2019-11-25T06:42:00.000000Z
1574664780000,6684.99899999,6684.99899999,6684.99899999,6684.99899999,2.94e-06,2019-11-25T06:53:00.000000Z
1574666280000,6684.99899999,6684.99899999,6684.99899999,6684.99899999,0.00603095,2019-11-25T07:18:00.000000Z
1574666400000,6684.99899999,6700.0,6684.99899999,6700.0,0.14403375,2019-11-25T07:20:00.000000Z
1574667000000,6794.99999999,6794.99999999,6794.99999999,6794.99999999,0.01605447,2019-11-25T07:30:00.000000Z
1574667060000,6794.99999999,6794.99999999,6680.0,6680.0,0.10054348,2019-11-25T07:31:00.000000Z
1574667540000,6680.00000001,6680.00000001,6680.00000001,6680.00000001,0.00742232,2019-11-25T07:39:00.000000Z
1574667660000,6680.0,6680.0,6680.0,6680.0,0.00016281,2019-11-25T07:41:00.000000Z
1574668740000,6680.0,6680.0,6680.0,6680.0,0.00549465,2019-11-25T07:59:00.000000Z
1574669280000,6680.00000001,6680.00000001,6680.00000001,6680.00000001,0.00740625,2019-11-25T08:08:00.000000Z
1574670720000,6680.00000001,6680.00000001,6680.00000001,6680.00000001,0.00097777,2019-11-25T08:32:00.000000Z
1574670780000,6660.001,6660.001,6660.001,6660.001,0.09138688,2019-11-25T08:33:00.000000Z
1574670900000,6780.0,6780.0,6780.0,6780.0,0.02661837,2019-11-25T08:35:00.000000Z
1574671020000,6660.002,6660.002,6660.001,6660.001,0.0059985,2019-11-25T08:37:00.000000Z
1574671080000,6779.99899999,6779.99899999,6779.99899999,6779.99899999,0.00095854,2019-11-25T08:38:00.000000Z
1574671440000,6665.001,6665.001,6665.0,6665.0,0.01080598,2019-11-25T08:44:00.000000Z
1574672280000,6665.0,6665.0,6665.0,6665.0,0.00509439,2019-11-25T08:58:00.000000Z
1574673180000,6670.0,6670.0,6670.0,6670.0,0.0062984,2019-11-25T09:13:00.000000Z
1574674560000,6765.0,6765.0,6765.0,6765.0,0.007629,2019-11-25T09:36:00.000000Z
1574674620000,6769.99999998,6769.99999998,6769.99999998,6769.99999998,0.003812,2019-11-25T09:37:00.000000Z
1574674680000,6670.00000001,6670.00000001,6670.00000001,6670.00000001,0.00809534,2019-11-25T09:38:00.000000Z
1574674920000,6779.99899997,6779.99899997,6779.99899997,6779.99899997,0.00125156,2019-11-25T09:42:00.000000Z
1574674980000,6779.99899997,6779.99899997,6779.99899996,6779.99899996,0.00500624,2019-11-25T09:43:00.000000Z
1574675040000,6785.0,6785.164,6785.0,6785.0,0.019003,2019-11-25T09:44:00.000000Z
1574675280000,6784.999,6785.0,6784.999,6785.0,0.01123594,2019-11-25T09:48:00.000000Z
1574675340000,6785.0,6785.0,6785.0,6785.0,0.00623705,2019-11-25T09:49:00.000000Z
1574675460000,6705.001,6705.001,6705.00000001,6705.00000001,0.00536228,2019-11-25T09:51:00.000000Z
1574678760000,6665.001,6665.001,6665.001,6665.001,0.0001364,2019-11-25T10:46:00.000000Z
1574679000000,6785.164,6795.0,6785.164,6795.0,0.16467648,2019-11-25T10:50:00.000000Z
1574679360000,6889.99999999,6889.99999999,6889.99999999,6889.99999999,0.00016089,2019-11-25T10:56:00.000000Z
1574679480000,6894.99799999,6910.99999982,6894.99799999,6910.99999982,0.1354793,2019-11-25T10:58:00.000000Z
1574679660000,6910.99999982,6910.99999982,6910.99999982,6910.99999982,0.00059169,2019-11-25T11:01:00.000000Z
1574680140000,6925.00000004,6925.00000004,6925.00000004,6925.00000004,0.00717368,2019-11-25T11:09:00.000000Z
1574680560000,6925.001,6925.001,6925.00000004,6925.00000004,0.19942952,2019-11-25T11:16:00.000000Z
1574681340000,6925.00000004,6925.00000004,6925.00000004,6925.00000004,0.00153469,2019-11-25T11:29:00.000000Z
1574681400000,6925.00000004,6925.00000004,6925.00000004,6925.00000004,2.61e-06,2019-11-25T11:30:00.000000Z
1574681460000,6925.00000004,6925.00000004,6925.00000004,6925.00000004,3.11e-06,2019-11-25T11:31:00.000000Z
1574682360000,6925.00000004,6925.00000004,6925.00000004,6925.00000004,0.00010598,2019-11-25T11:46:00.000000Z
1574684100000,6925.00000004,6925.00000004,6925.00000004,6925.00000004,8.5e-07,2019-11-25T12:15:00.000000Z
1574684340000,6900.0,6900.0,6900.0,6900.0,8e-08,2019-11-25T12:19:00.000000Z
1574684820000,6925.00000004,7130.0,6925.00000004,7130.0,0.00743182,2019-11-25T12:27:00.000000Z
1574685120000,7130.0,7130.0,7130.0,7130.0,0.04349517,2019-11-25T12:32:00.000000Z
1574685660000,7130.001,7130.001,7130.0,7130.0,0.04442037,2019-11-25T12:41:00.000000Z
1574685900000,7005.001,7005.001,7005.001,7005.001,9.834e-05,2019-11-25T12:45:00.000000Z
1574686260000,7129.999,7130.0,7129.999,7130.0,0.03443585,2019-11-25T12:51:00.000000Z
1574686860000,7200.0,7200.0,7200.0,7200.0,0.02361574,2019-11-25T13:01:00.000000Z
1574689380000,7304.99999999,7304.99999999,7304.99999999,7304.99999999,0.00021277,2019-11-25T13:43:00.000000Z
1574689620000,7304.99999999,7304.99999999,7304.99999999,7304.99999999,9.383e-05,2019-11-25T13:47:00.000000Z
1574689680000,7200.0,7200.0,7200.0,7200.0,0.00054737,2019-11-25T13:48:00.000000Z
1574690640000,7200.0,7200.0,7200.0,7200.0,2.414e-05,2019-11-25T14:04:00.000000Z
1574693280000,7200.0,7200.0,7200.0,7200.0,0.00021463,2019-11-25T14:48:00.000000Z
1574695740000,7305.0,7305.0,7305.0,7305.0,0.11875377,2019-11-25T15:29:00.000000Z
1574696280000,7305.0,7305.0,6795.0,6795.0,0.45362702,2019-11-25T15:38:00.000000Z
1574696460000,7305.0,7309.99799999,7305.0,7309.99799999,0.0218025,2019-11-25T15:41:00.000000Z
1574697840000,7310.0,7310.0,7310.0,7310.0,0.04166393,2019-11-25T16:04:00.000000Z
1574698080000,7310.0,7310.0,7310.0,7310.0,0.00097689,2019-11-25T16:08:00.000000Z
1574698260000,6855.00000001,6855.00000001,6855.00000001,6855.00000001,0.00330021,2019-11-25T16:11:00.000000Z
1574698500000,7518.50000001,7518.50000001,7518.5,7518.5,0.0232221,2019-11-25T16:15:00.000000Z
1574698680000,6815.0,6815.0,6815.0,6815.0,0.00722485,2019-11-25T16:18:00.000000Z
1574698740000,6850.001,7514.999,6850.0,7514.999,0.01967417,2019-11-25T16:19:00.000000Z
1574698800000,6800.0,7510.0,6800.0,7510.0,0.01778743,2019-11-25T16:20:00.000000Z
1574698860000,7510.0,7515.0,7510.0,7515.0,0.0123434,2019-11-25T16:21:00.000000Z
1574698920000,7507.5011,7507.5011,7507.5011,7507.5011,0.00924928,2019-11-25T16:22:00.000000Z
1574699220000,6835.001,6850.0,6756.7509,6756.7509,0.02032031,2019-11-25T16:27:00.000000Z
1574699280000,6756.7509,7507.501,6756.7509,7507.501,0.01181764,2019-11-25T16:28:00.000000Z
1574699340000,6785.0,6785.0,6785.0,6785.0,0.01723309,2019-11-25T16:29:00.000000Z
1574699520000,7348.0,7348.0,7348.0,7348.0,0.00500164,2019-11-25T16:32:00.000000Z
1574699760000,6675.00000001,6675.00000001,6675.00000001,6675.00000001,0.00938854,2019-11-25T16:36:00.000000Z
1574699820000,7344.999,7345.0,7344.999,7345.0,0.00781812,2019-11-25T16:37:00.000000Z
1574700300000,6900.0,6900.0,6900.0,6900.0,1.3e-07,2019-11-25T16:45:00.000000Z
1574700480000,7100.0,7590.00000001,7100.0,7590.00000001,0.00690221,2019-11-25T16:48:00.000000Z
1574700540000,7590.00000001,7590.00000001,7590.00000001,7590.00000001,0.0004891,2019-11-25T16:49:00.000000Z
1574700720000,6900.0,7590.0,6831.0,7590.0,0.01273207,2019-11-25T16:52:00.000000Z
1574700780000,6831.0,6831.0,6831.0,6831.0,0.01359775,2019-11-25T16:53:00.000000Z
1574700960000,7518.5,7518.5,7205.0,7205.0,0.01832999,2019-11-25T16:56:00.000000Z
1574715840000,7205.0,7205.0,7205.0,7205.0,0.00021976,2019-11-25T21:04:00.000000Z
1574717460000,7514.99999998,7514.99999998,7514.99999998,7514.99999998,3.83e-06,2019-11-25T21:31:00.000000Z
1574717580000,6845.001,6845.001,6845.001,6845.001,3.83e-06,2019-11-25T21:33:00.000000Z
1574718180000,7514.99899999,7514.99899999,7514.99899999,7514.99899999,0.00669855,2019-11-25T21:43:00.000000Z
1574718360000,6860.0,6860.0,6860.0,6860.0,0.01295025,2019-11-25T21:46:00.000000Z
1574718480000,7000.0,7000.0,7000.0,7000.0,0.0032,2019-11-25T21:48:00.000000Z
1574721660000,7065.0,7515.0,7065.0,7065.0,0.16006693,2019-11-25T22:41:00.000000Z
1574721720000,7140.0,7140.0,7140.0,7140.0,0.0134666,2019-11-25T22:42:00.000000Z
1574723400000,7105.0,7140.0,7105.0,7140.0,0.35684549,2019-11-25T23:10:00.000000Z
1574723460000,7140.0,7145.0,7140.0,7145.0,0.1189485,2019-11-25T23:11:00.000000Z
1574724480000,7145.00100001,7145.00100001,7145.00100001,7145.00100001,0.00692753,2019-11-25T23:28:00.000000Z
1574725380000,7145.00100001,7145.002,7145.00100001,7145.00100001,0.39969122,2019-11-25T23:43:00.000000Z
1574725680000,7139.999,7140.0,7139.999,7140.0,0.13877781,2019-11-25T23:48:00.000000Z
1574726280000,7145.0,7145.0,7145.0,7145.0,7.2e-07,2019-11-25T23:58:00.000000Z
1574727240000,7075.00000001,7075.00000001,7075.00000001,7075.00000001,1.3e-07,2019-11-26T00:14:00.000000Z
1574727300000,7107.0,7145.0,7107.0,7145.0,0.00199369,2019-11-26T00:15:00.000000Z
1574729760000,7144.99999999,7145.0,7144.99999999,7145.0,0.04677922,2019-11-26T00:56:00.000000Z
1574731500000,7145.0,7145.0,7145.0,7145.0,5.2e-07,2019-11-26T01:25:00.000000Z
1574732100000,7145.0,7145.001,7145.0,7145.001,0.00643863,2019-11-26T01:35:00.000000Z
1574732520000,7145.001,7145.001,7145.001,7145.001,1.1e-05,2019-11-26T01:42:00.000000Z
1574733540000,7145.001,7145.001,7145.001,7145.001,0.01096478,2019-11-26T01:59:00.000000Z
1574733600000,7105.00000001,7105.00000001,7105.00000001,7105.00000001,0.00194934,2019-11-26T02:00:00.000000Z
1574733840000,7145.002,7145.002,7145.002,7145.002,0.00148629,2019-11-26T02:04:00.000000Z
1574733960000,7504.99999999,7505.0,7504.99999999,7505.0,0.00988968,2019-11-26T02:06:00.000000Z
1574734080000,7155.00100001,7155.00100001,7155.0,7155.0,0.00951022,2019-11-26T02:08:00.000000Z
1574735280000,7154.999,7155.0,7154.999,7155.0,0.06045114,2019-11-26T02:28:00.000000Z
1574738640000,7154.99999994,7154.99999994,7154.99999994,7154.99999994,0.00704182,2019-11-26T03:24:00.000000Z
1574738700000,7154.99999995,7154.99999995,7154.99999995,7154.99999995,0.07564008,2019-11-26T03:25:00.000000Z
1574739480000,7154.99999995,7154.99999995,7154.99999995,7154.99999995,0.01306774,2019-11-26T03:38:00.000000Z
1574739540000,7154.99999995,7154.99999995,7154.99999995,7154.99999995,0.00232384,2019-11-26T03:39:00.000000Z
1574742240000,7200.001,7200.001,7200.0,7200.0,0.00437337,2019-11-26T04:24:00.000000Z
1574742480000,7504.99899999,7504.99899999,7504.99899999,7504.99899999,5.07e-05,2019-11-26T04:28:00.000000Z
1574742540000,7504.99899999,7504.99899999,7210.0,7210.0,0.01139735,2019-11-26T04:29:00.000000Z
1574742600000,7165.0,7504.999,7165.0,7504.999,9.886e-05,2019-11-26T04:30:00.000000Z
1574742900000,7175.00000001,7175.00000001,7165.0,7165.0,0.01330786,2019-11-26T04:35:00.000000Z
1574746560000,7200.0,7200.0,7200.0,7200.0,0.01704793,2019-11-26T05:36:00.000000Z
1574746680000,7250.0,7250.0,7250.0,7250.0,0.00481962,2019-11-26T05:38:00.000000Z
1574747100000,7200.0,7250.0,7200.0,7250.0,0.0008633,2019-11-26T05:45:00.000000Z
1574748840000,7250.0,7250.0,7250.0,7250.0,0.06633424,2019-11-26T06:14:00.000000Z
1574749980000,7287.99999999,7300.0,7287.99999999,7300.0,0.01308623,2019-11-26T06:33:00.000000Z
1574750040000,7300.0,7300.0,7300.0,7300.0,0.00042497,2019-11-26T06:34:00.000000Z
1574750940000,7419.999,7419.999,7419.999,7419.999,1.5e-06,2019-11-26T06:49:00.000000Z
1574751240000,7165.0,7165.0,7165.0,7165.0,0.0120179,2019-11-26T06:54:00.000000Z
1574752380000,7170.00000001,7170.00000001,7170.00000001,7170.00000001,0.00697276,2019-11-26T07:13:00.000000Z
1574752620000,7180.0,7180.0,7180.0,7180.0,0.01089007,2019-11-26T07:17:00.000000Z
1574752740000,7269.99899999,7269.99899999,7269.99899999,7269.99899999,0.00037601,2019-11-26T07:19:00.000000Z
1574753100000,7175.00000001,7175.00000001,7175.00000001,7175.00000001,0.00310638,2019-11-26T07:25:00.000000Z
1574753160000,7170.0,7170.0,7170.0,7170.0,0.01582587,2019-11-26T07:26:00.000000Z
1574753280000,7274.999,7275.0,7274.999,7275.0,0.01856807,2019-11-26T07:28:00.000000Z
1574753460000,7160.00100001,7160.00100001,7160.00100001,7160.00100001,0.0069816,2019-11-26T07:31:00.000000Z
1574753520000,7160.00000001,7160.00000001,7160.00000001,7160.00000001,0.19839443,2019-11-26T07:32:00.000000Z
1574755680000,7165.001,7165.001,7165.001,7165.001,1.716e-05,2019-11-26T08:08:00.000000Z
1574759640000,7165.001,7165.001,7155.0,7155.0,0.00617881,2019-11-26T09:14:00.000000Z
1574760360000,7155.001,7155.001,7155.001,7155.001,0.01332913,2019-11-26T09:26:00.000000Z
1574762220000,7155.001,7155.001,7154.99999995,7154.99999995,0.01248365,2019-11-26T09:57:00.000000Z
1574764800000,7160.0,7160.0,7160.0,7160.0,0.00158594,2019-11-26T10:40:00.000000Z
1574765640000,7155.0,7155.0,7155.0,7155.0,0.04159812,2019-11-26T10:54:00.000000Z
1574766360000,7155.0,7155.0,7155.0,7155.0,0.01178714,2019-11-26T11:06:00.000000Z
1574766420000,7155.0,7155.0,7155.0,7155.0,0.00208615,2019-11-26T11:07:00.000000Z
1574766480000,7154.99999995,7154.99999995,7154.99999995,7154.99999995,0.00402551,2019-11-26T11:08:00.000000Z
1574767740000,7095.001,7095.001,7090.00100003,7090.00100003,0.24939484,2019-11-26T11:29:00.000000Z
1574767920000,7090.00100003,7090.00100003,7090.00100003,7090.00100003,0.00081345,2019-11-26T11:32:00.000000Z
1574768760000,7090.00100003,7090.00100003,7090.00100003,7090.00100003,0.04528886,2019-11-26T11:46:00.000000Z
1574768820000,7090.00100003,7090.00100003,7090.00100003,7090.00100003,0.00760389,2019-11-26T11:47:00.000000Z
1574769180000,7090.00100003,7090.00100003,7090.00100003,7090.00100003,6.3e-07,2019-11-26T11:53:00.000000Z
1574769240000,7090.00100003,7155.0,7090.00100003,7155.0,0.00805652,2019-11-26T11:54:00.000000Z
1574769840000,7155.0,7155.0,7155.0,7155.0,0.02,2019-11-26T12:04:00.000000Z
1574773920000,7087.63743418,7087.63743418,7087.63743418,7087.63743418,0.00965842,2019-11-26T13:12:00.000000Z
1574774340000,7087.63743418,7087.63743418,7087.63743418,7087.63743418,3.5e-07,2019-11-26T13:19:00.000000Z
1574774400000,7087.63743418,7087.63743418,7065.0,7065.0,0.01516071,2019-11-26T13:20:00.000000Z
1574778060000,6880.0,6880.0,6880.0,6880.0,4.816e-05,2019-11-26T14:21:00.000000Z
1574784480000,7249.999,7250.0,7249.999,7250.0,0.00836893,2019-11-26T16:08:00.000000Z
1574787900000,6850.001,6850.001,6850.0,6850.0,0.01270918,2019-11-26T17:05:00.000000Z
1574788320000,7249.99899999,7249.99899999,7249.99899999,7249.99899999,0.00658366,2019-11-26T17:12:00.000000Z
1574788560000,6920.0,6920.0,6920.0,6920.0,0.00976736,2019-11-26T17:16:00.000000Z
1574791560000,7249.999,7249.999,6950.001,6950.001,0.00012738,2019-11-26T18:06:00.000000Z
1574791740000,6895.001,6895.001,6895.001,6895.001,0.00013254,2019-11-26T18:09:00.000000Z
1574791800000,7249.999,7249.999,7249.999,7249.999,0.00018617,2019-11-26T18:10:00.000000Z
1574792040000,6885.001,6885.001,6885.0,6885.0,0.01304452,2019-11-26T18:14:00.000000Z
1574792460000,6930.0,7249.999,6880.0,6880.0,0.0001065,2019-11-26T18:21:00.000000Z
1574792520000,7249.999,7249.999,6860.00000001,6860.00000001,6.59e-05,2019-11-26T18:22:00.000000Z
1574792940000,7252.999,7253.0,7252.999,7253.0,0.00821645,2019-11-26T18:29:00.000000Z
1574795820000,7249.998,7249.998,7075.0,7075.0,0.00960148,2019-11-26T19:17:00.000000Z
1574797620000,6860.001,6860.001,6860.0,6860.0,0.00894124,2019-11-26T19:47:00.000000Z
1574797860000,7249.99899999,7249.99899999,7249.99899999,7249.99899999,0.00709542,2019-11-26T19:51:00.000000Z
1574798640000,6870.0,6870.0,6870.0,6870.0,0.00529591,2019-11-26T20:04:00.000000Z
1574799660000,7249.999,7250.0,7249.999,7250.0,0.0100979,2019-11-26T20:21:00.000000Z
1574800320000,7035.0,7035.0,7035.0,7035.0,0.00789848,2019-11-26T20:32:00.000000Z
1574831100000,7040.001,7040.001,7040.0,7040.0,0.00821677,2019-11-27T05:05:00.000000Z
1574838180000,7060.0,7060.0,7060.0,7060.0,0.0002314,2019-11-27T07:03:00.000000Z
1574843400000,7065.001,7065.001,7065.0,7065.0,0.00839883,2019-11-27T08:30:00.000000Z
1574845200000,7040.0,7040.0,7035.0,7035.0,0.48635221,2019-11-27T09:00:00.000000Z
1574845380000,7029.99899999,7030.0,7029.99899999,7030.0,0.13639894,2019-11-27T09:03:00.000000Z
1574847360000,7029.99999999,7029.99999999,7029.99999999,7029.99999999,1.43e-06,2019-11-27T09:36:00.000000Z
1574851920000,6950.0,6950.0,6895.001,6895.001,0.00726972,2019-11-27T10:52:00.000000Z
1574853060000,7000.0,7000.0,6835.0,6850.001,0.0073573,2019-11-27T11:11:00.000000Z
1574854020000,7024.999,7024.999,6950.0,6950.0,0.0909328,2019-11-27T11:27:00.000000Z
1574854500000,7029.99999999,7040.0,7029.99999999,7040.0,0.39758031,2019-11-27T11:35:00.000000Z
1574854560000,7083.524,7083.524,7083.524,7083.524,0.00128703,2019-11-27T11:36:00.000000Z
1574854800000,7239.99899999,7239.99899999,7239.99899999,7239.99899999,3.02e-06,2019-11-27T11:40:00.000000Z
1574854860000,7239.99899999,7239.99899999,7045.0,7045.0,0.00018194,2019-11-27T11:41:00.000000Z
1574856120000,7100.0,7105.001,7100.0,7105.0,0.29083356,2019-11-27T12:02:00.000000Z
1574856240000,7244.99899999,7245.0,7244.99899999,7245.0,0.12310575,2019-11-27T12:04:00.000000Z
1574856300000,7245.0,7250.0,7245.0,7250.0,0.00628791,2019-11-27T12:05:00.000000Z
1574856360000,7250.0,7253.0,7250.0,7253.0,0.04531845,2019-11-27T12:06:00.000000Z
1574856420000,7269.99899999,7295.0,7269.99899999,7295.0,0.23162218,2019-11-27T12:07:00.000000Z
1574856480000,7295.001,7295.001,7295.0,7295.0,0.08303888,2019-11-27T12:08:00.000000Z
1574856540000,7185.0,7185.0,7185.0,7185.0,0.01086216,2019-11-27T12:09:00.000000Z
1574858460000,7279.99899999,7279.99899999,7279.99899999,7279.99899999,0.00034496,2019-11-27T12:41:00.000000Z
1574860140000,7195.001,7279.99899999,7195.0,7279.99899999,0.00493197,2019-11-27T13:09:00.000000Z
1574860500000,7279.99899999,7279.99899999,7279.99899999,7279.99899999,0.00015135,2019-11-27T13:15:00.000000Z
1574860740000,7274.99899999,7274.99899999,7274.99899999,7274.99899999,6.363e-05,2019-11-27T13:19:00.000000Z
1574860800000,7274.99899999,7275.0,7274.99899999,7275.0,0.27430795,2019-11-27T13:20:00.000000Z
1574860860000,7275.0,7275.0,7275.0,7275.0,0.01354207,2019-11-27T13:21:00.000000Z
1574861040000,7215.0,7215.0,7215.0,7215.0,0.00257871,2019-11-27T13:24:00.000000Z
1574861160000,7215.0,7215.0,7215.0,7215.0,0.00133928,2019-11-27T13:26:00.000000Z
1574861580000,7270.0,7275.0,7270.0,7275.0,0.0685807,2019-11-27T13:33:00.000000Z
1574861880000,7275.0,7275.0,7275.0,7275.0,1.646e-05,2019-11-27T13:38:00.000000Z
1574862240000,7274.99999999,7274.99999999,7274.99999999,7274.99999999,0.00368042,2019-11-27T13:44:00.000000Z
1574862300000,7274.99999999,7274.99999999,7274.99999999,7274.99999999,0.00021117,2019-11-27T13:45:00.000000Z
1574863260000,7274.99999999,7275.0,7274.99999999,7275.0,0.41497986,2019-11-27T14:01:00.000000Z
1574863380000,7275.0,7275.0,7275.0,7275.0,0.00591083,2019-11-27T14:03:00.000000Z
1574863440000,7275.0,7275.0,7275.0,7275.0,0.00237862,2019-11-27T14:04:00.000000Z
1574863500000,7275.0,7275.0,7275.0,7275.0,0.00121034,2019-11-27T14:05:00.000000Z
1574863560000,7275.0,7275.0,7275.0,7275.0,0.95280341,2019-11-27T14:06:00.000000Z
1574863680000,7275.0,7275.0,7275.0,7275.0,0.028287,2019-11-27T14:08:00.000000Z
1574863740000,7275.0,7275.0,7275.0,7275.0,0.007072,2019-11-27T14:09:00.000000Z
1574863800000,7275.0,7275.00000007,7275.0,7275.0,0.43033344,2019-11-27T14:10:00.000000Z
1574863860000,7275.0,7275.0,7275.0,7275.0,0.233669,2019-11-27T14:11:00.000000Z
1574863920000,7275.0,7275.0,7275.0,7275.0,0.09720645,2019-11-27T14:12:00.000000Z
1574864220000,7275.0,7275.0,7275.0,7275.0,0.19573038,2019-11-27T14:17:00.000000Z
1574864280000,7275.0,7275.0,7275.0,7275.0,0.017474,2019-11-27T14:18:00.000000Z
1574864340000,7275.0,7275.0,7275.0,7275.0,0.36341606,2019-11-27T14:19:00.000000Z
1574864460000,7200.001,7200.001,7200.0,7200.0,0.00732189,2019-11-27T14:21:00.000000Z
1574864520000,7205.001,7205.001,7205.001,7205.001,0.001,2019-11-27T14:22:00.000000Z
1574865780000,7205.002,7205.002,7205.002,7205.002,0.00130636,2019-11-27T14:43:00.000000Z
1574865840000,7210.0,7210.0,7210.0,7210.0,0.38244639,2019-11-27T14:44:00.000000Z
1574866440000,7210.0,7210.0,7210.0,7210.0,3.893e-05,2019-11-27T14:54:00.000000Z
1574866980000,7235.0,7235.0,7235.0,7235.0,0.00359781,2019-11-27T15:03:00.000000Z
1574867040000,7235.0,7235.0,7235.0,7235.0,5.285e-05,2019-11-27T15:04:00.000000Z
1574867340000,7235.0,7235.0,7235.0,7235.0,0.4381349,2019-11-27T15:09:00.000000Z
1574867760000,7235.0,7235.0,7235.0,7235.0,0.03612079,2019-11-27T15:16:00.000000Z
1574867820000,7240.0,7240.0,7240.0,7240.0,0.26332405,2019-11-27T15:17:00.000000Z
1574867880000,7220.0,7220.0,7220.0,7220.0,0.0035773,2019-11-27T15:18:00.000000Z
1574868660000,7279.99899999,7279.99899999,7279.99899999,7279.99899999,0.00832765,2019-11-27T15:31:00.000000Z
1574868780000,7284.99899999,7284.99999999,7284.99899999,7284.99999999,0.11465044,2019-11-27T15:33:00.000000Z
1574868840000,7295.0,7295.0,7295.0,7295.0,0.05238049,2019-11-27T15:34:00.000000Z
1574869020000,7250.001,7255.0,7250.001,7255.0,0.01863321,2019-11-27T15:37:00.000000Z
1574869320000,7255.0,7255.0,7255.0,7255.0,0.10530191,2019-11-27T15:42:00.000000Z
1574869500000,7330.00100001,7330.00100001,7330.00100001,7330.00100001,0.00621903,2019-11-27T15:45:00.000000Z
1574872380000,7225.001,7225.001,7225.001,7225.001,0.00010518,2019-11-27T16:33:00.000000Z
1574873280000,7290.99899999,7426.99993,7290.99899998,7426.99993,0.06411491,2019-11-27T16:48:00.000000Z
1574873340000,7420.0,7420.0,7420.0,7420.0,0.005,2019-11-27T16:49:00.000000Z
1574873400000,7420.0,7430.0,7290.99899998,7430.0,0.07150867,2019-11-27T16:50:00.000000Z
1574875020000,7518.5,7520.0,7518.5,7520.0,0.0134047,2019-11-27T17:17:00.000000Z
1574875080000,7520.0,7525.0,7520.0,7525.0,0.00750189,2019-11-27T17:18:00.000000Z
1574875260000,7525.0,7525.0,7295.0,7525.0,0.03455681,2019-11-27T17:21:00.000000Z
1574875320000,7530.0,7530.0,7525.0,7525.0,0.55162168,2019-11-27T17:22:00.000000Z
1574875380000,7525.0,7525.0,7524.999,7525.0,0.3889193,2019-11-27T17:23:00.000000Z
1574875680000,7295.001,7295.001,7295.0,7295.0,0.00799942,2019-11-27T17:28:00.000000Z
1574876220000,7580.0,7580.0,7580.0,7580.0,0.0090058,2019-11-27T17:37:00.000000Z
1574876340000,7295.00100001,7295.00100001,7295.00100001,7295.00100001,0.00676898,2019-11-27T17:39:00.000000Z
1574876520000,7584.99999999,7584.99999999,7584.99999999,7584.99999999,0.00777707,2019-11-27T17:42:00.000000Z
1574877360000,7580.0,7584.99899999,7560.0,7560.0,0.4593941,2019-11-27T17:56:00.000000Z
1574877480000,7559.987,7559.987,7559.987,7559.987,0.00255006,2019-11-27T17:58:00.000000Z
1574878080000,7590.00000001,7630.0,7590.00000001,7615.0,0.03619337,2019-11-27T18:08:00.000000Z
1574878200000,7614.99999999,7615.001,7614.99999999,7614.99999999,0.09740067,2019-11-27T18:10:00.000000Z
1574878260000,7614.99999999,7614.99999999,7614.99999999,7614.99999999,0.23339531,2019-11-27T18:11:00.000000Z
1574878320000,7614.99999999,7614.99999999,7614.99999999,7614.99999999,0.216989,2019-11-27T18:12:00.000000Z
1574878380000,7614.99999999,7614.99999999,7614.99999999,7614.99999999,0.17157808,2019-11-27T18:13:00.000000Z
1574878440000,7614.99999999,7614.99999999,7614.99999999,7614.99999999,0.10727868,2019-11-27T18:14:00.000000Z
1574878500000,7614.99999999,7614.99999999,7614.99999999,7614.99999999,0.02,2019-11-27T18:15:00.000000Z
1574878680000,7614.99999999,7614.99999999,7614.99999999,7614.99999999,0.11214108,2019-11-27T18:18:00.000000Z
1574878740000,7614.99999999,7614.99999999,7614.99999999,7614.99999999,0.03909635,2019-11-27T18:19:00.000000Z
1574878800000,7614.99999999,7614.99999999,7614.99999999,7614.99999999,0.0865408,2019-11-27T18:20:00.000000Z
1574883300000,7305.00000001,7305.00000001,7305.00000001,7305.00000001,2.547e-05,2019-11-27T19:35:00.000000Z
1574884620000,7305.0,7305.0,7305.0,7305.0,0.12390395,2019-11-27T19:57:00.000000Z
1574884800000,7669.999,7670.0,7669.999,7670.0,0.01852878,2019-11-27T20:00:00.000000Z
1574887560000,7305.00100001,7305.00100001,7305.00100001,7305.00100001,0.00610526,2019-11-27T20:46:00.000000Z
1574887620000,7669.99999999,7670.0,7669.99999999,7670.0,0.01284241,2019-11-27T20:47:00.000000Z
1574887860000,7670.0,7670.0,7670.0,7670.0,0.0052148,2019-11-27T20:51:00.000000Z
1574888280000,7305.00100001,7305.00100001,7305.00100001,7305.00100001,0.00733284,2019-11-27T20:58:00.000000Z
1574888700000,7665.0,7665.0,7665.0,7665.0,0.00857265,2019-11-27T21:05:00.000000Z
1574889540000,7664.99999999,7664.99999999,7664.99999999,7664.99999999,0.00043372,2019-11-27T21:19:00.000000Z
1574890020000,7405.001,7405.001,7405.0,7405.0,0.00939357,2019-11-27T21:27:00.000000Z
1574890440000,7659.99899999,7660.0,7659.99899999,7660.0,0.01217723,2019-11-27T21:34:00.000000Z
1574891100000,7405.00100001,7405.00100001,7405.0,7405.0,0.00926331,2019-11-27T21:45:00.000000Z
1574896800000,7508.001,7508.001,7508.0,7508.0,0.01108766,2019-11-27T23:20:00.000000Z
1574897820000,7600.0,7600.0,7600.0,7600.0,0.07794712,2019-11-27T23:37:00.000000Z
1574897880000,7600.0,7600.0,7600.0,7600.0,0.00925357,2019-11-27T23:38:00.000000Z
1574897940000,7600.0,7600.0,7600.0,7600.0,0.00779987,2019-11-27T23:39:00.000000Z
1574898000000,7600.0,7600.0,7600.0,7600.0,0.00796363,2019-11-27T23:40:00.000000Z
1574898060000,7600.0,7600.0,7600.0,7600.0,0.0049339,2019-11-27T23:41:00.000000Z
1574898480000,7600.0,7600.0,7506.0,7506.0,0.002298,2019-11-27T23:48:00.000000Z
1574898540000,7600.0,7600.0,7600.0,7600.0,0.0008523,2019-11-27T23:49:00.000000Z
1574900580000,7506.0,7506.0,7506.0,7506.0,0.00072485,2019-11-28T00:23:00.000000Z
1574902140000,7659.99878699,7660.0,7659.99878699,7660.0,0.01256728,2019-11-28T00:49:00.000000Z
1574902320000,7660.0,7660.0,7660.0,7660.0,2.417e-05,2019-11-28T00:52:00.000000Z
1574903460000,7659.99999999,7659.99999999,7659.99999999,7659.99999999,0.00130136,2019-11-28T01:11:00.000000Z
1574903580000,7510.002,7510.002,7510.002,7510.002,0.00012,2019-11-28T01:13:00.000000Z
1574903640000,7659.99899999,7659.99899999,7659.99899999,7659.99899999,0.00011706,2019-11-28T01:14:00.000000Z
1574903760000,7659.99899999,7659.99899999,7659.99899999,7659.99899999,0.00232119,2019-11-28T01:16:00.000000Z
1574903820000,7510.002,7510.002,7510.00100002,7510.00100002,0.00576659,2019-11-28T01:17:00.000000Z
1574905440000,7659.99899999,7659.99899999,7515.00099,7659.99899999,0.00123327,2019-11-28T01:44:00.000000Z
1574905980000,7510.00100002,7510.00100002,7510.00100002,7510.00100002,0.01574164,2019-11-28T01:53:00.000000Z
1574906340000,7510.00100002,7510.00100002,7510.00100002,7510.00100002,0.0203961,2019-11-28T01:59:00.000000Z
1574906820000,7510.00100002,7510.00100002,7510.00100002,7510.00100002,0.0103055,2019-11-28T02:07:00.000000Z
1574907120000,7510.00100002,7510.00100002,7510.00100002,7510.00100002,0.00513821,2019-11-28T02:12:00.000000Z
1574907360000,7510.00100002,7510.00100002,7510.00100002,7510.00100002,0.00556042,2019-11-28T02:16:00.000000Z
1574908080000,7515.0,7515.0,7515.0,7515.0,0.00913976,2019-11-28T02:28:00.000000Z
1574909220000,7510.00100002,7510.00100002,7510.00100002,7510.00100002,0.00104021,2019-11-28T02:47:00.000000Z
1574909460000,7510.00100002,7634.99899999,7510.00100002,7634.99899999,0.00036845,2019-11-28T02:51:00.000000Z
1574909880000,7510.00100002,7510.00100002,7510.00100002,7510.00100002,0.00880669,2019-11-28T02:58:00.000000Z
1574910060000,7659.99899999,7659.99899999,7510.00100002,7510.00100002,2.68e-06,2019-11-28T03:01:00.000000Z
1574912760000,7510.00100002,7510.00100002,7506.0,7506.0,0.0708664,2019-11-28T03:46:00.000000Z
1574913060000,7505.0,7505.0,7505.0,7505.0,0.01767681,2019-11-28T03:51:00.000000Z
1574915280000,7499.999,7499.999,7499.999,7499.999,0.00015196,2019-11-28T04:28:00.000000Z
1574918100000,7500.0,7500.0,7500.0,7500.0,0.00131541,2019-11-28T05:15:00.000000Z
1574918880000,7500.0,7500.0,7500.0,7500.0,0.00038143,2019-11-28T05:28:00.000000Z
1574919120000,7499.999,7499.999,7499.999,7499.999,0.00314481,2019-11-28T05:32:00.000000Z
1574919420000,7499.999,7499.999,7499.999,7499.999,0.00118632,2019-11-28T05:37:00.000000Z
1574919480000,7499.999,7499.999,7499.999,7499.999,0.00125399,2019-11-28T05:38:00.000000Z
1574919540000,7499.999,7499.999,7499.999,7499.999,0.00126755,2019-11-28T05:39:00.000000Z
1574919660000,7499.999,7499.999,7499.99899999,7499.99899999,0.001,2019-11-28T05:41:00.000000Z
1574919780000,7499.99899999,7499.99899999,7499.99899999,7499.99899999,0.00241714,2019-11-28T05:43:00.000000Z
1574920020000,7485.001,7485.001,7473.114,7473.114,0.00270495,2019-11-28T05:47:00.000000Z
1574922660000,7499.999,7499.999,7499.999,7499.999,5.586e-05,2019-11-28T06:31:00.000000Z
1574923620000,7505.999,7506.0,7505.999,7506.0,0.00643704,2019-11-28T06:47:00.000000Z
1574923680000,7506.0,7506.0,7506.0,7506.0,0.006982,2019-11-28T06:48:00.000000Z
1574923740000,7506.0,7506.0,7506.0,7506.0,0.017451,2019-11-28T06:49:00.000000Z
1574923800000,7506.0,7506.0,7506.0,7506.0,0.003487,2019-11-28T06:50:00.000000Z
1574923860000,7506.0,7506.0,7506.0,7506.0,0.003487,2019-11-28T06:51:00.000000Z
1574923920000,7506.0,7506.0,7506.0,7506.0,0.031383,2019-11-28T06:52:00.000000Z
1574924340000,7506.0,7506.0,7506.0,7506.0,0.00028112,2019-11-28T06:59:00.000000Z
1574926560000,7506.0,7506.0,7506.0,7506.0,3e-07,2019-11-28T07:36:00.000000Z
1574930100000,7499.99999999,7499.99999999,7499.99999999,7499.99999999,0.00589826,2019-11-28T08:35:00.000000Z
1574930760000,7505.0,7505.0,7505.0,7505.0,1.063e-05,2019-11-28T08:46:00.000000Z
1574931300000,7499.99999999,7499.99999999,7499.99999999,7499.99999999,0.06188717,2019-11-28T08:55:00.000000Z
1574931600000,7506.0,7506.0,7506.0,7506.0,0.013948,2019-11-28T09:00:00.000000Z
1574931660000,7506.0,7506.0,7506.0,7506.0,0.00698131,2019-11-28T09:01:00.000000Z
1574931720000,7506.0,7506.0,7505.0,7506.0,0.05301872,2019-11-28T09:02:00.000000Z
1574932560000,7499.99999999,7499.99999999,7499.99999999,7499.99999999,0.05415077,2019-11-28T09:16:00.000000Z
1574932860000,7499.99999999,7499.99999999,7499.99999999,7499.99999999,0.02087328,2019-11-28T09:21:00.000000Z
1574933400000,7505.0,7505.0,7505.0,7505.0,0.00472338,2019-11-28T09:30:00.000000Z
1574933640000,7505.0,7505.0,7505.0,7505.0,0.0028929,2019-11-28T09:34:00.000000Z
1574933700000,7505.0,7505.0,7505.0,7505.0,0.0014088,2019-11-28T09:35:00.000000Z
1574933940000,7505.0,7505.0,7505.0,7505.0,0.02065525,2019-11-28T09:39:00.000000Z
1574934600000,7506.0,7506.0,7506.0,7506.0,0.03405378,2019-11-28T09:50:00.000000Z
1574934720000,7506.0,7506.0,7506.0,7506.0,0.00271466,2019-11-28T09:52:00.000000Z
1574934780000,7506.0,7506.0,7506.0,7506.0,0.00547449,2019-11-28T09:53:00.000000Z
1574934840000,7506.0,7506.0,7506.0,7506.0,0.02529834,2019-11-28T09:54:00.000000Z
1574934900000,7506.0,7506.0,7506.0,7506.0,0.00498856,2019-11-28T09:55:00.000000Z
1574935440000,7506.001,7506.001,7506.0,7506.0,0.11143005,2019-11-28T10:04:00.000000Z
1574935800000,7506.0,7506.0,7500.001,7500.001,0.0017611,2019-11-28T10:10:00.000000Z
1574936880000,7499.99999999,7499.99999999,7499.99999999,7499.99999999,0.12973441,2019-11-28T10:28:00.000000Z
1574937060000,7499.99999999,7499.99999999,7499.99999999,7499.99999999,0.00365647,2019-11-28T10:31:00.000000Z
1574937360000,7499.99999999,7499.99999999,7499.99999999,7499.99999999,0.01148105,2019-11-28T10:36:00.000000Z
1574941260000,7499.99999999,7499.99999999,7499.99999999,7499.99999999,0.30173289,2019-11-28T11:41:00.000000Z
1574943180000,7499.99999999,7499.99999999,7499.99999999,7499.99999999,0.10768077,2019-11-28T12:13:00.000000Z
1574943360000,7499.99999999,7499.99999999,7499.99999999,7499.99999999,0.00412787,2019-11-28T12:16:00.000000Z
1574944200000,7499.99999999,7499.99999999,7499.99999999,7499.99999999,0.0042418,2019-11-28T12:30:00.000000Z
1574944260000,7499.99999999,7499.99999999,7499.99999999,7499.99999999,0.00072713,2019-11-28T12:31:00.000000Z
1574945400000,7499.99999999,7499.99999999,7499.99999999,7499.99999999,0.04886409,2019-11-28T12:50:00.000000Z
1574945760000,7499.99999999,7499.99999999,7499.99999999,7499.99999999,0.09913617,2019-11-28T12:56:00.000000Z
1574945820000,7499.99999999,7499.99999999,7455.0,7455.0,0.03854195,2019-11-28T12:57:00.000000Z
1574945880000,7454.99899999,7454.99899999,7454.99899999,7454.99899999,0.00135952,2019-11-28T12:58:00.000000Z
1574948460000,7659.99899999,7659.99899999,7659.99899999,7659.99899999,0.00110168,2019-11-28T13:41:00.000000Z
1574953440000,7654.99899999,7654.99899999,7654.99899999,7654.99899999,5.985e-05,2019-11-28T15:04:00.000000Z
1574957700000,7654.99899999,7654.99899999,7654.99899999,7654.99899999,0.00394915,2019-11-28T16:15:00.000000Z
1574961000000,7654.99899999,7654.99899999,7654.99899999,7654.99899999,5.21e-06,2019-11-28T17:10:00.000000Z
1574965260000,7405.00000001,7405.00000001,7405.00000001,7405.00000001,0.00056407,2019-11-28T18:21:00.000000Z
1574965320000,7654.999,7654.999,7654.999,7654.999,0.00054293,2019-11-28T18:22:00.000000Z
1574965380000,7405.00000001,7405.00000001,7405.00000001,7405.00000001,0.00054293,2019-11-28T18:23:00.000000Z
1574974320000,7405.00000001,7659.99899995,7405.00000001,7659.99899995,0.11423863,2019-11-28T20:52:00.000000Z
1574978340000,7650.0,7650.0,7650.0,7650.0,0.12378019,2019-11-28T21:59:00.000000Z
1574981520000,7405.00100002,7405.00100002,7378.04099999,7378.04099999,0.0380678,2019-11-28T22:52:00.000000Z
1574981580000,7385.0,7649.99999993,7385.0,7649.99999993,0.010606,2019-11-28T22:53:00.000000Z
1574982600000,7614.99999991,7614.99999991,7614.99999991,7614.99999991,0.05608376,2019-11-28T23:10:00.000000Z
1574982660000,7610.0,7610.0,7610.0,7610.0,0.0406106,2019-11-28T23:11:00.000000Z
1574986920000,7325.00100001,7325.00100001,7325.00100001,7325.00100001,0.00433514,2019-11-29T00:22:00.000000Z
1574988720000,7325.002,7590.0,7325.00100001,7325.00100001,0.04117235,2019-11-29T00:52:00.000000Z
1574991540000,7340.00100001,7340.00100001,7340.00100001,7340.00100001,0.00236431,2019-11-29T01:39:00.000000Z
1574991660000,7585.0,7585.0,7585.0,7585.0,0.00227653,2019-11-29T01:41:00.000000Z
1574991720000,7340.00100001,7340.00100001,7340.00100001,7340.00100001,0.00232042,2019-11-29T01:42:00.000000Z
1574991780000,7340.00100001,7340.00100001,7340.00100001,7340.00100001,0.00023204,2019-11-29T01:43:00.000000Z
1574991900000,7589.99999998,7589.99999998,7589.99999998,7589.99999998,0.00245607,2019-11-29T01:45:00.000000Z
1574994180000,7585.0,7585.0,7585.0,7585.0,0.00626855,2019-11-29T02:23:00.000000Z
1574998380000,7580.0,7580.0,7580.0,7580.0,1.1e-06,2019-11-29T03:33:00.000000Z
1575003900000,7579.99999997,7579.99999997,7579.99999997,7579.99999997,0.00022885,2019-11-29T05:05:00.000000Z
1575004620000,7570.0,7570.0,7570.0,7570.0,0.00118733,2019-11-29T05:17:00.000000Z
1575010440000,7330.00100001,7560.0,7330.00100001,7560.0,0.00080413,2019-11-29T06:54:00.000000Z
1575014160000,7555.0,7555.0,7555.0,7555.0,0.00138356,2019-11-29T07:56:00.000000Z
1575014460000,7335.00100001,7555.0,7335.00100001,7555.0,0.04641514,2019-11-29T08:01:00.000000Z
1575014580000,7555.0,7555.0,7555.0,7555.0,0.03300814,2019-11-29T08:03:00.000000Z
1575014640000,7340.00000001,7555.0,7340.00000001,7555.0,0.03450881,2019-11-29T08:04:00.000000Z
1575014700000,7555.0,7555.0,7555.0,7555.0,0.00145109,2019-11-29T08:05:00.000000Z
1575014880000,7335.0,7555.0,7335.0,7555.0,0.00028942,2019-11-29T08:08:00.000000Z
1575014940000,7330.0,7555.0,7330.0,7555.0,0.09916663,2019-11-29T08:09:00.000000Z
1575015420000,7554.0,7555.0,7554.0,7555.0,0.06601655,2019-11-29T08:17:00.000000Z
1575015600000,7554.0,7555.0,7554.0,7555.0,0.003457,2019-11-29T08:20:00.000000Z
1575015660000,7555.0,7555.0,7555.0,7555.0,0.003453,2019-11-29T08:21:00.000000Z
1575015720000,7540.0,7555.0,7540.0,7555.0,0.006922,2019-11-29T08:22:00.000000Z
1575015840000,7510.0,7510.0,7510.0,7510.0,0.002,2019-11-29T08:24:00.000000Z
1575016260000,7499.99999999,7555.0,7499.99999999,7555.0,0.44512991,2019-11-29T08:31:00.000000Z
1575016380000,7545.0,7545.0,7545.0,7545.0,0.0958953,2019-11-29T08:33:00.000000Z
1575016560000,7475.001,7475.001,7475.0,7475.0,0.00200655,2019-11-29T08:36:00.000000Z
1575016860000,7500.00000001,7564.99999999,7500.00000001,7555.0,0.010395,2019-11-29T08:41:00.000000Z
1575017220000,7475.001,7475.001,7475.001,7475.001,0.00200678,2019-11-29T08:47:00.000000Z
1575017460000,7500.00000012,7500.00000012,7500.00000012,7500.00000012,0.00201124,2019-11-29T08:51:00.000000Z
1575017520000,7500.00000012,7500.00000012,7500.00000012,7500.00000012,0.00200161,2019-11-29T08:52:00.000000Z
1575017580000,7500.00000011,7500.00000011,7500.00000011,7500.00000011,0.00263643,2019-11-29T08:53:00.000000Z
1575017640000,7500.0000001,7500.0000001,7500.0000001,7500.0000001,0.003466,2019-11-29T08:54:00.000000Z
1575017940000,7465.001,7465.001,7465.001,7465.001,0.00138797,2019-11-29T08:59:00.000000Z
1575018120000,7435.001,7435.001,7435.001,7435.001,0.00200637,2019-11-29T09:02:00.000000Z
1575018180000,7440.0,7440.0,7440.0,7440.0,0.002,2019-11-29T09:03:00.000000Z
1575018240000,7455.00000001,7455.00000001,7455.00000001,7455.00000001,0.00200211,2019-11-29T09:04:00.000000Z
1575018300000,7440.0,7440.0,7440.0,7440.0,0.00200158,2019-11-29T09:05:00.000000Z
1575018840000,7440.0,7440.0,7440.0,7440.0,0.003,2019-11-29T09:14:00.000000Z
1575019080000,7440.0,7440.0,7440.0,7440.0,3.76e-06,2019-11-29T09:18:00.000000Z
1575021000000,7574.999,7574.999,7574.999,7574.999,0.00136503,2019-11-29T09:50:00.000000Z
1575021900000,7500.0,7500.0,7500.0,7500.0,0.00369782,2019-11-29T10:05:00.000000Z
1575022500000,7580.0,7580.0,7580.0,7580.0,0.001,2019-11-29T10:15:00.000000Z
1575023160000,7584.99999997,7584.99999997,7584.99999997,7584.99999997,0.00315956,2019-11-29T10:26:00.000000Z
1575026040000,7520.001,7520.001,7520.0,7520.0,0.01135847,2019-11-29T11:14:00.000000Z
1575027720000,7579.99899999,7580.0,7579.99899999,7580.0,0.17076898,2019-11-29T11:42:00.000000Z
1575028980000,7500.00000001,7590.00099998,7460.0,7590.00099998,0.40122801,2019-11-29T12:03:00.000000Z
1575030180000,7590.00099998,7590.00099998,7590.00099998,7590.00099998,0.003426,2019-11-29T12:23:00.000000Z
1575030240000,7590.00099997,7590.00099998,7590.00099997,7590.00099998,0.53693107,2019-11-29T12:24:00.000000Z
1575030300000,7594.99999996,7594.99999996,7594.99999996,7594.99999996,0.03,2019-11-29T12:25:00.000000Z
1575030360000,7560.0,7560.0,7560.0,7560.0,0.11360634,2019-11-29T12:26:00.000000Z
1575034500000,7654.99999999,7673.82496,7654.99999999,7673.82496,0.13255133,2019-11-29T13:35:00.000000Z
1575036000000,7795.0,7795.0,7795.0,7795.0,0.00399115,2019-11-29T14:00:00.000000Z
1575036060000,7795.0,7795.0,7795.0,7795.0,0.00141546,2019-11-29T14:01:00.000000Z
1575036300000,7795.0,7795.0,7795.0,7795.0,5e-07,2019-11-29T14:05:00.000000Z
1575036900000,7650.0,7650.0,7650.0,7650.0,1.2e-07,2019-11-29T14:15:00.000000Z
1575036960000,7650.0,7650.0,7650.0,7650.0,1.4e-07,2019-11-29T14:16:00.000000Z
1575037020000,7795.0,7805.0,7795.0,7805.0,0.42098897,2019-11-29T14:17:00.000000Z
1575038040000,7585.001,7585.001,7585.001,7585.001,2.6e-07,2019-11-29T14:34:00.000000Z
1575039780000,7794.99899999,7799.99999999,7794.99899999,7799.99999999,0.00500955,2019-11-29T15:03:00.000000Z
1575039840000,7800.0,7800.0,7795.0,7795.0,0.002,2019-11-29T15:04:00.000000Z
1575041280000,7650.0,7650.0,7650.0,7650.0,0.01,2019-11-29T15:28:00.000000Z
1575041340000,7794.99899999,7794.99899999,7794.99899999,7794.99899999,0.0092849,2019-11-29T15:29:00.000000Z
1575041400000,7794.99899999,7794.99899999,7755.0,7755.0,0.00096028,2019-11-29T15:30:00.000000Z
1575041460000,7660.0,7660.0,7660.0,7660.0,0.00880476,2019-11-29T15:31:00.000000Z
1575041520000,7750.0,7750.0,7750.0,7750.0,0.00461858,2019-11-29T15:32:00.000000Z
1575041580000,7670.001,7750.0,7670.0,7750.0,0.00429839,2019-11-29T15:33:00.000000Z
1575041700000,7750.0,7750.0,7750.0,7750.0,0.00925993,2019-11-29T15:35:00.000000Z
1575041940000,7799.99899999,7799.99899999,7799.99899999,7799.99899999,0.00464104,2019-11-29T15:39:00.000000Z
1575042180000,7799.99899999,7799.99899999,7799.99899999,7799.99899999,0.00225248,2019-11-29T15:43:00.000000Z
1575042240000,7745.00100001,7745.00100001,7745.00100001,7745.00100001,0.002,2019-11-29T15:44:00.000000Z
1575042900000,7785.0,7785.0,7785.0,7785.0,0.00135381,2019-11-29T15:55:00.000000Z
1575043080000,7799.99999999,7800.0,7799.99999999,7800.0,0.00521815,2019-11-29T15:58:00.000000Z
1575044460000,7800.0,7857.99899999,7750.0,7857.99899999,0.10260239,2019-11-29T16:21:00.000000Z
1575045600000,7857.99899998,7857.99899999,7857.99899998,7857.99899999,0.00817957,2019-11-29T16:40:00.000000Z
1575048540000,7857.99899997,7857.99899997,7857.99899997,7857.99899997,1.067e-05,2019-11-29T17:29:00.000000Z
1575048600000,7665.001,7665.001,7665.0,7665.0,0.02789014,2019-11-29T17:30:00.000000Z
1575050040000,7857.99799999,7857.99799999,7857.99799999,7857.99799999,0.00924139,2019-11-29T17:54:00.000000Z
1575050340000,7857.998,7857.99899998,7857.998,7857.99899998,0.00144675,2019-11-29T17:59:00.000000Z
1575050580000,7857.99899999,7857.99899999,7857.99899999,7857.99899999,0.01635633,2019-11-29T18:03:00.000000Z
1575050640000,7857.99899999,7857.99899999,7857.99899999,7857.99899999,0.00453605,2019-11-29T18:04:00.000000Z
1575052200000,7855.0,7855.0,7855.0,7855.0,0.05439832,2019-11-29T18:30:00.000000Z
1575054960000,7855.0,7855.0,7855.0,7855.0,0.00021534,2019-11-29T19:16:00.000000Z
1575057540000,7720.00100001,7720.00100001,7720.00100001,7720.00100001,0.0011185,2019-11-29T19:59:00.000000Z
1575058080000,7720.00100001,7720.00100001,7720.00100001,7720.00100001,0.00811159,2019-11-29T20:08:00.000000Z
1575058260000,7720.00100001,7720.00100001,7720.00100001,7720.00100001,0.03230265,2019-11-29T20:11:00.000000Z
1575062040000,7740.001,7740.001,7740.001,7740.001,0.00224238,2019-11-29T21:14:00.000000Z
1575063300000,7740.001,7740.001,7740.001,7740.001,0.00111995,2019-11-29T21:35:00.000000Z
1575063360000,7740.001,7740.001,7740.001,7740.001,0.00225256,2019-11-29T21:36:00.000000Z
1575063420000,7740.001,7740.001,7740.001,7740.001,0.00157655,2019-11-29T21:37:00.000000Z
1575070860000,7745.09999999,7745.1,7745.09999999,7745.1,0.03219797,2019-11-29T23:41:00.000000Z
1575073080000,7745.09999999,7760.0,7745.09999999,7760.0,0.03215387,2019-11-30T00:18:00.000000Z
1575073320000,7849.99999999,7849.99999999,7849.99999999,7849.99999999,2.238e-05,2019-11-30T00:22:00.000000Z
1575074400000,7675.001,7850.0,7665.0,7850.0,0.01971756,2019-11-30T00:40:00.000000Z
1575075060000,7849.99999999,7849.99999999,7849.99999999,7849.99999999,8e-08,2019-11-30T00:51:00.000000Z
1575079260000,7854.99999999,7854.99999999,7854.99999999,7854.99999999,0.00616312,2019-11-30T02:01:00.000000Z
1575079320000,7854.99999999,7854.99999999,7854.99999999,7854.99999999,0.01430437,2019-11-30T02:02:00.000000Z
1575080280000,7685.001,7685.001,7680.00100001,7680.00100001,0.00201366,2019-11-30T02:18:00.000000Z
1575088080000,7725.0,7725.0,7725.0,7725.0,5.816e-05,2019-11-30T04:28:00.000000Z
1575088140000,7725.001,7725.001,7725.0,7725.0,0.41584429,2019-11-30T04:29:00.000000Z
1575088320000,7685.0,7685.0,7685.0,7685.0,0.001,2019-11-30T04:32:00.000000Z
1575088380000,7849.99899999,7849.99899999,7849.99899999,7849.99899999,0.0009741,2019-11-30T04:33:00.000000Z
1575089460000,7700.0,7700.0,7700.0,7700.0,0.0001,2019-11-30T04:51:00.000000Z
1575090180000,7700.0,7700.0,7700.0,7700.0,0.0001,2019-11-30T05:03:00.000000Z
1575091080000,7729.99999999,7729.99999999,7729.99999999,7729.99999999,0.00012923,2019-11-30T05:18:00.000000Z
1575091140000,7729.99999999,7729.99999999,7729.99999999,7729.99999999,0.00014171,2019-11-30T05:19:00.000000Z
1575091200000,7685.0,7685.0,7685.0,7685.0,0.0001,2019-11-30T05:20:00.000000Z
1575091800000,7849.99899999,7849.99899999,7849.99899999,7849.99899999,9.741e-05,2019-11-30T05:30:00.000000Z
1575094920000,7844.99899999,7844.99899999,7844.99899999,7844.99899999,0.00032131,2019-11-30T06:22:00.000000Z
1575103020000,7839.99899999,7840.0,7839.99899999,7840.0,0.03126504,2019-11-30T08:37:00.000000Z
1575113400000,7680.00100001,7680.00100001,7680.00100001,7680.00100001,0.00113252,2019-11-30T11:30:00.000000Z
1575113520000,7680.00100001,7680.00100001,7680.00100001,7680.00100001,0.0045944,2019-11-30T11:32:00.000000Z
1575113580000,7680.00100001,7680.00100001,7680.00100001,7680.00100001,0.00113252,2019-11-30T11:33:00.000000Z
1575113640000,7680.00100001,7680.00100001,7665.00100001,7665.00100001,0.04661572,2019-11-30T11:34:00.000000Z
1575115140000,7660.00100002,7660.00100002,7650.0,7650.0,0.20715501,2019-11-30T11:59:00.000000Z
1575115200000,7645.0,7645.0,7645.0,7645.0,0.207155,2019-11-30T12:00:00.000000Z
1575115680000,7655.001,7655.001,7655.001,7655.001,0.00129675,2019-11-30T12:08:00.000000Z
1575117780000,7680.0,7680.0,7680.0,7680.0,0.002,2019-11-30T12:43:00.000000Z
1575122820000,7642.508,7642.508,7628.854,7628.854,0.00513584,2019-11-30T14:07:00.000000Z
1575123840000,7628.854,7628.854,7586.07,7586.07,0.00536765,2019-11-30T14:24:00.000000Z
1575127080000,7585.001,7585.001,7585.001,7585.001,6.163e-05,2019-11-30T15:18:00.000000Z
1575128280000,7585.001,7585.001,7557.851,7557.851,0.00200348,2019-11-30T15:38:00.000000Z
1575128460000,7557.851,7557.851,7540.0,7540.0,0.002,2019-11-30T15:41:00.000000Z
1575128580000,7450.00000001,7450.00000001,7450.00000001,7450.00000001,0.002,2019-11-30T15:43:00.000000Z
1575129060000,7455.0,7455.0,7455.0,7455.0,0.00026827,2019-11-30T15:51:00.000000Z
1575131340000,7579.99899999,7580.0,7579.99899999,7580.0,0.01033606,2019-11-30T16:29:00.000000Z
1575131460000,7595.0,7595.0,7595.0,7595.0,0.0328343,2019-11-30T16:31:00.000000Z
1575132720000,7555.00000001,7600.0,7555.00000001,7600.0,0.000265,2019-11-30T16:52:00.000000Z
1575132780000,7600.0,7600.0,7600.0,7600.0,6.5e-05,2019-11-30T16:53:00.000000Z
1575132840000,7460.0,7460.0,7460.0,7460.0,6.5e-05,2019-11-30T16:54:00.000000Z
1575132900000,7645.0,7645.0,7645.0,7645.0,0.00019483,2019-11-30T16:55:00.000000Z
1575132960000,7460.0,7460.0,7460.0,7460.0,0.00019483,2019-11-30T16:56:00.000000Z
1575134820000,7500.0,7500.0,7500.0,7500.0,6.5e-05,2019-11-30T17:27:00.000000Z
1575163200000,7450.00000003,7450.00000003,7445.005,7445.005,0.04858303,2019-12-01T01:20:00.000000Z
1575163260000,7445.005,7445.005,7420.492,7425.0,0.11142985,2019-12-01T01:21:00.000000Z
1575169800000,7425.0,7425.0,7300.00000002,7300.00000002,0.014855,2019-12-01T03:10:00.000000Z
1575170580000,7300.00000003,7300.00000003,7295.00100001,7295.00100001,0.0072488,2019-12-01T03:23:00.000000Z
1575170700000,7295.00100002,7295.00100002,7295.00100002,7295.00100002,0.0379557,2019-12-01T03:25:00.000000Z
1575171180000,7300.0,7305.0,7300.0,7305.0,0.03413785,2019-12-01T03:33:00.000000Z
1575171240000,7305.0,7305.0,7305.0,7305.0,0.0001,2019-12-01T03:34:00.000000Z
1575175500000,7345.0,7345.0,7344.99999999,7345.0,0.06790376,2019-12-01T04:45:00.000000Z
1575175680000,7345.0,7345.0,7345.0,7345.0,0.03395188,2019-12-01T04:48:00.000000Z
1575175920000,7350.0,7350.0,7350.0,7350.0,0.03392878,2019-12-01T04:52:00.000000Z
1575176340000,7834.99899999,7834.99899999,7834.99899999,7834.99899999,1.359e-05,2019-12-01T04:59:00.000000Z
1575182400000,7834.99899994,7834.99899994,7834.99899994,7834.99899994,1.235e-05,2019-12-01T06:40:00.000000Z
1575182940000,7834.99899992,7834.99899992,7296.0,7296.0,0.00411212,2019-12-01T06:49:00.000000Z
1575183000000,7296.0,7296.0,7296.0,7296.0,0.0068781,2019-12-01T06:50:00.000000Z
1575183060000,7296.0,7305.0,7296.0,7305.0,0.03552382,2019-12-01T06:51:00.000000Z
1575184140000,7310.0,7310.0,7310.0,7310.0,0.0002,2019-12-01T07:09:00.000000Z
1575186780000,7310.0,7310.0,7295.00100001,7295.00100001,0.0085,2019-12-01T07:53:00.000000Z
1575188640000,7295.00100001,7295.00100001,7295.00100001,7295.00100001,0.00050078,2019-12-01T08:24:00.000000Z
1575189120000,7295.00100001,7295.00100001,7295.00100001,7295.00100001,0.00349949,2019-12-01T08:32:00.000000Z
1575189720000,7825.0,7825.0,7825.0,7825.0,0.0005,2019-12-01T08:42:00.000000Z
1575189900000,7220.00000001,7220.00000001,7220.00000001,7220.00000001,0.0005,2019-12-01T08:45:00.000000Z
1575191580000,7220.00100001,7220.00100001,7220.00100001,7220.00100001,0.02058087,2019-12-01T09:13:00.000000Z
1575192420000,7300.0,7300.0,7300.0,7300.0,0.01,2019-12-01T09:27:00.000000Z
1575193560000,7220.0,7300.0,7220.0,7300.0,0.03870845,2019-12-01T09:46:00.000000Z
1575193800000,7300.0,7310.0,7300.0,7310.0,0.03413083,2019-12-01T09:50:00.000000Z
1575194820000,7310.0,7310.0,7310.0,7310.0,0.002,2019-12-01T10:07:00.000000Z
1575198000000,7330.0,7330.0,7330.0,7330.0,0.000311,2019-12-01T11:00:00.000000Z
1575207780000,7450.0,7450.0,7450.0,7450.0,0.03347336,2019-12-01T13:43:00.000000Z
1575213360000,7450.0,7450.0,7400.0,7400.0,0.017434,2019-12-01T15:16:00.000000Z
1575213840000,7400.0,7400.0,7400.0,7400.0,0.01,2019-12-01T15:24:00.000000Z
1575213900000,7400.0,7400.0,7400.0,7400.0,0.02388352,2019-12-01T15:25:00.000000Z
1575214740000,7400.0,7400.0,7400.0,7400.0,0.00367008,2019-12-01T15:39:00.000000Z
1575214860000,7400.0,7400.0,7400.0,7400.0,0.00868889,2019-12-01T15:41:00.000000Z
1575216360000,7400.0,7400.0,7400.0,7400.0,0.00030652,2019-12-01T16:06:00.000000Z
1575241680000,7400.0,7400.0,7400.0,7400.0,7.445e-05,2019-12-01T23:08:00.000000Z
1575242100000,7400.0,7400.0,7400.0,7400.0,0.00162569,2019-12-01T23:15:00.000000Z
1575246480000,7400.00000001,7400.00000001,7400.0,7400.0,0.03087509,2019-12-02T00:28:00.000000Z
1575248820000,7300.0,7380.0,7300.0,7380.0,0.03389194,2019-12-02T01:07:00.000000Z
1575249000000,7380.0,7385.0,7380.0,7385.0,0.03376805,2019-12-02T01:10:00.000000Z
1575249180000,7385.0,7385.0,7385.0,7385.0,0.03525993,2019-12-02T01:13:00.000000Z
1575249240000,7385.0,7385.0,7385.0,7385.0,0.08130277,2019-12-02T01:14:00.000000Z
1575249480000,7380.0,7380.0,7380.0,7380.0,0.07511242,2019-12-02T01:18:00.000000Z
1575249540000,7230.0,7230.0,7230.0,7230.0,0.0001,2019-12-02T01:19:00.000000Z
1575252960000,7235.0,7814.99899999,7235.0,7814.99899999,0.00709619,2019-12-02T02:16:00.000000Z
1575253020000,7220.0,7220.0,7220.0,7220.0,0.00462983,2019-12-02T02:17:00.000000Z
1575253140000,7799.99999999,7799.99999999,7799.99999999,7799.99999999,0.00995364,2019-12-02T02:19:00.000000Z
1575253200000,7799.99999999,7799.99999999,7215.00000002,7215.00000002,0.00692413,2019-12-02T02:20:00.000000Z
1575256740000,7280.00000001,7400.0,7280.00000001,7400.0,0.05283364,2019-12-02T03:19:00.000000Z
1575258540000,7400.0,7400.0,7400.0,7400.0,1.639e-05,2019-12-02T03:49:00.000000Z
1575262680000,7395.0,7395.0,7395.0,7395.0,0.06744464,2019-12-02T04:58:00.000000Z
1575262800000,7395.0,7395.0,7395.0,7395.0,0.03372232,2019-12-02T05:00:00.000000Z
1575262920000,7395.0,7395.0,7305.00000002,7395.0,0.06779567,2019-12-02T05:02:00.000000Z
1575266760000,7280.00000001,7280.00000001,7280.00000001,7280.00000001,0.00710376,2019-12-02T06:06:00.000000Z
1575266820000,7280.00000001,7280.00000001,7280.00000001,7280.00000001,0.01405036,2019-12-02T06:07:00.000000Z
1575266880000,7280.00000001,7280.00000001,7275.00100001,7275.00100001,0.01,2019-12-02T06:08:00.000000Z
1575267720000,7275.00100001,7275.00100001,7275.00100001,7275.00100001,6.873e-05,2019-12-02T06:22:00.000000Z
1575269280000,7220.0,7220.0,7220.0,7220.0,0.0193558,2019-12-02T06:48:00.000000Z
1575273420000,7221.0,7221.0,7221.0,7221.0,0.00440009,2019-12-02T07:57:00.000000Z
1575289740000,7600.00000001,7600.00000001,7600.0,7600.0,1e-06,2019-12-02T12:29:00.000000Z
1575289860000,7600.00000001,7600.00000001,7600.0,7600.0,9.98e-06,2019-12-02T12:31:00.000000Z
1575289920000,7600.00000001,7600.00000001,7600.0,7600.0,5.26e-06,2019-12-02T12:32:00.000000Z
1575289980000,7599.99999998,7599.99999998,7599.99999998,7599.99999998,2.8e-07,2019-12-02T12:33:00.000000Z
1575294900000,7599.99999996,7599.99999996,7599.99999996,7599.99999996,6.24e-06,2019-12-02T13:55:00.000000Z
1575308280000,7599.99999995,7599.99999996,7599.99999995,7599.99999996,0.0166885,2019-12-02T17:38:00.000000Z
1575308340000,7599.99999996,7599.99999996,7599.99999996,7599.99999996,0.0045204,2019-12-02T17:39:00.000000Z
1575318900000,7225.00100013,7225.00100013,7225.00100013,7225.00100013,0.01785378,2019-12-02T20:35:00.000000Z
1575318960000,7799.99899999,7799.99899999,7225.00100012,7225.00100012,0.0199474,2019-12-02T20:36:00.000000Z
1575336480000,7300.0,7300.0,7225.00100025,7225.00100025,0.02622603,2019-12-03T01:28:00.000000Z
1575337440000,7225.00100025,7225.00100025,7225.00100025,7225.00100025,0.00580025,2019-12-03T01:44:00.000000Z
1575346620000,7335.0,7335.0,7335.0,7335.0,0.3491056,2019-12-03T04:17:00.000000Z
1575347220000,7330.0,7330.0,7330.0,7330.0,0.00142847,2019-12-03T04:27:00.000000Z
1575348120000,7330.0,7330.0,7330.0,7330.0,0.00080846,2019-12-03T04:42:00.000000Z
1575349620000,7225.00100028,7225.00100028,7225.00100028,7225.00100028,0.00350742,2019-12-03T05:07:00.000000Z
1575350040000,7225.00100028,7225.00100028,7225.00100028,7225.00100028,0.03506198,2019-12-03T05:14:00.000000Z
1575350760000,7225.00100028,7225.00100028,7225.00100028,7225.00100028,0.00017461,2019-12-03T05:26:00.000000Z
1575360840000,7230.0,7230.0,7230.0,7230.0,3.5e-07,2019-12-03T08:14:00.000000Z
1575361860000,7579.99999999,7579.99999999,7290.0,7290.0,0.03786518,2019-12-03T08:31:00.000000Z
1575362040000,7579.99999999,7579.99999999,7579.99999999,7579.99999999,0.01003393,2019-12-03T08:34:00.000000Z
1575362280000,7579.99999999,7585.0,7579.99999999,7585.0,0.916565,2019-12-03T08:38:00.000000Z
1575362340000,7585.0,7585.0,7585.0,7585.0,0.199457,2019-12-03T08:39:00.000000Z
1575362400000,7585.0,7585.0,7585.0,7585.0,0.27756768,2019-12-03T08:40:00.000000Z
1575362460000,7585.0,7585.0,7585.0,7585.0,1.00772724,2019-12-03T08:41:00.000000Z
1575362520000,7585.0,7585.0,7579.99999999,7579.99999999,1.56108217,2019-12-03T08:42:00.000000Z
1575362580000,7579.99999999,7579.99999999,7579.99999999,7579.99999999,0.191036,2019-12-03T08:43:00.000000Z
1575362640000,7579.99999999,7579.99999999,7579.99999999,7579.99999999,0.194555,2019-12-03T08:44:00.000000Z
1575362700000,7579.99999999,7579.99999999,7579.99999999,7579.99999999,0.198075,2019-12-03T08:45:00.000000Z
1575362760000,7579.99999999,7579.99999999,7579.99999999,7579.99999999,0.191125,2019-12-03T08:46:00.000000Z
1575362820000,7579.99999999,7579.99999999,7579.99999999,7579.99999999,0.34637139,2019-12-03T08:47:00.000000Z
1575362880000,7579.99999999,7579.99999999,7579.99999999,7579.99999999,0.0278,2019-12-03T08:48:00.000000Z
1575363000000,7586.2510503,7586.2510503,7579.99999999,7579.99999999,0.0235079,2019-12-03T08:50:00.000000Z
1575364740000,7240.00000002,7586.25105029,7240.00000002,7586.25105029,0.00054154,2019-12-03T09:19:00.000000Z
1575366060000,7586.25105029,7586.25105029,7586.25105029,7586.25105029,0.00014226,2019-12-03T09:41:00.000000Z
1575374100000,7261.0,7261.0,7225.00200037,7225.00200037,0.0270675,2019-12-03T11:55:00.000000Z
1575375900000,7225.00200037,7225.00200037,7225.00200037,7225.00200037,2.53e-06,2019-12-03T12:25:00.000000Z
1575380820000,7225.00300038,7225.00300038,7225.00300038,7225.00300038,1.85e-06,2019-12-03T13:47:00.000000Z
1575413580000,7799.99899997,7799.99899997,7799.99899997,7799.99899997,1.3e-07,2019-12-03T22:53:00.000000Z
1575417480000,7799.998,7799.998,7799.998,7799.998,6.905e-05,2019-12-03T23:58:00.000000Z
1575419700000,7236.00000016,7236.00000016,7236.00000005,7236.00000005,0.07369266,2019-12-04T00:35:00.000000Z
1575419760000,7236.00000005,7236.00000005,7236.00000005,7236.00000005,0.0085,2019-12-04T00:36:00.000000Z
1575419820000,7236.00000005,7236.00000005,7235.00100003,7235.00100003,0.03905,2019-12-04T00:37:00.000000Z
1575419880000,7235.00100003,7235.00100003,7235.00100001,7235.00100001,0.032172,2019-12-04T00:38:00.000000Z
1575419940000,7235.00100001,7235.00100001,7235.00100001,7235.00100001,0.02445,2019-12-04T00:39:00.000000Z
1575420060000,7235.00100001,7235.00100001,7235.00100001,7235.00100001,0.00775521,2019-12-04T00:41:00.000000Z
1575423120000,7225.00300041,7225.00300041,7225.00300038,7225.00300038,0.032669,2019-12-04T01:32:00.000000Z
1575423180000,7225.00300038,7225.00300038,7225.00300038,7225.00300038,0.00259374,2019-12-04T01:33:00.000000Z
1575423360000,7225.00300038,7225.00300038,7225.00300038,7225.00300038,0.00123275,2019-12-04T01:36:00.000000Z
1575424380000,7225.00300038,7235.00100001,7225.00300038,7235.00100001,0.05132287,2019-12-04T01:53:00.000000Z
1575425340000,7235.00100001,7235.00100001,7225.00200034,7225.00200034,0.087641,2019-12-04T02:09:00.000000Z
1575425940000,7225.00200034,7225.00200034,7225.00200034,7225.00200034,0.005378,2019-12-04T02:19:00.000000Z
1575426360000,7225.00200034,7225.00200034,7225.00200034,7225.00200034,0.03258809,2019-12-04T02:26:00.000000Z
1575426660000,7225.00100012,7225.00100012,7205.002,7205.002,0.0151,2019-12-04T02:31:00.000000Z
1575426720000,7205.002,7300.0,7205.002,7300.0,0.00277916,2019-12-04T02:32:00.000000Z
1575429780000,7199.99999999,7200.0,7199.99999999,7200.0,0.09887546,2019-12-04T03:23:00.000000Z
1575430500000,7199.99999999,7200.0,7199.99999999,7200.0,0.00455222,2019-12-04T03:35:00.000000Z
1575432300000,7249.99999999,7250.0,7249.99999999,7250.0,0.00414325,2019-12-04T04:05:00.000000Z
1575433620000,7250.0,7250.0,7250.0,7250.0,0.006,2019-12-04T04:27:00.000000Z
1575435240000,7315.0,7315.0,7315.0,7315.0,0.02223492,2019-12-04T04:54:00.000000Z
1575436800000,7250.0,7250.0,7200.0,7200.0,0.003,2019-12-04T05:20:00.000000Z
1575438300000,7699.99999999,7699.99999999,7699.99999999,7699.99999999,1.77e-06,2019-12-04T05:45:00.000000Z
1575441840000,7699.99799997,7699.99799997,7699.99799997,7699.99799997,0.00025971,2019-12-04T06:44:00.000000Z
1575445200000,7699.99699999,7699.99699999,7699.99699999,7699.99699999,1.014e-05,2019-12-04T07:40:00.000000Z
1575450900000,7699.99699993,7699.99699993,7699.99699993,7699.99699993,0.00196055,2019-12-04T09:15:00.000000Z
1575451080000,7500.0,7500.0,7500.0,7500.0,0.00208416,2019-12-04T09:18:00.000000Z
1575451620000,7699.99699993,7699.99699993,7699.99699993,7699.99699993,0.00195373,2019-12-04T09:27:00.000000Z
1575452280000,7699.99699993,7699.99699993,7699.99699993,7699.99699993,0.00048794,2019-12-04T09:38:00.000000Z
1575459420000,7200.00000012,7200.00000012,7200.00000012,7200.00000012,0.00398769,2019-12-04T11:37:00.000000Z
1575459600000,7200.00000012,7200.00000012,7200.00000012,7200.00000012,0.01062964,2019-12-04T11:40:00.000000Z
1575460860000,7522.99899999,7522.999,7522.99899999,7522.999,0.00212467,2019-12-04T12:01:00.000000Z
1575460980000,7522.999,7522.999,7522.999,7522.999,0.00198957,2019-12-04T12:03:00.000000Z
1575461220000,7522.999,7523.0,7522.999,7523.0,0.00198911,2019-12-04T12:07:00.000000Z
1575461460000,7523.0,7523.0,7523.0,7523.0,0.00198678,2019-12-04T12:11:00.000000Z
1575461520000,7523.0,7523.0,7523.0,7523.0,0.00197367,2019-12-04T12:12:00.000000Z
1575461580000,7523.0,7523.0,7523.0,7523.0,0.00198769,2019-12-04T12:13:00.000000Z
1575461760000,7523.0,7523.0,7523.0,7523.0,0.00199809,2019-12-04T12:16:00.000000Z
1575461880000,7523.0,7523.0,7523.0,7523.0,0.00198852,2019-12-04T12:18:00.000000Z
1575461940000,7523.0,7523.0,7523.0,7523.0,0.00200811,2019-12-04T12:19:00.000000Z
1575462000000,7523.0,7523.0,7523.0,7523.0,0.00199377,2019-12-04T12:20:00.000000Z
1575462120000,7523.0,7523.0,7523.0,7523.0,0.00199787,2019-12-04T12:22:00.000000Z
1575462180000,7522.99999999,7522.99999999,7522.99999999,7522.99999999,1.857e-05,2019-12-04T12:23:00.000000Z
1575462240000,7522.99999999,7522.99999999,7522.99999999,7522.99999999,0.00197597,2019-12-04T12:24:00.000000Z
1575462360000,7522.99999999,7522.99999999,7522.99999999,7522.99999999,0.00197708,2019-12-04T12:26:00.000000Z
1575462480000,7522.99999999,7522.99999999,7522.99999999,7522.99999999,0.00171055,2019-12-04T12:28:00.000000Z
1575462660000,7522.99999999,7522.99999999,7522.99999999,7522.99999999,0.00026203,2019-12-04T12:31:00.000000Z
1575462840000,7523.0,7523.0,7523.0,7523.0,0.00200343,2019-12-04T12:34:00.000000Z
1575465780000,7522.99999996,7590.00000001,7522.99999995,7590.00000001,0.113766,2019-12-04T13:23:00.000000Z
1575465840000,7590.00000001,7699.99699994,7590.00000001,7699.99699994,0.01707881,2019-12-04T13:24:00.000000Z
1575467880000,7699.99699994,7699.99699994,7699.99699994,7699.99699994,0.00356658,2019-12-04T13:58:00.000000Z
1575467940000,7699.99699994,7699.99699994,7699.99699994,7699.99699994,0.00184872,2019-12-04T13:59:00.000000Z
1575468900000,7435.001,7435.001,7435.001,7435.001,0.00091065,2019-12-04T14:15:00.000000Z
1575471240000,7450.0,7450.0,7450.0,7450.0,1.3e-07,2019-12-04T14:54:00.000000Z
1575487200000,7470.001,7470.001,7470.001,7470.001,0.00149566,2019-12-04T19:20:00.000000Z
1575492300000,7470.001,7470.001,7470.001,7470.001,2.34565631,2019-12-04T20:45:00.000000Z
1575492360000,7470.001,7470.001,7470.001,7470.001,1.45252093,2019-12-04T20:46:00.000000Z
1575492420000,7470.001,7470.001,7470.001,7470.001,0.17239636,2019-12-04T20:47:00.000000Z
1575492960000,7450.00000003,7450.00000003,7450.00000003,7450.00000003,0.0035004,2019-12-04T20:56:00.000000Z
1575493020000,7450.00000003,7450.00000003,7430.0,7430.0,0.01930631,2019-12-04T20:57:00.000000Z
1575502320000,7470.0009919,7470.0009919,7470.0009919,7470.0009919,0.00093474,2019-12-04T23:32:00.000000Z
1575510480000,7300.0,7300.0,7300.0,7300.0,0.01824532,2019-12-05T01:48:00.000000Z
1575510600000,7249.99999999,7249.99999999,7249.99999999,7249.99999999,0.00890756,2019-12-05T01:50:00.000000Z
1575510660000,7220.0,7220.0,7220.0,7220.0,0.00751232,2019-12-05T01:51:00.000000Z
1575512340000,7299.999999,7299.999999,7299.999999,7299.999999,0.00184878,2019-12-05T02:19:00.000000Z
1575512400000,7299.999999,7299.999999,7299.999999,7299.999999,0.00186457,2019-12-05T02:20:00.000000Z
1575512520000,7299.99999799,7299.99999799,7299.99999799,7299.99999799,0.00356569,2019-12-05T02:22:00.000000Z
1575513000000,7299.99999999,7299.99999999,7299.99999999,7299.99999999,0.00163642,2019-12-05T02:30:00.000000Z
1575513120000,7299.99999999,7299.99999999,7299.99999999,7299.99999999,0.00491645,2019-12-05T02:32:00.000000Z
1575513180000,7299.99999999,7299.99999999,7299.99999999,7299.99999999,0.00163885,2019-12-05T02:33:00.000000Z
1575518760000,7299.99999999,7299.99999999,7299.99999999,7299.99999999,2.098e-05,2019-12-05T04:06:00.000000Z
1575520800000,7299.99999999,7469.9999868,7299.99999999,7469.9999868,0.00399827,2019-12-05T04:40:00.000000Z
1575522480000,7469.99998679,7469.99998679,7469.99998679,7469.99998679,0.00050724,2019-12-05T05:08:00.000000Z
1575524160000,7469.99998679,7470.001,7469.99998679,7470.001,0.007024,2019-12-05T05:36:00.000000Z
1575525360000,7470.00099999,7470.001,7470.00099999,7470.001,0.003518,2019-12-05T05:56:00.000000Z
1575528060000,7220.0,7220.0,7220.0,7220.0,0.0091428,2019-12-05T06:41:00.000000Z
1575528120000,7470.001,7470.001,7470.001,7470.001,0.00366513,2019-12-05T06:42:00.000000Z
1575534600000,7470.00099999,7470.00099999,7470.00099999,7470.00099999,1.649e-05,2019-12-05T08:30:00.000000Z
1575536520000,7470.00099999,7470.001,7470.00099999,7470.001,0.003496,2019-12-05T09:02:00.000000Z
1575536580000,7470.001,7470.001,7470.001,7470.001,0.02860905,2019-12-05T09:03:00.000000Z
1575538080000,7799.99699999,7799.99699999,7799.99699999,7799.99699999,1.154e-05,2019-12-05T09:28:00.000000Z
1575550260000,7799.99699997,7799.99699999,7799.99699997,7799.99699999,0.02426722,2019-12-05T12:51:00.000000Z
1575550620000,7799.997,7799.997,7799.997,7799.997,3.09e-06,2019-12-05T12:57:00.000000Z
1575558000000,7799.99699999,7799.99699999,7799.99699999,7799.99699999,2.88e-06,2019-12-05T15:00:00.000000Z
1575559200000,7350.0,7350.0,7350.0,7350.0,0.09121403,2019-12-05T15:20:00.000000Z
1575564420000,7350.0,7350.0,7350.0,7350.0,0.015,2019-12-05T16:47:00.000000Z
1575588600000,7799.89999999,7799.89999999,7799.89999999,7799.89999999,0.00014105,2019-12-05T23:30:00.000000Z
1575592080000,7580.0,7580.00000001,7370.00000001,7580.00000001,0.00029543,2019-12-06T00:28:00.000000Z
1575597600000,7580.0,7580.0,7580.0,7580.0,1.139e-05,2019-12-06T02:00:00.000000Z
1575600420000,7580.0,7580.0,7580.0,7580.0,0.03640871,2019-12-06T02:47:00.000000Z
1575633240000,7370.62900001,7370.62900001,7370.62900001,7370.62900001,0.00013558,2019-12-06T11:54:00.000000Z
1575638700000,7370.62900002,7370.62900002,7370.62900002,7370.62900002,0.00013527,2019-12-06T13:25:00.000000Z
1575654840000,7579.999,7580.0,7579.999,7580.0,0.003458,2019-12-06T17:54:00.000000Z
1575658740000,7450.00100001,7450.00100001,7450.00100001,7450.00100001,0.19086605,2019-12-06T18:59:00.000000Z
1575658800000,7450.00100001,7450.00100001,7450.00100001,7450.00100001,0.19827219,2019-12-06T19:00:00.000000Z
1575658860000,7450.00100001,7450.00100001,7450.00100001,7450.00100001,0.01086176,2019-12-06T19:01:00.000000Z
1575658920000,7450.002,7450.002,7450.002,7450.002,0.04732733,2019-12-06T19:02:00.000000Z
1575659040000,7450.002,7450.002,7450.002,7450.002,0.00158111,2019-12-06T19:04:00.000000Z
1575659100000,7450.00100001,7450.00100001,7450.00100001,7450.00100001,0.011,2019-12-06T19:05:00.000000Z
1575673320000,7579.999,7580.0,7579.999,7580.0,0.010396,2019-12-06T23:02:00.000000Z
1575676560000,7580.0,7580.0,7580.0,7580.0,0.03031525,2019-12-06T23:56:00.000000Z
1575681900000,7580.001,7580.001,7580.0,7580.0,0.0055,2019-12-07T01:25:00.000000Z
1575683940000,7580.0,7580.0,7579.999,7580.0,0.09702,2019-12-07T01:59:00.000000Z
1575684420000,7580.0,7580.0,7580.0,7580.0,0.006922,2019-12-07T02:07:00.000000Z
1575685020000,7579.999,7579.999,7579.999,7579.999,0.02734267,2019-12-07T02:17:00.000000Z
1575686220000,7580.0,7580.0,7580.0,7580.0,4.575e-05,2019-12-07T02:37:00.000000Z
1575686400000,7580.0,7580.0,7579.999,7579.999,0.0569093,2019-12-07T02:40:00.000000Z
1575693060000,7580.0,7580.0,7580.0,7580.0,0.00011442,2019-12-07T04:31:00.000000Z
1575694320000,7585.0,7585.0,7585.0,7585.0,0.0015561,2019-12-07T04:52:00.000000Z
1575694980000,7585.0,7585.0,7585.0,7585.0,0.024232,2019-12-07T05:03:00.000000Z
1575695160000,7585.0,7585.0,7585.0,7585.0,0.03107832,2019-12-07T05:06:00.000000Z
1575699600000,7580.0,7580.0,7579.999,7579.999,0.02118495,2019-12-07T06:20:00.000000Z
1575711900000,7625.0,7625.0,7579.99899909,7579.99899909,0.00552348,2019-12-07T09:45:00.000000Z
1575719160000,7579.99899693,7579.99899693,7579.99899693,7579.99899693,0.00275663,2019-12-07T11:46:00.000000Z
1575724440000,7530.00000002,7530.00000002,7530.00000002,7530.00000002,0.00900776,2019-12-07T13:14:00.000000Z
1575724500000,7530.00000002,7530.00000002,7530.00000002,7530.00000002,0.009152,2019-12-07T13:15:00.000000Z
1575724560000,7530.00000002,7530.00000002,7530.00000002,7530.00000002,0.07401855,2019-12-07T13:16:00.000000Z
1575724920000,7530.00000002,7530.00000002,7530.00000002,7530.00000002,9e-08,2019-12-07T13:22:00.000000Z
1575725340000,7579.99899908,7579.99899908,7579.99899908,7579.99899908,3.816e-05,2019-12-07T13:29:00.000000Z
1575729420000,7530.00000002,7579.99899909,7530.00000002,7579.99899909,0.01293299,2019-12-07T14:37:00.000000Z
1575732300000,7579.99899745,7579.99899745,7579.99899745,7579.99899745,0.00433947,2019-12-07T15:25:00.000000Z
1575732480000,7579.99899745,7579.99899745,7579.99899745,7579.99899745,0.00431782,2019-12-07T15:28:00.000000Z
1575732660000,7579.99899745,7579.99899745,7579.99899745,7579.99899745,0.00134271,2019-12-07T15:31:00.000000Z
1575733980000,7579.99899745,7579.99899745,7579.99899745,7579.99899745,0.11171959,2019-12-07T15:53:00.000000Z
1575734040000,7579.99899745,7799.998,7579.99899745,7799.998,0.055452,2019-12-07T15:54:00.000000Z
1575734700000,7590.0,7590.0,7590.0,7590.0,0.00054765,2019-12-07T16:05:00.000000Z
1575754260000,7540.00100001,7540.00100001,7540.00100001,7540.00100001,0.0648908,2019-12-07T21:31:00.000000Z
1575754320000,7540.00100001,7540.00100001,7540.00100001,7540.00100001,0.18819,2019-12-07T21:32:00.000000Z
1575754380000,7540.00100001,7540.00100001,7540.00100001,7540.00100001,0.149855,2019-12-07T21:33:00.000000Z
1575760620000,7540.001,7540.001,7540.0,7540.0,0.00288052,2019-12-07T23:17:00.000000Z
1575765720000,7540.00000001,7540.00000001,7540.00000001,7540.00000001,0.01597632,2019-12-08T00:42:00.000000Z
1575766980000,7540.00000001,7540.00000001,7540.00000001,7540.00000001,0.05744395,2019-12-08T01:03:00.000000Z
1575767340000,7540.00000001,7540.00000001,7540.00000001,7540.00000001,0.00130013,2019-12-08T01:09:00.000000Z
1575767400000,7540.00000001,7540.00000001,7540.00000001,7540.00000001,0.085319,2019-12-08T01:10:00.000000Z
1575767460000,7540.00000001,7540.00000001,7540.0,7540.0,0.01772378,2019-12-08T01:11:00.000000Z
1575767820000,7530.001,7530.001,7530.0,7530.0,0.12098942,2019-12-08T01:17:00.000000Z
1575767880000,7519.0,7519.0,7518.0,7518.0,0.0269221,2019-12-08T01:18:00.000000Z
1575770280000,7430.00000004,7430.00000004,7430.00000004,7430.00000004,0.01572671,2019-12-08T01:58:00.000000Z
1575770340000,7430.00000004,7430.00000004,7430.00000004,7430.00000004,0.3361668,2019-12-08T01:59:00.000000Z
1575770460000,7430.00000004,7430.00000004,7430.00000004,7430.00000004,0.00106884,2019-12-08T02:01:00.000000Z
1575770880000,7430.00000004,7430.00000004,7430.00000004,7430.00000004,0.00756568,2019-12-08T02:08:00.000000Z
1575771180000,7674.99999999,7799.998,7674.99999999,7799.998,0.15419972,2019-12-08T02:13:00.000000Z
1575771240000,7799.998,7799.998,7799.998,7799.998,0.18751358,2019-12-08T02:14:00.000000Z
1575771300000,7430.001,7430.001,7430.001,7430.001,0.02919412,2019-12-08T02:15:00.000000Z
1575771360000,7430.001,7799.99999999,7430.001,7799.99999999,0.02260338,2019-12-08T02:16:00.000000Z
1575771420000,7799.99999999,7799.99999999,7799.99999999,7799.99999999,0.01558411,2019-12-08T02:17:00.000000Z
1575774120000,7649.999,7649.9999,7649.999,7649.9999,0.00628712,2019-12-08T03:02:00.000000Z
1575774180000,7649.9999,7649.9999,7649.9999,7649.9999,0.00012328,2019-12-08T03:03:00.000000Z
1575774420000,7430.00100001,7430.00100001,7430.00100001,7430.00100001,0.00114982,2019-12-08T03:07:00.000000Z
1575774540000,7649.99989999,7649.99989999,7649.99989999,7649.99989999,0.00114969,2019-12-08T03:09:00.000000Z
1575778980000,7430.001,7649.99899999,7430.00000004,7649.99899999,0.00761841,2019-12-08T04:23:00.000000Z
1575779040000,7649.999,7649.9999,7649.999,7649.9999,0.00424463,2019-12-08T04:24:00.000000Z
1575780780000,7649.9999,7649.9999,7649.9999,7649.9999,6.273e-05,2019-12-08T04:53:00.000000Z
1575781260000,7649.9999,7649.9999,7649.9999,7649.9999,0.003495,2019-12-08T05:01:00.000000Z
1575781380000,7649.9999,7649.9999,7649.9999,7649.9999,0.003499,2019-12-08T05:03:00.000000Z
1575781500000,7649.9999,7649.9999,7649.9999,7649.9999,0.003497,2019-12-08T05:05:00.000000Z
1575782940000,7415.001,7415.001,7370.629,7370.629,0.04,2019-12-08T05:29:00.000000Z
1575783060000,7799.99999999,7799.99999999,7799.99999999,7799.99999999,0.0001,2019-12-08T05:31:00.000000Z
1575787500000,7459.113,7459.113,7459.113,7459.113,0.00171526,2019-12-08T06:45:00.000000Z
1575787860000,7459.113,7459.113,7459.113,7459.113,0.00028474,2019-12-08T06:51:00.000000Z
1575789720000,7669.99799999,7669.99799999,7669.99799999,7669.99799999,5.6e-05,2019-12-08T07:22:00.000000Z
1575797460000,7669.99799999,7669.998,7669.99799999,7669.998,0.00232,2019-12-08T09:31:00.000000Z
1575797520000,7695.998,7695.998,7695.998,7695.998,5.7e-05,2019-12-08T09:32:00.000000Z
1575809640000,7799.99999999,7839.999,7799.99999999,7839.999,0.00503273,2019-12-08T12:54:00.000000Z
1575817740000,7719.999,7719.999,7719.999,7719.999,0.003467,2019-12-08T15:09:00.000000Z
1575819000000,7719.999,7719.999,7719.999,7719.999,0.00085129,2019-12-08T15:30:00.000000Z
1575831960000,7699.99999996,7699.99999996,7699.99999996,7699.99999996,0.00034108,2019-12-08T19:06:00.000000Z
1575846960000,7668.0,7668.0,7668.0,7668.0,0.00349,2019-12-08T23:16:00.000000Z
1575848220000,7668.0,7668.0,7668.0,7668.0,0.00253699,2019-12-08T23:37:00.000000Z
1575856680000,7540.00100001,7540.00100001,7540.0,7540.0,0.19533617,2019-12-09T01:58:00.000000Z
1575856740000,7540.001,7540.001,7540.0,7540.0,0.0652708,2019-12-09T01:59:00.000000Z
1575857220000,7540.0,7540.0,7540.0,7540.0,0.06539779,2019-12-09T02:07:00.000000Z
1575857280000,7540.0,7540.0,7540.0,7540.0,0.06553098,2019-12-09T02:08:00.000000Z
